category,subtype,value,co2e
consumption,services,1108.5646338700697,13.549
energy,renewable,8.345691509872552,-3.08
transport,car-gasoline,1.1648655386014013,0.2157
consumption,clothing,1.4675541674268242,0.0319
energy,renewable,142.85226509273258,1.295
consumption,other,479.1214927773453,10.699
travel,train,359.8039066869385,15.039
consumption,electronics,4658.024437806981,326.361
travel,car-electric,129.09041992671288,6.147
food,red-meat,2.0980045734748995,57.037
consumption,other,4669.4508818451,93.635
energy,coal,233.27348621562336,242.501
food,beef,1.0837385343581716,29.2624
food,vegan,2.356803742966044,4.113
food,other,1.3579346430182089,3.693
energy,renewable,162.29637623017584,4.286
consumption,services,5321.260406805145,52.686
energy,electricity-grid,736.4926536460216,525.23
food,vegetarian,0.728565672154273,1.935
travel,train,9.98204438366228,0.378
food,white-meat,2.567895371069058,17.725
energy,coal,186.77554604986028,197.917
consumption,home-goods,7001.636951808339,210.707
consumption,services,159.73306256640518,1.312
transport,train,0.819243212310863,0.0489
food,vegan,0.7839682934466872,1.304
energy,electricity-grid,0.6412862457110344,0.4502
travel,walking,149.37715467890283,-0.181
food,vegan,1.4568229782944282,1.786
transport,car-gasoline,1.2827081548247583,0.2327
food,fish,2.333319771792156,11.781
energy,electricity-grid,0.9674024536162033,0.6927
travel,bus,30.21691369274562,3.731
energy,natural_gas,467.2613656741825,210.265
food,red-meat,2.1749248102416416,58.467
food,vegetarian,1.9655204154762724,4.303
travel,flight-short,206.10320643354564,52.225
energy,renewable,766.4792272876185,14.283
travel,bicycle,357.31797702958346,0.821
food,beef,0.5906064854525226,15.9606
consumption,clothing,4702.061304452969,70.076
transport,car-gasoline,1.5239253340768495,0.2809
food,vegan,1.0953121081349968,1.731
energy,renewable,166.33427488899196,5.174
travel,flight-short,386.7714318070357,98.828
consumption,other,6312.081679157937,126.425
energy,natural_gas,253.06242139901784,114.234
food,white-meat,1.643076049048861,10.435
travel,car-gasoline,477.7120085654602,91.662
food,fish,1.383693687820947,7.321
food,vegan,0.974831915575898,1.42
food,other,1.0386572681893251,3.677
food,white-meat,0.5122111650506298,3.503
food,beef,1.5559170319047309,42.0293
energy,natural_gas,858.647948097003,387.776
energy,electricity-grid,997.5206130415024,704.519
food,white-meat,0.675253700668605,4.659
travel,train,263.9936904919141,10.57
travel,flight-long,262.0258242409043,38.771
food,beef,1.1694583154132752,31.5697
consumption,other,8487.318348460274,170.399
consumption,clothing,7654.230001137126,113.902
energy,renewable,621.7092935315516,12.333
food,other,1.0233709984602468,3.697
energy,electricity-grid,519.7933799496609,366.688
consumption,electronics,8795.385523600442,617.221
transport,train,1.3273621599397742,0.0506
transport,car-gasoline,0.4777314611855033,0.0831
consumption,other,5158.137430488924,103.598
food,beef,0.6828209988055616,18.4542
food,vegetarian,1.0088388062045122,1.035
food,vegetarian,2.092053660710882,5.201
travel,motorcycle,353.3034848243483,38.597
energy,electricity-grid,81.87278237957244,58.704
food,vegetarian,0.8973119171104289,1.755
food,vegetarian,2.432100208566258,5.264
travel,flight-long,25.02327515319837,3.311
consumption,services,4057.187080176313,39.805
transport,car-gasoline,1.1537470866067223,0.204
energy,renewable,666.950467794493,13.718
food,beef,1.3225440402483306,35.7022
energy,natural_gas,325.00455025782964,147.628
travel,flight-short,444.9363644757656,113.42
consumption,clothing,1.116789280026714,0.017
energy,natural_gas,671.5995544039034,306.382
consumption,home-goods,7186.772077311375,214.971
travel,flight-long,288.0065118978158,43.474
food,white-meat,1.1484993470046343,7.465
transport,car-gasoline,0.7582842273563404,0.1299
consumption,electronics,8432.454390722336,589.373
food,red-meat,2.540083755755171,68.55
consumption,electronics,527.2772078657849,36.763
food,white-meat,1.518455697797851,10.457
consumption,clothing,9206.710069583956,138.07
energy,coal,34.390148863068255,35.433
consumption,home-goods,8442.617732798864,252.152
travel,motorcycle,255.70581201311188,28.456
food,beef,0.8489613678926158,22.9346
food,white-meat,1.278780747534965,8.676
food,fish,0.589914390533532,2.37
energy,electricity-grid,189.04396756927656,135.689
food,vegetarian,1.1712501904937385,2.0
energy,renewable,336.3381592060206,7.624
travel,bus,170.96147912406454,18.118
food,beef,1.0831127394904867,29.242
food,white-meat,1.9771656684877863,14.638
energy,electricity-grid,512.7024929693746,363.944
travel,train,435.4186340979575,17.434
food,other,1.6517804283706887,4.454
travel,walking,235.62111375563583,0.286
travel,bicycle,61.1972996791998,-0.038
energy,electricity-grid,0.966757876633358,0.6954
food,fish,1.7160125888404454,8.092
energy,renewable,188.5346832865598,6.387
consumption,other,4324.54729731304,88.093
food,vegan,1.7592294030936115,2.787
transport,car-gasoline,0.4931771591739732,0.0926
travel,car-electric,54.86391360858571,2.442
consumption,home-goods,1283.1949829311725,36.379
food,beef,0.6196980045664175,16.731
travel,bus,333.7664636149099,35.347
energy,renewable,566.2847097529334,7.606
food,beef,0.5630131838094641,15.2134
consumption,clothing,0.6389547109903133,0.0188
food,fish,2.9623757909041104,14.391
consumption,services,7428.096660653553,74.964
travel,flight-short,109.38733974791408,27.694
energy,natural_gas,446.5095895470097,203.616
food,fish,1.8003371194617122,8.337
food,other,1.209695453976783,3.089
consumption,clothing,108.9857426019376,2.745
food,vegetarian,2.860236964825911,6.076
consumption,electronics,8562.085249224778,598.454
food,vegan,1.8865512280278625,2.5
consumption,electronics,685.9176434439539,47.501
travel,train,308.309731030567,13.096
food,red-meat,1.7261227418398748,46.71
consumption,clothing,1.035516728927121,-0.0003
energy,natural_gas,245.4103995501084,111.652
energy,renewable,223.1389434434221,2.7
food,fish,0.6501829208874561,3.717
travel,train,119.38729466090324,5.474
travel,train,361.4040316281401,15.252
energy,renewable,474.7807659559766,10.136
food,beef,1.2086698596686989,32.6279
transport,train,1.1203170841257897,0.0455
energy,electricity-grid,0.4110970546068109,0.2682
food,red-meat,0.5133724717355571,14.06
energy,coal,429.7203424663636,447.675
food,vegetarian,2.1228849120771818,4.734
consumption,home-goods,1586.428696182924,47.755
travel,walking,411.2294771395125,0.655
transport,train,1.0239411845518738,0.0403
travel,bus,326.4599055131908,33.941
food,beef,1.646440696196006,44.4437
consumption,home-goods,1484.1498566944815,43.019
energy,renewable,312.87754683256026,7.88
travel,flight-short,251.59531015529004,63.818
food,red-meat,1.6390640383880004,44.693
consumption,electronics,6803.821036028267,475.643
energy,renewable,225.09424029467272,3.884
energy,electricity-grid,697.578143634803,493.436
consumption,services,4497.513586907108,46.832
food,vegan,1.5453267074273278,3.371
food,beef,1.0961790020560045,29.6152
energy,electricity-grid,0.217897936363371,0.1387
travel,motorcycle,2.3527388077505056,0.639
travel,bicycle,37.52476596045337,0.884
consumption,services,1837.946291780465,18.431
food,white-meat,1.2102603730685826,8.912
travel,car-electric,112.58360281365933,5.673
food,beef,1.7646380048017438,47.6519
travel,motorcycle,379.75888692388605,42.192
energy,natural_gas,884.5942488691624,399.668
travel,flight-short,449.12909043091616,114.241
consumption,clothing,1.1316114183309869,0.0367
food,vegan,2.72555167638639,4.204
food,vegan,1.9581904928477416,2.498
consumption,electronics,1046.6847960614325,72.147
consumption,clothing,9046.702515146657,134.746
transport,train,1.1259950141682002,0.0524
energy,coal,447.2678127312618,467.111
transport,car-gasoline,1.0062316055238203,0.1957
energy,coal,18.48071577340121,20.536
food,red-meat,0.6854404889857806,18.724
food,fish,0.8214489462791728,4.655
consumption,services,5408.041674913344,53.156
consumption,other,781.827265813978,16.361
travel,bus,72.76336080709204,7.692
travel,flight-short,477.9564173766554,121.319
energy,coal,859.7857000072539,900.193
energy,coal,19.512702360738952,21.297
energy,coal,120.09123239773278,126.012
food,vegan,2.436682342954496,4.244
travel,car-electric,332.1051486363386,16.245
energy,natural_gas,416.801840786504,187.369
consumption,clothing,6358.307635789081,96.363
consumption,clothing,0.9549757883415286,0.0249
transport,train,0.8185262921356393,0.0388
travel,train,475.7634753705543,19.53
energy,natural_gas,71.62591157618182,30.802
travel,bicycle,295.8257970239364,-0.236
travel,walking,26.766103459381902,0.399
energy,natural_gas,183.48971185542848,83.029
energy,natural_gas,717.4034479037214,322.064
travel,bus,380.0316226472013,39.239
transport,train,0.9511391015620804,0.0404
energy,electricity-grid,0.765463679479976,0.5338
energy,electricity-grid,851.9385483218812,605.453
energy,electricity-grid,501.7743689811036,359.308
travel,motorcycle,2.167355922263352,-0.043
energy,renewable,595.2084114631118,8.948
travel,car-electric,105.666720894157,5.395
energy,renewable,61.84103116639383,-0.542
travel,car-electric,41.59304154030798,1.356
energy,natural_gas,126.44001305861411,57.671
travel,motorcycle,309.12327330423057,34.015
consumption,clothing,1.1549867171053685,0.0392
consumption,services,6314.930280612951,63.772
consumption,services,5273.094138222502,50.032
food,fish,1.6038350259472425,8.779
energy,coal,680.880105472699,714.145
transport,train,1.1067984387430831,0.0425
consumption,services,7188.472786238624,71.031
energy,electricity-grid,1.2109159675349308,0.8536
food,vegetarian,1.8896770354973984,3.688
consumption,clothing,7947.488386562863,118.529
energy,electricity-grid,0.6320368621704398,0.4301
food,vegan,1.3370458617836276,1.708
travel,walking,213.967663763038,0.075
energy,renewable,684.1044126889847,15.341
consumption,home-goods,5687.311832139897,170.526
travel,flight-short,294.1393485128031,74.732
transport,train,0.4579178370638265,0.0003
consumption,other,9329.82488754462,187.629
energy,coal,932.4157934920772,978.591
consumption,services,2512.68597926955,25.67
transport,car-gasoline,1.8638969250672548,0.3482
food,other,1.889780042685801,5.537
consumption,other,5798.470913100377,114.181
food,beef,1.6796582326092806,45.3438
transport,train,0.2149878021916313,0.0041
energy,coal,856.636909359811,896.6
food,other,2.1547539411798216,6.188
travel,walking,273.80200894432096,-0.074
transport,car-gasoline,0.6113131282892292,0.1084
travel,flight-long,129.68595503116794,19.538
travel,motorcycle,239.46134556309897,25.707
consumption,services,9113.245102824116,91.217
travel,car-gasoline,108.80963114083193,21.559
consumption,clothing,1.376661356376202,0.0421
food,white-meat,2.0075346584114704,14.869
consumption,electronics,2786.7917544209786,194.334
energy,electricity-grid,1.07955826893967,0.7689
food,other,1.4340141488351477,4.083
food,vegan,2.464172874694548,4.195
food,vegetarian,2.039315133612932,4.17
travel,bicycle,361.630771891416,-0.386
consumption,other,3901.319768243368,77.349
energy,electricity-grid,783.7165807644114,556.645
travel,bicycle,105.7111554333483,-0.325
travel,flight-short,125.5843364207338,32.708
travel,motorcycle,108.09940855614262,12.02
food,other,1.7479245831566543,4.924
energy,renewable,757.5256952972252,13.04
energy,electricity-grid,0.732926138122711,0.5243
consumption,electronics,8059.86242586315,563.434
energy,electricity-grid,0.707526303634384,0.4857
energy,electricity-grid,1.5037266319580205,1.0652
consumption,services,6802.561899969523,67.844
energy,renewable,566.505574801717,10.211
consumption,electronics,1787.768151280913,124.753
transport,car-gasoline,0.902547977712828,0.1656
consumption,clothing,1.1696998211900045,0.0166
consumption,other,6912.531341528002,138.443
consumption,services,4924.820944786364,47.582
consumption,services,2028.3438763504755,19.716
food,beef,1.1895089447435392,32.1377
transport,car-gasoline,0.8580581707703137,0.1545
energy,coal,737.6725343676343,777.007
consumption,home-goods,7260.807537728154,219.249
food,white-meat,0.922812156610445,6.051
consumption,clothing,1.0884978815955069,0.0048
travel,car-gasoline,121.6842931593254,23.493
energy,natural_gas,316.2176474824724,139.717
consumption,clothing,4840.281692278175,72.585
consumption,clothing,5914.294907848766,88.83
consumption,clothing,5855.184565373305,87.806
food,fish,2.004953382436131,9.947
travel,car-gasoline,209.9664919211445,40.505
travel,bicycle,9.456884779900916,0.336
food,fish,1.888812670156799,9.994
food,vegan,2.8945755436881915,4.556
food,vegetarian,0.6180621912368871,1.045
travel,car-electric,287.1013234719738,13.742
consumption,clothing,4161.373636938745,62.455
energy,electricity-grid,0.6445158597573094,0.4653
food,vegan,1.50313145800932,1.166
travel,flight-long,1.6146857480465178,1.061
energy,electricity-grid,1.195852505876061,0.8559
travel,bicycle,161.4263549226931,-0.349
travel,motorcycle,413.5726150767301,45.437
consumption,services,6954.112852647807,67.632
energy,coal,649.0342704040071,682.309
consumption,services,6556.316406374111,66.53
transport,car-gasoline,0.8176469058511924,0.1616
energy,electricity-grid,242.417261898366,173.674
energy,coal,309.4934730742657,322.909
consumption,clothing,1991.9874196480616,30.358
energy,electricity-grid,629.1052810449329,444.03
travel,motorcycle,400.9670188296118,44.644
transport,train,0.7091210205627702,0.0276
consumption,services,843.9017801583037,9.308
food,other,0.7613197196892356,2.342
consumption,other,9120.389021274728,181.957
travel,bicycle,382.9127842520541,-0.149
energy,electricity-grid,674.6192801263246,476.579
transport,car-gasoline,0.2787652953019509,0.0545
energy,electricity-grid,578.3132215813943,410.896
food,other,1.7610618651585923,5.486
energy,renewable,14.64802378513881,0.648
travel,car-electric,238.62913769771808,11.557
travel,car-electric,174.77947804462687,8.797
consumption,clothing,4439.950967018677,65.814
food,beef,0.550721143864088,14.8775
food,beef,1.0858114277989006,29.3125
food,red-meat,2.9864854680548505,81.45
food,beef,1.2033146141422495,32.4766
travel,bus,30.487851149048385,3.446
consumption,other,8300.358710501681,166.238
transport,car-gasoline,1.1583060606100497,0.2235
consumption,electronics,5116.990242503608,357.517
energy,electricity-grid,202.6399935283944,142.439
food,beef,0.6596086282988185,17.8144
consumption,services,3674.693009002111,36.412
consumption,other,2043.490971911639,41.021
food,beef,0.7205212258964766,19.4539
energy,electricity-grid,391.36439717730747,276.109
travel,motorcycle,173.26634825804436,19.597
travel,train,76.64594232524959,3.749
food,vegan,2.6332119964180047,4.335
food,white-meat,2.040635101427031,13.416
food,vegan,2.7444895159800646,4.463
travel,flight-short,302.14034563163096,77.558
travel,bicycle,334.8251391024001,-0.925
energy,electricity-grid,1.6673912657336034,1.1836
food,other,2.544908735872884,7.675
food,vegan,1.3291446104425435,2.11
consumption,clothing,2775.452962767542,41.011
travel,bicycle,215.01455255165823,-0.346
food,white-meat,1.8513816884723104,13.52
transport,car-gasoline,1.0658231562514588,0.2069
energy,coal,900.3638470908684,946.786
travel,train,336.0680951849363,13.186
travel,motorcycle,41.35561034198164,5.44
travel,walking,347.8771324697493,-0.718
energy,natural_gas,450.8322013476943,206.2
consumption,home-goods,1523.9325240630117,45.226
energy,natural_gas,405.9200352863064,179.824
consumption,clothing,6961.983709489728,103.679
food,beef,1.0917275667152089,29.4632
consumption,clothing,6629.974424754324,99.262
consumption,clothing,8873.00719986175,132.285
transport,train,0.8100261511115009,0.0267
energy,coal,323.77660196467093,343.049
energy,natural_gas,538.8565843076707,243.448
energy,electricity-grid,0.90214996678349,0.6303
travel,flight-short,68.00315060023549,17.333
food,beef,0.5219565758959177,14.0997
travel,bus,93.07598865883227,9.499
food,beef,1.4378603263641092,38.8214
consumption,clothing,3609.960012125574,52.376
energy,natural_gas,696.9922988853236,315.858
energy,coal,739.3523305709601,778.241
energy,electricity-grid,0.8507762622471959,0.5899
energy,natural_gas,937.1718359747572,419.54
transport,train,0.2028254737279294,0.0012
travel,flight-short,290.46432850005783,74.877
energy,electricity-grid,877.4731026797058,619.905
consumption,electronics,3356.176750400367,236.279
energy,electricity-grid,975.4349573170604,690.463
energy,electricity-grid,1.5714570176058222,1.107
energy,coal,521.0232934675536,543.726
energy,electricity-grid,1.4022235388024713,1.0234
energy,coal,805.6268969706863,846.45
transport,car-gasoline,0.6577231199305088,0.1176
consumption,clothing,0.8105682720727974,0.0109
transport,car-gasoline,1.8677082940502732,0.3569
food,red-meat,1.5160157170024886,41.629
energy,natural_gas,890.7677970063805,400.815
food,vegan,2.5566436712010683,3.891
energy,electricity-grid,24.98103980004397,20.587
food,white-meat,1.5758579342226813,10.965
consumption,clothing,1.50022289860416,0.0254
food,vegetarian,2.1268109608345007,4.066
transport,train,0.9160368835568156,0.0411
consumption,clothing,0.8420886972985271,0.0115
travel,flight-long,178.63975065172107,26.187
transport,car-gasoline,1.692873830871026,0.3007
consumption,home-goods,8215.242564519416,245.808
travel,car-electric,19.374111950359698,1.108
consumption,services,860.2055026340083,6.461
travel,car-gasoline,338.37800747579115,66.089
consumption,electronics,4202.611807026206,294.983
consumption,other,9993.681075317154,200.122
consumption,clothing,5582.770485155042,83.853
transport,train,0.0109797480230695,-0.0001
food,fish,1.2871028885218383,6.693
travel,flight-short,80.46362340135298,21.24
food,red-meat,0.6761516941673957,17.788
travel,train,259.1172591643631,10.053
energy,electricity-grid,1.1359389555861323,0.7936
energy,electricity-grid,209.6221045590954,148.566
travel,flight-short,317.41791165678933,80.932
travel,flight-short,432.4398091415633,110.071
energy,electricity-grid,0.9938538209413036,0.7
travel,car-gasoline,104.73524131786763,19.274
consumption,electronics,2310.1334339276154,162.704
consumption,other,6017.20416054726,119.793
travel,motorcycle,323.5829120773273,35.929
food,vegetarian,0.9284957808118812,2.011
travel,car-electric,314.84248054316214,15.722
consumption,home-goods,3947.082101644148,118.851
energy,electricity-grid,873.2357339214634,619.606
consumption,clothing,1204.373001873881,18.195
consumption,electronics,8536.9133310538,596.431
energy,coal,189.605233745671,200.436
energy,electricity-grid,939.7118597822148,666.761
consumption,clothing,0.971711980439915,0.011
energy,renewable,985.189380535584,18.97
energy,natural_gas,441.132954484295,197.889
consumption,electronics,4728.978399021105,330.718
transport,train,1.5827157804362026,0.052
travel,car-gasoline,143.5934039717603,27.494
food,vegan,1.6966121763763122,2.501
travel,car-electric,258.3240344205524,12.913
consumption,electronics,2550.51148706446,178.077
consumption,electronics,2648.212131246486,185.608
travel,bicycle,100.4084221721325,-0.164
travel,flight-short,468.4780399230542,119.033
food,other,2.267008990526263,6.701
travel,motorcycle,25.044820184254817,2.55
energy,natural_gas,543.455134472664,247.421
consumption,electronics,9892.396469904596,691.678
travel,bicycle,98.0846032694652,0.195
food,beef,1.1173264739281896,30.1632
consumption,home-goods,7810.623913768354,234.21
travel,train,26.79672178352196,0.755
consumption,clothing,3062.338326188763,44.356
energy,coal,112.03972890352853,117.014
consumption,services,1310.8806259791368,13.612
food,vegetarian,2.29304807752605,4.897
food,white-meat,1.1639689957684,7.677
food,red-meat,2.9564473074805115,80.56
food,vegetarian,2.338658821494208,4.567
travel,car-gasoline,473.750229543637,91.384
consumption,services,2543.2866871122183,24.079
energy,natural_gas,310.15311386973616,138.649
travel,walking,362.434417368654,-0.216
travel,flight-long,152.66925421912117,22.804
consumption,home-goods,9766.003623198663,292.72
consumption,electronics,3488.52968981954,244.581
food,fish,1.6514563767366663,9.037
travel,bus,295.85557865093267,30.782
travel,flight-long,434.4429608098498,65.52
consumption,clothing,0.9244273713327222,0.0167
transport,train,0.7757781721143191,0.0265
consumption,clothing,1242.9392020914904,18.463
travel,train,237.5110007738475,9.841
food,red-meat,0.8257949702282272,22.843
consumption,electronics,8732.111492011563,612.639
consumption,clothing,2036.869990373383,32.225
food,beef,0.4969418248803812,13.4193
energy,renewable,704.6309806412232,14.361
travel,bus,85.57688059636016,8.815
consumption,clothing,0.2325463636557049,-0.0124
food,other,1.0931359091428432,3.295
food,other,0.5770615467484257,1.723
travel,motorcycle,22.65699086578821,2.914
consumption,electronics,2676.410498612116,189.542
energy,renewable,514.9751127097268,10.086
food,fish,2.86241765910019,15.94
energy,renewable,938.5912536896572,16.038
food,vegetarian,1.2996989416694085,3.423
consumption,clothing,1.028569992174722,0.0133
consumption,home-goods,7629.962286801777,229.072
consumption,services,2623.883649324213,27.969
travel,motorcycle,35.4972603071231,3.458
consumption,clothing,0.830206273386335,0.0121
consumption,electronics,3088.8347831665737,216.871
travel,train,378.6190013386289,15.268
consumption,other,7731.046121781341,154.628
travel,flight-long,280.53094692908104,42.263
energy,electricity-grid,332.6395332311096,233.04
food,vegan,2.9917081948367,4.857
travel,walking,274.91206796459966,-0.192
consumption,home-goods,153.119037354412,3.328
food,fish,1.678304485262671,8.72
travel,walking,157.1187172667099,0.014
consumption,services,146.5185314842701,1.05
travel,car-gasoline,280.3623118421059,53.688
energy,renewable,407.3669748234332,6.409
travel,car-electric,374.66434214469,18.272
consumption,clothing,0.8225902340798399,0.011
transport,car-gasoline,0.9811826206806076,0.2029
consumption,home-goods,7055.652402991238,212.941
travel,flight-long,153.85043589032813,22.994
travel,car-electric,265.93635707525107,14.279
travel,flight-long,390.8796060179053,58.076
travel,walking,126.17940314598394,-0.835
food,vegetarian,0.8639187745830894,1.825
consumption,home-goods,4547.835576969026,138.144
travel,walking,102.58561039563384,-0.014
travel,bus,151.13827659856807,15.342
energy,renewable,391.64183625827127,6.813
consumption,other,7891.783452454929,158.714
food,fish,2.298251522562784,11.526
food,other,1.3142555289442557,4.469
transport,train,0.9929856365266188,0.0335
energy,electricity-grid,1.0978801705846828,0.8003
consumption,clothing,1.1557027685706909,0.0217
transport,train,0.4859648120533896,0.0168
consumption,home-goods,4095.349688659635,122.73
consumption,services,4717.150385200479,46.435
energy,natural_gas,315.5110035222972,139.647
food,white-meat,2.760284151198763,18.846
energy,coal,212.68243610966897,221.52
food,vegan,1.2011376619001384,2.227
consumption,home-goods,1261.575457115676,38.042
energy,renewable,55.45741551038847,1.092
food,red-meat,0.9438947992830568,25.449
food,vegan,2.028737131797998,3.803
energy,electricity-grid,280.13646829189594,198.802
food,red-meat,1.088914836486253,29.322
energy,coal,246.30507531854656,257.545
consumption,other,2317.039721361181,47.231
energy,renewable,250.7229179779609,4.756
travel,car-gasoline,267.19708489618444,51.102
travel,car-electric,175.94319184449188,9.198
energy,electricity-grid,218.69079954376147,154.919
consumption,services,599.4153861665362,6.055
food,vegan,2.981563871132176,3.934
food,vegan,0.9341790923858496,1.923
travel,walking,64.89487363992845,-0.551
consumption,other,7191.717420921497,144.494
energy,coal,374.08448718757256,392.204
food,fish,2.077970195150178,11.324
consumption,clothing,1.3203040733486011,0.0107
food,beef,1.6927033532721407,45.6861
consumption,clothing,7375.984992895043,111.239
consumption,clothing,3060.791919007952,44.152
food,red-meat,2.98149429645415,80.295
transport,train,1.316297602895934,0.0344
energy,renewable,867.1445953036898,20.287
transport,train,1.0074159781156136,0.067
consumption,clothing,5601.112749164568,83.103
energy,natural_gas,408.3702563717565,182.919
energy,electricity-grid,0.4126949252151811,0.2918
travel,bicycle,113.54453107942398,0.222
travel,car-gasoline,173.59285290819085,33.395
food,white-meat,2.946635203344912,20.486
travel,flight-short,258.28241826104585,66.906
food,vegetarian,1.0683051776750685,2.516
consumption,services,4103.180375713026,41.611
travel,train,27.289234152637064,2.418
energy,natural_gas,912.8879996074538,410.402
food,red-meat,1.5957465200829146,42.878
travel,car-electric,272.2328776958803,13.729
travel,flight-short,379.4378145588951,96.089
energy,electricity-grid,999.0504486055412,706.766
travel,car-gasoline,81.65272833321227,16.286
consumption,electronics,129.9170455624482,9.972
food,vegan,0.9117943673574522,1.443
transport,car-gasoline,0.8971135852621218,0.1604
consumption,clothing,2241.4265801584625,34.033
consumption,other,6295.940718844544,125.963
travel,motorcycle,190.82943241216608,20.169
food,vegan,0.5266807196220853,1.097
travel,bus,324.2609055492737,32.538
energy,renewable,588.4124629661987,9.042
travel,walking,465.4479054761788,-0.109
food,fish,1.422544331027932,7.13
energy,coal,11.274211439756336,13.136
energy,electricity-grid,0.4750305297893046,0.3468
energy,renewable,930.711833875608,16.234
energy,renewable,940.9392893896452,16.797
energy,electricity-grid,802.5993826668729,565.39
energy,natural_gas,725.5617972702007,325.099
energy,coal,732.6686480093207,770.124
travel,car-electric,144.23202845428148,7.643
energy,electricity-grid,250.41928378748992,173.96
consumption,home-goods,8287.72501838319,249.971
food,fish,1.2642553395262213,7.52
travel,motorcycle,71.33885413336287,7.63
travel,bus,414.814112859061,43.569
food,beef,1.3199643809963215,35.6444
food,other,2.569812386363281,8.509
food,vegetarian,2.621516379746949,5.222
consumption,electronics,3978.1357162486033,278.921
energy,electricity-grid,458.44239483194434,327.765
transport,car-gasoline,0.2733359585923581,0.0604
travel,train,173.66226725477495,7.151
transport,car-gasoline,0.9760401902742948,0.1712
energy,natural_gas,941.1072117783386,423.226
consumption,services,3746.619773673554,36.63
energy,renewable,361.7136516146962,7.918
food,vegetarian,1.272152248091158,2.943
consumption,services,6563.480875478856,66.313
energy,natural_gas,249.13522513446432,114.836
food,other,0.7527214854355373,2.713
travel,bicycle,283.72110572353785,0.419
transport,car-gasoline,1.6139239224415431,0.2893
energy,renewable,958.1799816846916,19.917
travel,motorcycle,306.2486523709418,33.801
travel,flight-long,380.7996469845359,56.692
travel,motorcycle,46.76036948198206,5.705
consumption,clothing,1.0726711488622378,0.0254
energy,electricity-grid,195.7802247003889,141.625
consumption,services,5507.411678203788,55.512
energy,renewable,20.08010015437211,1.06
food,white-meat,1.8148664422536485,12.047
consumption,electronics,2653.166822603708,183.033
transport,car-gasoline,1.1828702124628123,0.2334
energy,renewable,224.7006632087929,2.696
energy,renewable,96.6333256896529,0.179
energy,electricity-grid,1.100660266271856,0.7904
energy,natural_gas,946.8092791385296,424.681
consumption,electronics,3441.786004148953,240.31
consumption,other,5263.732016273439,108.652
food,white-meat,0.6729354762635429,3.894
food,red-meat,2.694282401742349,72.697
travel,bicycle,284.2028832825175,-0.554
food,red-meat,0.7128590913902053,19.778
food,beef,0.0154277357725878,0.4312
travel,car-electric,131.08656958971565,7.53
travel,train,96.74179503465272,3.311
food,beef,1.0861645610920494,29.3248
food,beef,0.7817364027154271,21.1154
energy,electricity-grid,566.4524064629331,400.189
energy,renewable,908.526117327496,18.534
consumption,electronics,2981.75658547188,208.705
consumption,home-goods,5460.795023305848,162.458
food,vegetarian,2.99724821761543,5.457
transport,car-gasoline,0.7320978800840212,0.1509
food,other,1.0371365160624952,3.522
consumption,other,59.38327314852883,1.013
food,white-meat,0.7420468274680465,4.847
consumption,home-goods,8521.815028494588,256.834
travel,motorcycle,90.09378636511248,9.299
transport,car-gasoline,0.8808354688007716,0.1886
food,red-meat,1.8340423282730272,49.45
travel,bicycle,381.3922069789474,-0.848
consumption,services,5696.484483946783,57.085
food,other,2.74070388040947,8.151
energy,renewable,73.59292199357556,2.357
energy,electricity-grid,182.5415699349284,130.567
energy,natural_gas,296.5282733990395,135.642
food,vegetarian,2.12706987622332,4.563
food,red-meat,2.0192397587440203,53.859
energy,coal,716.2687088481824,754.781
transport,car-gasoline,0.8452826648570697,0.1622
energy,coal,860.8071539670963,905.981
travel,car-gasoline,51.528697392964304,9.947
food,other,1.8882395633204527,6.149
travel,bus,296.5828139680877,31.583
energy,coal,63.502277377232126,64.078
food,vegan,1.120718699077115,2.13
transport,train,1.4883010413018951,0.0784
food,white-meat,1.9070755930365075,13.846
food,other,2.6466801373237403,8.069
energy,renewable,248.15234731128743,4.741
travel,flight-short,495.0531016576736,126.235
travel,flight-long,139.35555720269002,20.519
energy,electricity-grid,486.1612184689429,345.762
travel,train,339.22878695471206,13.132
travel,motorcycle,293.78883166626025,32.646
food,vegan,2.735248840265398,3.807
energy,electricity-grid,851.0019045647733,604.559
travel,flight-short,197.8663775054568,50.302
travel,car-gasoline,212.54846164373768,40.586
energy,electricity-grid,0.9577167676097248,0.6762
food,vegetarian,1.7223773160961302,3.54
consumption,clothing,0.9230442942646356,0.0186
transport,train,0.2913080139537418,0.0154
food,white-meat,0.6355293605149827,4.915
travel,flight-short,380.7578573351407,97.193
food,vegetarian,0.9842926269407446,1.337
consumption,clothing,1.4221483831449413,0.02
food,red-meat,0.9253568504428948,24.065
food,red-meat,1.5657957349767533,42.539
travel,bus,88.87164019396674,8.92
travel,bicycle,294.7770295435286,-0.173
transport,train,0.9677838701500118,0.0427
energy,natural_gas,402.9047343409896,177.498
energy,renewable,581.634262011894,10.335
consumption,services,7058.835164417622,70.06
transport,train,0.7003389380531755,0.0374
energy,renewable,657.0727552368863,10.347
travel,bus,36.55710715486404,3.611
energy,natural_gas,940.5567013144976,422.293
travel,bus,312.42667054673694,32.606
energy,renewable,685.9660975159342,12.778
food,red-meat,1.539435783953935,41.351
consumption,clothing,0.6473304566567265,0.0072
energy,natural_gas,339.90142051266247,155.713
food,beef,1.4578659936994958,39.3614
food,vegetarian,1.4498998806493812,3.082
food,other,2.805769438708962,8.549
food,beef,1.4634173805071122,39.5079
travel,flight-short,324.20887236039783,83.725
consumption,other,9610.996333583147,190.293
consumption,clothing,148.1142469545377,3.436
transport,car-gasoline,0.9918293031011954,0.1968
energy,electricity-grid,0.979195687673182,0.6861
energy,coal,663.8600703195389,700.011
consumption,clothing,9453.919198058333,142.043
energy,electricity-grid,685.7099481025597,481.496
travel,motorcycle,111.81585947596696,12.741
travel,motorcycle,366.8233981852252,39.208
transport,car-gasoline,1.2482847012420717,0.2254
energy,coal,8.956440340705676,9.196
consumption,services,586.2879894181985,4.862
energy,renewable,579.2613278675569,13.694
travel,car-gasoline,369.04530879732056,70.6
food,red-meat,1.7200955607043749,46.248
consumption,clothing,1.181969891226413,-0.001
energy,coal,394.2418847571647,416.123
consumption,services,6144.27059561598,61.797
transport,car-gasoline,0.968882364225033,0.16
energy,electricity-grid,178.14922667071548,127.962
food,fish,1.3345372792730934,7.255
food,vegan,2.915564314264551,3.757
consumption,electronics,6777.6107965844985,472.962
food,red-meat,2.150839576285319,58.744
food,red-meat,1.1258968239271387,30.058
consumption,services,1723.0038046527334,17.31
transport,train,1.4178664942701626,0.052
travel,motorcycle,319.49702632783186,36.212
energy,natural_gas,740.8241585362505,333.759
energy,coal,441.09862071312176,464.332
consumption,clothing,2084.8181699933184,30.887
energy,electricity-grid,492.5624348930182,347.464
consumption,services,131.82015731947067,0.762
energy,coal,821.1600362818417,861.705
food,white-meat,2.1593359017348464,14.999
food,fish,1.6584775220116157,7.872
consumption,clothing,7089.175177742369,108.907
energy,electricity-grid,161.47297900593213,113.236
energy,natural_gas,536.0182610647929,242.768
food,red-meat,2.0984370013569387,56.701
travel,bus,455.0616287833416,47.977
food,other,2.5522980340325008,7.533
travel,train,471.4839317084325,20.142
food,fish,2.625429863012619,13.193
food,beef,1.4117590472541286,38.1128
consumption,electronics,7264.705388031626,508.564
energy,renewable,650.5369792792077,15.109
travel,flight-long,431.8955521658655,63.957
consumption,clothing,6737.538877983051,100.701
energy,coal,143.67149016839448,151.091
food,vegetarian,2.954763305717357,6.28
transport,car-gasoline,0.9923358009673432,0.1853
consumption,clothing,1.7597535043871786,0.0269
food,vegan,1.3079856246434436,1.735
food,beef,0.5049200741438336,13.629
food,red-meat,2.575507210864405,68.921
travel,bicycle,450.7864491446337,-0.614
energy,natural_gas,476.21213019294777,216.557
energy,electricity-grid,769.6731368421352,544.752
food,vegan,2.919924491924889,4.69
travel,motorcycle,476.49550120291593,52.368
consumption,electronics,5678.166579728647,398.414
energy,electricity-grid,0.8719688306911485,0.6223
consumption,clothing,1.3518517186357255,0.0168
consumption,electronics,4356.868512616926,303.301
food,other,1.6069123921547364,4.974
food,white-meat,2.4069976321895137,17.64
consumption,home-goods,3582.200658331618,107.679
consumption,electronics,7642.453007442266,534.512
travel,walking,305.20587481679405,-0.427
energy,renewable,896.6780838105411,17.277
food,beef,0.7311273455306048,19.754
transport,train,0.6266245944508027,0.0297
transport,car-gasoline,0.4900777538908493,0.0896
travel,walking,200.2586419888448,0.192
energy,renewable,484.3187373207866,7.68
food,fish,2.3808379449447123,11.55
food,white-meat,2.9648066474250445,20.785
transport,car-gasoline,0.7928778938679535,0.1573
food,other,0.6400057723475003,2.054
energy,natural_gas,168.6467810503826,76.106
travel,car-gasoline,56.64459394831693,10.004
food,red-meat,2.837055101109504,77.631
transport,car-gasoline,0.7492662716434091,0.1326
travel,bicycle,289.61507158619816,0.602
food,vegan,2.054841834391773,3.618
travel,bus,21.74485666614565,2.353
consumption,clothing,0.9796799526267542,0.0093
energy,electricity-grid,600.1715436555274,426.807
food,other,0.7173489017306354,1.834
food,fish,2.875698059028517,13.506
energy,electricity-grid,276.26103057371034,193.481
travel,walking,197.3304754352322,0.258
consumption,other,9433.33566584432,188.277
energy,electricity-grid,972.4889286378744,687.611
consumption,other,5097.013674315193,102.598
consumption,clothing,7562.038394834174,113.549
food,white-meat,0.5398006681569965,3.943
consumption,electronics,787.382055538863,51.901
food,vegan,1.2289703204028932,2.084
energy,natural_gas,316.7852102354236,142.258
transport,car-gasoline,0.7240849821083579,0.1253
travel,car-gasoline,320.45895746825227,61.017
food,red-meat,1.8917731413821344,50.441
energy,natural_gas,490.91811066632766,218.39
energy,coal,894.0395771593205,935.407
transport,car-gasoline,1.0590552401547666,0.1937
consumption,services,6488.348154275795,64.462
energy,electricity-grid,0.8556322708026863,0.6204
consumption,other,2559.390503638283,51.979
travel,car-gasoline,318.08637918410176,61.03
energy,renewable,979.172403545515,19.622
consumption,other,3246.346733996441,63.627
food,red-meat,1.6863608753963906,45.545
energy,coal,117.80661198986608,124.336
transport,train,1.5502207653452829,0.0579
travel,bicycle,103.28716341249466,0.297
energy,renewable,93.26816758326714,1.431
energy,electricity-grid,0.9840196809586166,0.6707
food,fish,0.9404860154106188,3.983
consumption,services,8091.274059528319,80.801
food,vegetarian,1.4120452407696422,2.688
consumption,home-goods,6750.245216346861,202.625
consumption,services,6489.319331907306,64.963
transport,train,0.4384426594399383,0.0225
energy,coal,649.9064507502048,684.141
energy,renewable,619.3725731338895,11.679
travel,flight-long,380.74295382420064,57.419
food,vegan,2.479902536166789,3.587
travel,bus,290.8850945781361,30.67
energy,natural_gas,615.8053590410146,280.473
consumption,electronics,2831.9639867061583,197.329
consumption,services,8893.026727278837,89.815
consumption,electronics,705.1295368611138,50.618
energy,coal,627.7016061555873,662.41
food,vegan,0.5448946593753774,0.827
travel,bus,155.04067294322442,15.976
travel,motorcycle,156.86220184087128,17.939
energy,electricity-grid,823.9436284033238,583.039
consumption,clothing,0.4859514005741508,-0.0044
food,beef,0.6401289270867986,17.2778
travel,car-gasoline,412.43250940152006,78.494
consumption,clothing,6786.9656209135255,102.017
energy,coal,796.211395024856,834.467
food,fish,2.920055430114347,14.227
consumption,clothing,4436.508371390033,66.144
consumption,services,2427.916548168981,23.891
energy,electricity-grid,873.6607299809694,618.714
food,vegetarian,1.2117194038606791,2.478
travel,car-electric,238.9448906905908,12.045
energy,natural_gas,540.7591073547381,243.698
energy,electricity-grid,861.1842542038086,611.122
travel,car-gasoline,317.54132100598054,60.926
travel,flight-short,495.1905292171876,126.486
food,vegetarian,0.7558304488351579,1.854
energy,natural_gas,386.664884716184,173.821
travel,flight-long,57.62328709905395,8.676
food,red-meat,0.5403116159305372,13.853
food,vegan,0.5117810638056028,0.671
travel,bicycle,9.954893605677425,0.179
travel,car-gasoline,88.43566428080784,16.776
consumption,other,2524.9954995972635,52.369
food,white-meat,2.992019281697135,20.546
energy,renewable,200.146143981712,2.56
consumption,electronics,4833.104862019341,336.817
energy,renewable,532.0405805340445,11.092
travel,train,290.53053787372966,12.51
food,red-meat,1.5487842733437924,41.784
consumption,other,1089.5062088685654,20.022
energy,natural_gas,888.2300707451018,402.545
consumption,clothing,0.4880074905496817,0.0051
energy,electricity-grid,300.6385513082655,212.756
energy,coal,84.87860088327997,90.365
travel,flight-short,253.2221038373145,64.521
energy,renewable,164.20339164002178,0.399
transport,car-gasoline,1.0954400293064404,0.1996
food,vegetarian,2.784318735016148,5.309
energy,natural_gas,886.2955903572158,396.603
food,vegan,0.8062035421257431,1.729
transport,car-gasoline,1.4473992721686733,0.2795
consumption,home-goods,9306.994212474025,278.579
energy,coal,759.5332144115552,792.435
food,vegetarian,2.321592555792248,4.431
energy,coal,40.88261003118747,42.407
food,other,2.8806600363334307,9.75
food,other,1.5333561496779806,3.503
travel,motorcycle,417.9046379547815,46.769
consumption,home-goods,7494.209900335527,226.319
travel,walking,127.8614604905991,-0.084
consumption,home-goods,4665.458953217033,140.932
consumption,electronics,2661.7203244289435,185.583
consumption,clothing,0.8794314043020328,0.0089
consumption,services,1495.898740549429,14.578
food,vegetarian,2.665057976701562,6.214
energy,electricity-grid,1.1450064901127068,0.8219
energy,natural_gas,800.4061413358955,361.945
food,beef,0.8687361260081231,23.451
energy,electricity-grid,1.5697801979629094,1.1091
consumption,other,4456.995275517537,89.117
energy,renewable,357.6254470391952,3.528
travel,train,63.20667792043015,2.344
travel,car-electric,208.90288981150115,10.835
consumption,clothing,0.7871482490408982,0.0211
food,red-meat,1.1706258973057768,32.122
transport,train,1.000188813915634,0.0391
travel,car-electric,31.115689911291334,1.23
transport,train,1.122209586490648,0.0438
travel,bus,474.2782001741162,49.527
travel,bicycle,159.7376652554416,-0.167
energy,electricity-grid,1.0050767056450831,0.723
consumption,services,8264.806291450559,81.646
food,vegan,1.5484695787992149,2.578
travel,train,199.39960458343435,8.492
food,white-meat,1.1587678838021422,7.483
energy,renewable,392.8255756401066,9.977
travel,flight-short,266.70811508715366,68.594
energy,natural_gas,66.21148080889743,27.69
food,vegetarian,2.999353180645232,6.178
travel,car-gasoline,288.8750384285532,54.761
energy,renewable,266.6625221814867,3.395
food,white-meat,2.7040883729385268,19.43
energy,coal,986.576551000296,1034.385
consumption,services,3069.925742537209,30.379
energy,natural_gas,961.5891814054288,432.458
consumption,clothing,1.9354603762218243,0.0359
energy,electricity-grid,1.140348213837086,0.7951
food,red-meat,2.769040965563068,74.274
travel,motorcycle,275.2584058157433,30.06
food,beef,0.9183038041339312,24.8014
consumption,home-goods,4923.789202439889,146.061
consumption,home-goods,1645.0749431799102,51.097
energy,electricity-grid,1.360797381100055,0.9558
food,white-meat,0.7548813739506937,5.351
food,other,2.9801869114783908,8.202
consumption,clothing,7093.227929369332,105.809
consumption,other,5911.87736140258,116.52
energy,coal,546.9298846643511,576.882
energy,renewable,7.428776285298916,1.633
travel,motorcycle,47.37164304531557,5.618
food,beef,0.4067006728408501,10.9844
travel,flight-short,497.3296721384389,126.757
travel,car-electric,325.73350523181495,16.097
food,vegetarian,2.477124194082948,5.042
food,fish,1.838533338778669,9.666
consumption,home-goods,8941.804058450283,268.779
energy,electricity-grid,1.161308910964348,0.8273
energy,natural_gas,220.41529366597445,104.483
consumption,home-goods,4136.468985836104,125.245
consumption,clothing,9821.29887153027,146.748
energy,coal,476.000239517501,498.949
travel,car-gasoline,87.47386571535205,16.456
consumption,electronics,5326.119095101569,369.989
energy,coal,13.894320753010984,15.31
food,red-meat,1.9280322943787929,51.713
food,red-meat,0.8140390328905898,22.329
consumption,home-goods,8391.461314904183,250.573
transport,train,1.3436005731882732,0.0556
transport,train,0.7358121920166816,0.0325
consumption,electronics,7010.61164654375,490.146
consumption,other,4169.982763432403,83.674
energy,renewable,597.5581506843116,10.572
energy,coal,742.788302007581,778.942
energy,coal,773.6076667344674,812.738
food,other,2.027398748580637,6.617
consumption,services,5072.3055194771405,51.463
consumption,clothing,1.2559838762646132,0.0088
food,red-meat,0.5969986368222187,16.4
travel,walking,311.05090412951125,0.248
travel,flight-short,104.34036417010904,26.945
consumption,clothing,1.0350813990897323,0.0199
consumption,clothing,9706.997523106758,143.662
transport,train,0.8528991985941121,0.0426
consumption,clothing,0.85598329046702,0.0222
food,other,1.2274984739116577,2.266
energy,electricity-grid,1.0286152649802414,0.739
travel,flight-long,108.5494045268746,15.985
consumption,services,3463.0039911809363,36.556
travel,flight-long,380.9938052270186,57.351
energy,electricity-grid,260.12901234245305,181.288
consumption,other,6020.144050932324,121.568
travel,flight-long,232.1835329831256,34.744
energy,renewable,259.45223646821887,7.465
transport,train,0.958593457974854,0.0265
consumption,home-goods,1123.1649727274691,32.359
transport,train,0.22377936611854,0.0064
travel,flight-short,409.521030829421,103.987
travel,car-electric,455.4013777666117,23.652
travel,bicycle,214.9223084722304,-0.01
consumption,electronics,150.23293683265297,7.94
energy,natural_gas,481.0793808954318,217.309
travel,car-gasoline,368.3873446655456,69.828
consumption,services,559.5031744437742,5.632
consumption,other,1391.238392773797,26.97
consumption,clothing,0.7834164365585412,0.016
energy,natural_gas,907.1349184546068,411.472
energy,coal,427.4678330954793,449.528
energy,natural_gas,296.6360974071795,135.328
travel,walking,448.4604306302211,0.043
energy,renewable,636.737907251841,13.799
food,beef,1.1657100870054409,31.4767
energy,electricity-grid,569.9277612600573,401.032
transport,car-gasoline,1.3209469731583523,0.2699
consumption,other,9663.47134710364,192.77
food,vegan,1.3479113313125843,1.963
energy,natural_gas,502.96318411300274,226.44
energy,coal,551.0200639068229,579.636
food,beef,1.2038664836000093,32.5142
food,vegetarian,1.9266614474519723,2.862
consumption,clothing,6770.783399331343,101.675
consumption,clothing,0.204412372901663,0.0034
transport,train,0.545975061793085,0.0171
travel,bicycle,484.3001285182462,1.055
consumption,other,3819.926548809424,77.374
consumption,services,2336.769115835734,22.751
energy,electricity-grid,0.5583626755317816,0.3785
transport,car-gasoline,2.0074856397177854,0.4032
energy,coal,981.1367899600676,1034.634
consumption,home-goods,2881.8721323737623,86.61
transport,train,1.303011655683446,0.0633
energy,electricity-grid,381.509472262038,269.609
transport,car-gasoline,1.558804221994609,0.3026
energy,renewable,249.57020799291192,1.819
food,fish,1.163212722715131,4.993
consumption,other,4557.3311032581405,92.989
food,vegetarian,2.439662663006967,5.258
food,white-meat,1.9703592668239955,14.433
consumption,services,543.7650460480786,5.494
food,fish,2.8977807299907345,13.622
energy,natural_gas,401.74682152230577,180.525
travel,car-electric,137.99558674606257,8.19
travel,train,193.7752633651565,7.025
travel,walking,330.7492390313261,0.28
food,fish,1.148038334429966,5.735
food,vegan,1.3355383431502863,2.39
consumption,clothing,0.9642660306174348,0.0112
consumption,clothing,0.6098665289239111,0.0104
food,vegan,1.2349034410257458,2.111
travel,bicycle,113.44106605855158,-0.103
energy,renewable,826.2386198637372,17.206
food,vegan,2.0066749023612624,3.452
travel,walking,354.20971351765456,-1.142
energy,electricity-grid,0.5003317521412438,0.3507
energy,natural_gas,441.29830204317926,199.997
consumption,clothing,0.5335767525686655,0.032
consumption,electronics,3359.8439715747527,235.319
food,white-meat,1.1377180560534954,7.392
travel,bus,26.92633219957994,2.939
energy,electricity-grid,0.5773674257691064,0.4137
travel,train,179.1576426410361,7.52
consumption,other,4955.531174390956,97.826
food,beef,0.8842255237407629,23.8742
consumption,clothing,1.246962836747198,0.0309
energy,natural_gas,604.1931949371669,272.34
food,other,1.5090647381747428,4.041
consumption,home-goods,7115.943124085209,213.849
travel,bicycle,114.13846107883182,-0.569
food,red-meat,0.9709625233371826,26.108
energy,natural_gas,253.0596151426174,114.234
energy,natural_gas,460.895017761692,207.107
consumption,electronics,5969.414408142772,417.75
food,white-meat,2.5615658820022325,17.871
consumption,other,8203.833180921189,164.054
energy,natural_gas,549.3607220084316,246.25
energy,natural_gas,146.18136572808362,66.932
food,white-meat,1.7743387750098427,13.513
food,vegetarian,1.6637174310992484,3.65
consumption,clothing,1198.504229007464,19.162
transport,car-gasoline,0.972737347826225,0.1968
food,vegan,1.0765966005356598,1.272
consumption,home-goods,8442.10656730504,253.638
food,fish,1.9824618693887348,10.325
consumption,other,760.9412370637524,15.047
consumption,home-goods,8239.720913618461,247.155
energy,renewable,857.3737064324213,17.316
travel,bus,139.13033958786158,14.712
travel,motorcycle,326.05877378758026,35.632
energy,electricity-grid,694.1117514104443,488.516
travel,bicycle,203.46983313891545,0.353
consumption,other,2495.215606249584,48.275
travel,bicycle,75.2491887331527,0.437
consumption,electronics,2394.658192243148,167.479
consumption,home-goods,5357.279170492705,159.026
consumption,electronics,4621.858845449145,323.415
travel,motorcycle,375.5567610687883,41.75
travel,bus,448.2144300398341,47.913
consumption,services,7408.268120958884,72.556
travel,flight-short,187.9018906230405,47.742
travel,train,229.0431094215575,9.418
energy,electricity-grid,1.5370837755776376,1.0918
travel,bicycle,454.0015078393354,0.213
travel,flight-long,272.464273012193,40.69
travel,flight-long,190.51310430943568,28.926
consumption,clothing,0.4673582725552019,-0.0005
transport,train,0.902908452714868,0.047
energy,natural_gas,317.6256791455141,141.738
energy,natural_gas,751.9244958508963,341.065
consumption,electronics,6913.920770187845,483.573
food,beef,1.4406958598178377,38.8877
food,white-meat,2.6874692201316286,18.501
food,vegetarian,2.5668560714396413,4.869
consumption,home-goods,4532.838563717406,136.554
energy,electricity-grid,1.050203549792875,0.7294
food,beef,1.008049561198283,27.2025
energy,electricity-grid,0.4087723637629837,0.2918
energy,renewable,962.2991851625476,22.438
food,other,1.4661564108198382,4.433
food,vegan,1.082254596623704,1.85
consumption,clothing,1.1795904577686704,0.008
energy,renewable,952.1435560012708,19.84
consumption,electronics,5641.714349182474,393.767
consumption,clothing,0.719735559174681,0.0068
consumption,clothing,0.4391926017408494,0.0047
consumption,home-goods,8039.51469603024,239.699
travel,walking,271.1825389399553,-0.514
travel,bus,331.0239349241368,34.532
food,vegan,0.5450947737616112,0.862
travel,motorcycle,61.571084771792016,6.643
consumption,services,5229.676915776775,51.863
travel,flight-long,490.2040017301504,73.447
energy,natural_gas,457.2738622929545,204.999
food,vegan,2.7337749284832946,3.718
energy,coal,981.0638173922111,1032.195
transport,train,0.4281541304322155,-0.0056
transport,train,1.5891612982660712,0.0618
food,vegan,1.0252944398505364,1.197
consumption,clothing,271.90196374150366,3.697
consumption,services,5999.214373020158,59.477
consumption,electronics,9972.184853114257,697.337
travel,bus,16.68316365768039,1.292
transport,train,1.4091042226564898,0.0608
transport,car-gasoline,1.6787164394961152,0.311
food,vegan,2.315153315156186,3.79
travel,car-gasoline,196.34957299054943,37.707
food,fish,2.4683721210242675,11.607
travel,car-gasoline,17.732684933153912,3.765
travel,motorcycle,219.0609469471448,24.263
consumption,clothing,0.8953355655830167,0.013
food,beef,0.0670518858425699,1.8192
travel,motorcycle,370.4975898448061,40.576
food,white-meat,1.3526196820765588,9.347
consumption,clothing,0.8264773651648727,-0.0059
food,red-meat,1.818299198999649,49.924
travel,train,230.1087423628924,9.728
travel,flight-long,198.589265858565,29.822
consumption,other,2108.816064093864,43.306
food,fish,0.9917213955780328,4.565
energy,coal,721.4112249994669,756.387
food,vegetarian,1.0130502182351795,1.605
travel,walking,305.3883322335278,-0.184
consumption,services,1975.0847016729629,19.207
travel,train,296.6148698621592,12.222
travel,motorcycle,94.33483053020416,9.995
consumption,services,7383.113301683873,74.358
energy,coal,823.1805708724878,860.642
food,red-meat,2.799087270070185,75.068
food,white-meat,2.553838944724215,17.745
energy,renewable,560.0192756108765,13.382
energy,electricity-grid,967.001546103697,681.95
energy,electricity-grid,484.50537881156737,342.221
travel,train,211.9415898100722,8.135
food,vegan,2.222499962471421,2.744
travel,flight-short,375.83784585640063,96.095
consumption,services,6471.041587653742,66.355
consumption,other,7596.165975957062,150.588
energy,natural_gas,307.6241419082513,138.098
food,beef,1.1415803177507928,30.8095
travel,flight-short,481.5005107435523,123.047
transport,train,1.613400336392124,0.0622
food,red-meat,1.7319533646623892,47.034
food,white-meat,2.475328434315271,17.418
consumption,clothing,137.7075912800027,3.512
consumption,clothing,6695.8485122810425,100.455
travel,flight-short,144.2818410842032,36.973
transport,car-gasoline,0.7225098764526463,0.1492
travel,bus,328.7115956061048,35.069
consumption,home-goods,4794.112477808813,143.737
travel,car-gasoline,465.372795618422,88.566
consumption,home-goods,4197.504421466797,125.914
travel,walking,286.3642633423661,-0.627
travel,flight-long,343.0364977277289,51.239
travel,flight-long,168.8488614503826,26.196
travel,flight-long,352.75784929478755,52.746
food,vegan,0.6228709758629426,1.212
travel,flight-long,44.73373063515543,6.123
energy,electricity-grid,1.2953593796242149,0.9256
travel,bus,215.3987495567286,22.874
travel,flight-long,438.723069865741,65.93
transport,car-gasoline,1.5707344567022608,0.3003
consumption,clothing,0.7211326740735059,-0.0027
travel,car-gasoline,8.80256696385577,1.757
travel,car-electric,348.90748157290875,17.67
travel,flight-long,384.36843351839457,57.33
consumption,services,3484.5393910415232,34.825
transport,train,0.2322829684572127,0.0182
energy,natural_gas,828.1484870387493,372.996
consumption,clothing,2287.723217017552,35.847
energy,renewable,852.1963673888882,16.171
food,vegetarian,0.7701937341659708,1.759
transport,car-gasoline,0.948490298086302,0.168
energy,renewable,445.1289275683591,14.045
consumption,services,3384.3431073675924,35.215
energy,electricity-grid,0.3058049859329419,0.2144
consumption,services,7155.008202616233,71.743
transport,car-gasoline,0.179591004589561,0.044
food,white-meat,2.526826163076032,17.686
energy,renewable,292.40175727086444,4.083
energy,electricity-grid,227.51444322253764,160.326
consumption,other,645.7525358777873,13.054
energy,electricity-grid,1.550236304260963,1.0984
travel,motorcycle,495.74619223737903,54.986
travel,car-gasoline,120.6971822652164,22.978
energy,electricity-grid,1.457663388716766,1.0162
food,fish,2.6359987833142005,13.02
consumption,other,7820.400948557347,156.27
energy,renewable,993.790191402794,22.127
energy,coal,884.9702625783083,926.234
food,vegan,2.8897969999051103,4.916
travel,flight-short,492.6982888086256,125.838
travel,bicycle,69.30592940433483,0.263
energy,electricity-grid,316.0483795228513,224.744
energy,renewable,297.9899170770452,3.492
food,white-meat,2.5485696341759128,16.683
food,other,0.7887646653911655,1.817
energy,electricity-grid,1.6192297594176432,1.1457
food,vegetarian,0.6660133836512434,1.461
travel,car-electric,91.3074994020354,3.795
consumption,clothing,0.8384404356542344,0.0211
food,fish,1.5746116743578884,7.215
energy,renewable,670.0846967670296,10.178
travel,flight-short,465.4728413609285,119.105
transport,car-gasoline,1.2253342012235624,0.2309
travel,bicycle,128.7677349873722,-0.397
food,vegetarian,0.5823696706138249,1.5
consumption,services,1517.8621500646009,13.864
food,beef,0.9787360777109672,26.412
food,red-meat,2.140365229618605,57.77
transport,train,1.484861839347398,0.0544
energy,electricity-grid,2.2349255244449377,1.5866
energy,electricity-grid,1.2034602174189677,0.8618
consumption,clothing,4420.144583772152,65.148
travel,walking,287.00227377943696,0.485
consumption,electronics,7533.622240573843,526.776
energy,renewable,297.14844285640896,5.043
food,other,2.01001249434875,6.513
transport,train,1.185114954611323,0.0611
energy,electricity-grid,0.6148900594931741,0.4335
transport,train,1.4563165790218155,0.0287
consumption,electronics,7852.662433359192,549.989
consumption,clothing,9922.873362597977,148.43
travel,motorcycle,45.11570345945764,5.539
consumption,other,8727.455334278482,174.814
energy,renewable,66.62642437316957,0.939
travel,flight-short,427.1270215107557,108.914
travel,bus,16.53590735937117,1.111
travel,car-electric,498.56512557869786,24.204
consumption,home-goods,6512.629410344141,194.055
travel,walking,398.4749504432562,0.272
transport,train,1.3184719579904938,0.0465
travel,motorcycle,48.7615632045607,5.386
food,beef,0.7602622077733998,20.5088
travel,bus,195.2116376883474,20.362
travel,walking,84.3988737241394,0.101
energy,renewable,623.7561863939471,10.458
food,other,2.9820770636117424,9.838
travel,car-gasoline,304.6347199172359,58.147
consumption,electronics,4996.680468034573,350.318
energy,electricity-grid,536.0988660869868,382.624
transport,car-gasoline,0.7322047339991277,0.1332
travel,motorcycle,283.0997970312333,30.514
transport,train,1.5135130433303092,0.0906
transport,car-gasoline,0.8911622410063333,0.1614
energy,coal,898.0572609688342,943.869
consumption,other,8914.026797050003,178.462
energy,electricity-grid,1.0381172476640936,0.7505
consumption,home-goods,5542.722139606507,164.182
travel,train,135.60505614697783,5.584
travel,train,138.12821173851992,5.851
travel,flight-short,290.12803477240686,73.913
travel,bicycle,145.96174833003877,0.494
food,other,1.7708887189114806,5.994
food,white-meat,2.858882864123524,19.591
food,red-meat,1.781459757831276,47.97
consumption,clothing,9469.743754587187,140.706
food,vegan,0.7306725114069069,1.319
consumption,clothing,1.2048684477148763,0.0014
consumption,services,6488.757046692241,64.976
energy,natural_gas,12.067474041715366,6.447
food,red-meat,0.7152902762659346,18.266
travel,flight-short,413.54663724509726,105.128
travel,bus,391.30346028253183,41.215
consumption,electronics,7236.996124820893,507.398
consumption,services,5464.612434601443,54.178
travel,flight-short,216.73506572025835,55.21
travel,flight-short,361.0766788248873,92.341
consumption,clothing,1.6084059765369592,0.0191
transport,train,0.6945189363284171,0.0382
energy,electricity-grid,702.4439500856477,498.912
energy,electricity-grid,422.7700416467974,301.505
travel,flight-long,153.07079659768053,22.693
transport,car-gasoline,0.9494536007775446,0.1845
energy,natural_gas,189.35206514350187,83.419
travel,bicycle,324.88825473840217,0.474
transport,train,2.040708188528321,0.1054
transport,train,1.6473513907565251,0.0644
consumption,other,131.05516953263975,3.017
food,red-meat,1.6222793064819752,43.801
consumption,services,8242.307395614096,83.471
food,red-meat,1.9524214665789807,52.265
consumption,other,3534.854312554414,70.42
consumption,services,182.02198156570657,1.689
energy,electricity-grid,1.8292057612014092,1.2994
energy,electricity-grid,1.4001746709186766,0.9911
food,white-meat,2.432919229367397,16.897
consumption,clothing,1.4692916365173991,0.022
food,vegan,2.721866292034532,3.668
transport,train,1.137204784085384,0.0475
energy,coal,965.4831859660206,1012.258
energy,coal,524.1397526385562,549.689
transport,car-gasoline,0.3817019411363995,0.0725
consumption,clothing,1138.5292583303228,15.799
consumption,services,8510.472428889329,85.851
food,fish,1.8520676599288493,9.618
travel,walking,336.1494984914689,0.076
consumption,other,3614.980163057629,71.682
energy,electricity-grid,77.8946977114932,56.87
consumption,home-goods,7229.686434546017,217.684
consumption,clothing,8495.089370624088,128.219
food,white-meat,2.264963165127046,15.334
consumption,services,6912.530271875592,69.067
consumption,electronics,8948.313788520549,626.886
food,fish,1.580532968962559,8.545
transport,car-gasoline,0.0480742870278552,0.0019
consumption,other,9880.530274843835,197.984
energy,renewable,715.6487511136608,16.131
travel,train,369.560131608033,15.69
energy,electricity-grid,1.0819603431908498,0.7633
consumption,other,7501.730522761271,148.823
travel,walking,210.470647366692,0.691
energy,natural_gas,149.2119769522273,69.269
travel,walking,473.1116156046828,-0.358
travel,walking,351.7687770483597,0.152
food,vegan,2.745309586782197,3.724
energy,natural_gas,332.65448496127004,149.048
travel,car-gasoline,56.126582452565934,10.861
energy,electricity-grid,31.07376833910762,18.718
food,red-meat,1.9238031967050813,51.621
food,red-meat,2.8860569508026845,78.115
travel,flight-short,138.08617470204203,34.19
travel,car-electric,430.67294196738607,20.449
travel,bus,324.7625973054964,35.387
energy,electricity-grid,0.9495007409001648,0.6661
food,vegan,0.6427369012747098,1.216
food,vegetarian,1.964657626319804,3.944
consumption,other,3926.014186591148,78.418
travel,train,67.00582935153986,2.655
food,fish,2.828912450019796,14.933
energy,coal,396.3819019807704,418.655
food,other,1.4777306103705512,5.279
food,fish,1.7962324373556011,8.545
consumption,clothing,0.4082769015266442,-0.0031
transport,car-gasoline,0.4145494167870851,0.0758
travel,bicycle,309.45971142474144,0.024
energy,electricity-grid,774.5283802616506,548.641
transport,train,1.1285835143563705,0.0384
food,vegetarian,1.2740018627137502,3.003
consumption,electronics,4122.981962779806,289.43
consumption,clothing,1.1916788813104162,0.0245
food,other,1.6220792329516214,4.846
energy,electricity-grid,1.1223680284189652,0.7928
transport,car-gasoline,0.5274580141668619,0.0993
travel,bus,98.609027249213,10.07
food,beef,1.4107302382348224,38.0871
food,other,1.824584722405176,5.914
energy,electricity-grid,1.3924283695514856,1.0003
consumption,other,4675.46575503572,94.003
energy,electricity-grid,757.1707316821,537.659
energy,electricity-grid,943.8343332570008,667.401
travel,bus,21.39343951697296,2.423
travel,bicycle,265.93790152763484,-0.039
consumption,electronics,3132.164875721889,219.486
energy,natural_gas,625.8080167164269,282.035
travel,flight-long,295.625113821524,44.257
food,vegan,1.8474521861253013,2.445
energy,natural_gas,869.7364763923026,392.169
food,vegan,1.9121035917935665,2.946
travel,train,192.5356026394448,6.818
energy,renewable,596.084144337368,12.257
travel,car-electric,261.6948534595133,13.759
transport,train,1.2144036902365465,0.0575
consumption,services,3548.767984711595,35.655
food,fish,1.78731877215168,9.361
consumption,services,3868.5506070384567,39.121
travel,bus,440.031135061896,45.391
energy,coal,720.7362847212934,760.512
consumption,clothing,689.9762707761561,10.025
consumption,clothing,0.6590483032564831,0.0184
food,vegan,2.410810000516759,2.553
travel,bus,398.6021161041497,42.11
food,fish,0.7105325279427459,3.95
consumption,clothing,2226.466214885726,34.103
travel,flight-long,141.186320334003,20.613
consumption,electronics,127.4505041762232,8.488
consumption,clothing,1.058803434621422,0.0103
travel,bus,89.70542753777286,9.888
travel,train,206.2655986232826,8.074
consumption,clothing,3109.2486216835846,46.401
energy,coal,948.3032862522892,993.561
energy,renewable,282.6364372416544,4.362
consumption,clothing,0.3621150381828721,0.0117
food,other,1.966919769611478,6.513
consumption,other,6688.543929193481,134.591
travel,flight-short,63.09434109113132,15.485
travel,bus,392.8491369464916,41.51
energy,electricity-grid,1.301083477442474,0.929
energy,electricity-grid,547.3342926136455,386.61
transport,train,1.0739035251153766,0.0404
consumption,electronics,3087.992695381,216.942
food,beef,1.3339669389707014,36.0036
transport,car-gasoline,1.7036866414249716,0.3226
consumption,electronics,5024.773786376065,351.362
food,beef,0.7605407447202654,20.5324
consumption,home-goods,8965.482234983681,268.682
energy,coal,669.6393005527173,702.472
consumption,electronics,2322.669167596014,162.03
energy,natural_gas,166.5824287882555,76.064
food,vegan,2.111057924074541,2.824
travel,walking,263.05652844986304,0.032
travel,bicycle,157.14078971261046,0.328
energy,natural_gas,88.46111536375282,38.577
energy,electricity-grid,1.023657432676717,0.7208
food,fish,2.704272424096461,13.919
transport,car-gasoline,1.2266009820220876,0.2324
food,vegan,0.8265859538933993,0.549
travel,motorcycle,315.2591835750804,35.273
consumption,clothing,1.3096718074172906,0.015
travel,flight-long,298.2237315633143,43.498
energy,electricity-grid,232.0486483876395,162.687
consumption,services,3257.267657905389,33.184
travel,car-gasoline,480.6340913481332,92.039
food,beef,0.8564495660527467,23.1311
food,fish,2.281503518245983,11.077
food,white-meat,1.4040182960634735,10.32
energy,renewable,299.55827812377174,5.702
food,white-meat,0.7060831800474769,4.919
consumption,clothing,1.6374095994437927,0.031
transport,train,1.0005869485768442,0.0216
travel,train,411.7638337822345,16.353
food,red-meat,1.2909385184692073,34.724
travel,car-electric,83.4817613741171,4.348
consumption,home-goods,3749.439763181631,113.301
food,fish,2.372894557941329,12.616
food,fish,1.669371688436659,9.038
consumption,services,5984.034913112131,60.34
energy,natural_gas,219.5529367024688,100.125
energy,renewable,589.6253997335076,7.663
food,vegan,1.3652712504110192,1.548
energy,electricity-grid,116.24743850439816,82.139
travel,car-electric,242.55445778539053,12.203
energy,coal,504.0434345303743,529.131
transport,train,1.3738680632402138,0.058
travel,flight-long,186.09956307072483,27.453
travel,car-electric,272.34567509070223,13.822
food,fish,2.504564749688788,12.702
consumption,other,7855.193343603753,156.8
food,beef,1.8145390058624868,49.0001
food,red-meat,2.237051824679302,60.228
energy,coal,104.33068074562289,103.172
travel,train,429.9230505918259,17.874
consumption,other,8661.022580572726,172.049
consumption,clothing,1.1235585173077187,0.0207
energy,natural_gas,780.7754708603265,349.189
consumption,electronics,6057.080839474552,423.625
food,other,0.7081441451265803,2.642
energy,renewable,805.7203876624809,18.626
travel,flight-long,411.0814155066423,61.652
food,red-meat,1.664313944168744,44.607
food,white-meat,2.4458480726688965,15.877
consumption,electronics,7632.979243639503,534.449
food,vegetarian,2.1269708021172544,4.337
energy,electricity-grid,0.5368470272333645,0.3813
food,red-meat,2.844354137337055,76.289
travel,walking,63.2855861694573,-0.333
energy,electricity-grid,465.1485556401619,326.29
energy,electricity-grid,784.4870280074102,556.766
travel,car-gasoline,162.4266970608254,31.394
transport,train,1.059932291433066,0.0581
consumption,clothing,1.6131625861646506,0.0323
consumption,services,8009.917141927572,79.953
travel,car-gasoline,336.1786415185225,64.804
transport,car-gasoline,0.2992976332840468,0.0688
consumption,clothing,4580.87313888693,69.176
energy,electricity-grid,746.4334589137201,527.55
consumption,electronics,4547.684305973619,318.654
energy,renewable,550.318694213429,11.771
food,other,0.7403146293303787,2.344
food,vegan,2.9891129416858733,3.475
travel,train,337.3359396103376,13.882
energy,renewable,144.0181964533818,5.356
energy,electricity-grid,411.78032647659137,289.188
travel,car-electric,312.55267001876285,16.04
consumption,other,8121.74405609351,163.165
transport,train,1.651835446972774,0.0648
consumption,clothing,0.6558014902418148,0.0097
energy,electricity-grid,406.0174023140158,284.301
energy,natural_gas,547.3819471094914,247.337
food,other,1.7633841705945654,5.547
consumption,home-goods,6065.896499376955,181.817
energy,natural_gas,875.5302194967124,394.615
food,other,1.7806514096906514,5.103
consumption,clothing,9084.94701954043,135.856
transport,car-gasoline,0.9034320657927102,0.1829
food,fish,1.3910118396241615,7.26
consumption,clothing,0.6437598404591458,0.0051
energy,coal,366.53339931918975,383.427
travel,train,472.26045306305946,19.489
energy,coal,339.60583057310026,357.858
consumption,services,6681.378450734365,66.064
consumption,other,1995.9279386601545,40.601
energy,renewable,103.2647174986261,2.788
energy,natural_gas,464.35043547795226,208.436
food,red-meat,1.1838550725048422,32.506
consumption,electronics,6017.056158281909,419.414
energy,coal,62.7006239039095,66.156
travel,bicycle,180.2163638034495,-0.336
transport,car-gasoline,0.6227962384080379,0.1112
food,vegan,1.556756423817932,2.656
energy,electricity-grid,1.1888561609702264,0.8508
energy,coal,981.2603558580066,1028.793
consumption,services,7962.405035977308,80.84
food,vegan,2.472601510505118,2.937
consumption,home-goods,7026.35425726659,209.768
food,fish,2.96674199020106,14.967
travel,car-gasoline,42.31653529463811,7.408
transport,train,0.7384982029688494,0.0341
consumption,services,2773.413675869783,25.622
consumption,clothing,8975.533236694311,134.344
travel,motorcycle,52.15235426734895,5.825
consumption,other,6306.014996989306,124.468
food,other,1.942660113064257,5.76
transport,car-gasoline,0.725925648635797,0.1391
consumption,clothing,0.5511390339565898,0.0166
consumption,services,4727.454786592585,47.324
travel,bicycle,146.00319234337118,-0.151
travel,flight-short,26.78269210732259,7.739
energy,electricity-grid,235.26497819641963,167.134
travel,flight-short,149.3801690701826,37.477
energy,natural_gas,719.5151846251026,321.95
food,vegetarian,2.05579159312138,3.922
energy,electricity-grid,189.1142223921893,131.138
travel,bicycle,481.0988643234329,0.897
travel,car-gasoline,419.219529534407,80.565
travel,train,44.43244233124166,1.591
food,vegan,0.8275365466261639,1.027
energy,renewable,396.6049654192296,6.832
food,fish,2.647103958535651,14.157
energy,renewable,98.90967709596032,1.333
travel,train,220.31633262782216,9.06
travel,flight-short,361.7251522142661,92.523
consumption,clothing,0.7667554091654228,0.0209
food,vegan,1.845960467241083,2.05
food,fish,0.898849891721059,4.66
food,red-meat,0.6463415002001254,17.026
food,beef,1.6716099194015317,45.11
energy,natural_gas,822.558829974169,370.076
food,white-meat,2.674823905992484,18.711
consumption,electronics,9847.211475264994,690.001
travel,bicycle,450.016839497949,0.033
energy,coal,25.01719612907138,30.125
food,other,0.5525922561511716,2.002
energy,natural_gas,924.1489158568374,416.363
food,red-meat,2.864436792521152,77.074
consumption,clothing,1236.3243492876938,17.482
food,beef,1.182415835353478,31.9311
food,other,2.121837847189336,5.519
transport,train,1.5500217964658836,0.0522
food,white-meat,1.7427232733769928,12.166
consumption,electronics,9336.43828446597,651.999
energy,electricity-grid,0.8735602863795795,0.616
energy,electricity-grid,1.4639849867365642,1.0406
consumption,electronics,7136.272527057439,498.704
food,fish,1.476733842752372,6.973
food,beef,0.9868457203188824,26.6403
consumption,services,6579.586937821168,64.375
travel,car-gasoline,45.211614410129,8.921
energy,coal,450.8265336311491,472.627
energy,coal,260.34368042477,271.767
food,white-meat,1.7151438547567022,12.728
consumption,other,1004.7597617185696,20.601
food,fish,0.5576177210165185,2.2
consumption,electronics,1064.241363556955,76.428
travel,flight-long,55.44570625110912,8.42
consumption,clothing,1.0078577823843384,0.0138
food,red-meat,2.514764606333604,68.3
food,fish,1.8854243040275005,10.499
travel,flight-short,471.5119422523471,120.343
food,vegan,2.135057694146901,2.581
consumption,other,8705.564042208693,173.663
consumption,electronics,9004.833604942609,631.018
food,vegan,1.2873801547968986,2.087
food,beef,0.8167362685627144,22.064
food,other,1.0273183402662798,3.686
travel,car-electric,47.89698798059363,2.152
food,red-meat,0.6530416453589301,18.053
travel,flight-long,409.1893681953241,60.051
food,beef,0.5096712925273108,13.7655
consumption,services,5478.347314469192,55.205
travel,flight-short,123.39748059541196,31.333
travel,flight-short,404.3294443384129,102.878
transport,train,0.6510247605593289,0.0136
travel,flight-short,130.81873769006353,33.756
travel,flight-long,398.5440171984948,59.501
travel,flight-long,314.3193130593694,47.584
food,red-meat,1.0937151059054997,29.501
energy,renewable,929.3591138597974,20.807
transport,train,0.6381174777658079,0.0363
transport,train,0.8127309937596627,0.0436
transport,car-gasoline,0.9379805364593472,0.1818
energy,coal,70.25900205737699,76.464
food,white-meat,2.922036726444511,19.992
travel,car-electric,81.24321765733183,4.995
energy,electricity-grid,0.8844608645072123,0.6268
energy,renewable,175.23485784438802,2.882
travel,bus,50.88748299318344,4.338
food,other,2.2370689483203146,7.351
travel,bicycle,157.55011790585394,-0.512
energy,natural_gas,215.70161485533245,96.823
food,vegan,2.660576505653893,4.501
consumption,home-goods,466.1251566753304,15.004
consumption,home-goods,7094.836650779223,213.449
consumption,clothing,6671.818617134273,98.823
transport,car-gasoline,1.0502181117199054,0.1998
energy,renewable,626.6960293045389,13.98
travel,bus,252.06499303146376,26.669
energy,coal,237.696391581742,251.31
travel,car-gasoline,336.3559633373744,64.006
consumption,electronics,8982.747596315921,630.254
energy,electricity-grid,0.636249900988368,0.4566
food,vegetarian,0.9712496319889028,1.804
transport,train,1.1074821811787494,0.0403
travel,bicycle,153.762533098917,1.055
travel,car-electric,380.7509714805564,19.399
consumption,clothing,1.4713579206307108,0.0228
consumption,services,3174.737830025559,33.394
transport,car-gasoline,1.3998524174373934,0.2775
travel,bus,388.2241033106793,41.592
energy,renewable,681.2723381121726,13.704
travel,flight-long,180.7567254814135,27.676
food,other,2.229659770402111,7.171
food,fish,1.4456847342071826,8.5
energy,renewable,223.78681371019923,0.997
energy,electricity-grid,0.8186510317480649,0.5861
travel,train,309.687077729377,12.373
travel,train,143.60599420740922,6.208
energy,natural_gas,436.8097803308002,195.086
travel,train,469.21410440579285,19.413
consumption,services,4002.212677853627,40.018
consumption,home-goods,7220.61132235323,216.497
consumption,services,1726.7207024188829,16.267
energy,coal,409.6760634862413,427.443
food,white-meat,0.7885073982860203,5.509
consumption,services,3885.4308252623673,38.448
travel,bus,256.9383056574516,27.087
transport,train,0.9973845825324552,0.0332
energy,renewable,733.4272177586628,15.368
energy,natural_gas,513.409242609991,231.754
consumption,electronics,3467.035130500205,242.578
consumption,clothing,1.3895067743756373,0.0295
energy,natural_gas,776.5141870384318,349.805
food,vegetarian,2.151818482772879,4.21
food,vegetarian,1.1274680157901769,1.845
food,white-meat,1.744672951285798,11.559
consumption,other,5836.2282190572505,116.455
travel,bicycle,445.8485277961299,0.403
food,beef,1.0238159744923976,27.646
energy,coal,382.7413709655132,403.727
travel,train,483.4559043998434,20.161
travel,car-electric,402.8521687115946,20.499
energy,coal,884.9231390836203,928.163
energy,electricity-grid,0.0484952290965192,0.049
consumption,clothing,0.9932468080339524,0.0043
food,beef,1.5549001023867133,41.9865
consumption,clothing,3770.582303582499,55.965
food,white-meat,1.65217183817413,10.93
consumption,clothing,1.1786562006621544,-0.0002
consumption,clothing,4196.653153209329,62.045
travel,motorcycle,363.8573658133877,39.19
food,beef,0.4026729098926317,10.8727
travel,car-electric,167.37025375739614,8.474
food,other,1.6990627418611453,5.463
energy,electricity-grid,0.9919891212625904,0.6876
energy,natural_gas,663.1334779355119,299.136
food,other,2.989010504508765,9.209
travel,train,194.69468735737075,7.397
energy,renewable,619.5488761988153,13.466
food,fish,1.890590985064432,9.938
travel,motorcycle,441.8635171108632,48.7
transport,car-gasoline,0.8771231562478577,0.1679
food,fish,1.6792469172280238,8.609
transport,car-gasoline,0.7615853800609872,0.15
food,other,1.4559083276540696,3.332
consumption,other,8525.776247748385,168.962
energy,natural_gas,830.7921376713595,371.624
consumption,services,2642.5318615651668,25.087
consumption,other,5734.634153559372,114.716
transport,car-gasoline,0.8581637469988075,0.1593
consumption,clothing,6006.4399293571205,89.873
energy,renewable,581.1878150308072,9.799
transport,train,1.3223308841699095,0.0547
travel,bicycle,60.12768702543189,0.02
energy,renewable,655.8544618742665,12.177
food,red-meat,2.550692149421636,68.697
energy,coal,841.0678016925043,885.202
travel,car-gasoline,329.68738095751434,63.201
consumption,home-goods,7883.140511560161,235.583
consumption,home-goods,2347.869562757507,70.656
consumption,other,9757.269437461666,195.253
transport,car-gasoline,1.252217683473381,0.2345
transport,car-gasoline,1.0362335693925988,0.2065
travel,walking,316.9871466805693,-0.155
energy,electricity-grid,587.0151356671558,415.887
travel,car-gasoline,117.09012374277782,22.185
energy,natural_gas,302.4982558052939,136.636
energy,natural_gas,388.4382638270143,174.776
energy,electricity-grid,811.9949116325355,575.859
travel,car-gasoline,120.95905753385996,24.029
transport,train,1.13399342219917,0.0649
travel,flight-long,53.64163565530503,7.305
food,vegetarian,0.808209818631032,1.721
energy,electricity-grid,157.6558926114889,109.736
travel,bus,388.7963110477909,41.504
travel,flight-short,83.6485451671044,21.128
energy,renewable,982.5387509837826,22.214
food,other,0.6991348190510572,2.062
energy,renewable,365.4576477375909,7.58
transport,train,0.8181910371926333,0.0355
food,beef,1.124224993481711,30.3563
consumption,home-goods,4644.615145642976,140.233
energy,natural_gas,274.4247592206926,122.632
energy,electricity-grid,121.62588926078342,84.855
energy,renewable,380.5990998864292,8.065
consumption,electronics,7139.79299087332,498.337
travel,train,491.7281473065266,20.853
energy,electricity-grid,756.5779353133038,534.053
transport,car-gasoline,1.2740497353661224,0.2535
transport,car-gasoline,0.943927522555657,0.1877
travel,motorcycle,442.2190252108555,48.293
travel,motorcycle,478.0034956487043,52.929
transport,car-gasoline,1.5018979349350614,0.3009
consumption,clothing,0.6779208457111561,0.0116
transport,train,1.3159084114546826,0.0544
food,vegetarian,0.5612006645329999,0.84
food,fish,2.283304323753181,11.75
consumption,services,3667.403645715562,36.751
energy,natural_gas,109.04685955878338,49.795
consumption,services,1288.827280938638,12.942
consumption,clothing,1.3026127603946844,0.0123
energy,coal,170.9453018919722,179.891
consumption,home-goods,3639.440063299332,110.316
food,vegan,0.7523540638909971,1.155
food,red-meat,2.861159219705095,78.47
energy,coal,623.8956759789803,654.725
transport,train,1.400497203237303,0.0654
energy,coal,601.7826866178748,632.992
energy,renewable,679.3875378911417,14.712
consumption,other,8336.111560712123,166.627
food,vegan,0.8869650871152799,0.807
energy,electricity-grid,578.7814033534235,411.429
energy,electricity-grid,0.5526591095998072,0.3924
consumption,electronics,9132.746639030052,639.554
consumption,services,8338.916565578926,82.489
energy,electricity-grid,1.2029142030402555,0.8735
food,vegetarian,1.7305404582186672,3.35
food,beef,1.3924863536293532,37.573
food,white-meat,2.160251677869727,15.249
travel,walking,336.3956381555334,-0.97
travel,car-gasoline,61.932847091003374,12.257
food,vegetarian,2.567017781952582,4.672
travel,car-gasoline,387.9882807308103,75.188
travel,flight-short,67.42534736515165,17.257
travel,flight-short,10.993151606986409,3.236
food,other,2.831928199765237,8.611
energy,coal,579.7351521952759,611.411
food,white-meat,2.1165528341438886,14.796
food,fish,1.917015262526165,10.384
consumption,clothing,1.133788282023394,0.0194
travel,car-electric,171.59421085330436,8.415
travel,motorcycle,451.324200335635,49.675
food,fish,2.7470384370158665,13.269
food,other,1.1533209898522547,3.298
food,white-meat,2.724590985220777,18.855
transport,train,2.2413537623059483,0.0895
travel,train,279.3522757726715,11.88
travel,motorcycle,125.3968223452886,14.084
food,white-meat,2.3009330318305072,15.566
food,beef,1.5675470359208847,42.3107
food,fish,1.7925157080242715,8.953
food,vegetarian,1.2708803041904968,2.722
consumption,electronics,8570.178300825364,600.49
energy,natural_gas,881.78081985038,397.428
consumption,clothing,0.6919132341074703,0.0016
consumption,services,3004.6037047380414,29.89
food,vegan,2.1511743034110777,2.521
energy,renewable,494.4851699910477,10.67
energy,renewable,717.6453902833305,15.74
consumption,clothing,9545.742218651843,143.742
consumption,other,5638.080789924977,113.608
consumption,electronics,9618.322898537275,675.022
travel,flight-short,144.33225683538677,36.303
energy,electricity-grid,1.0096428673151578,0.712
energy,renewable,202.5931533042045,1.775
consumption,electronics,8065.529223090275,564.968
travel,walking,275.1055759685719,-0.224
consumption,clothing,797.1817757628739,11.118
energy,renewable,138.08991947025422,2.402
travel,flight-short,361.4111989959739,92.277
food,white-meat,2.624968982922526,18.413
food,other,0.6989703684301061,2.067
food,vegetarian,2.3709020835715493,5.165
consumption,clothing,2776.8393639240003,41.563
transport,train,0.4768800372987695,0.0337
food,beef,1.047782669362315,28.302
energy,renewable,860.9381379785796,19.799
travel,train,449.8281510605047,18.599
food,vegetarian,2.8018911276368343,6.104
transport,train,0.6752481324533075,0.0348
travel,bicycle,124.16511073174922,-0.429
food,white-meat,2.986410641711312,20.347
travel,flight-long,258.8013097442361,39.191
energy,electricity-grid,298.56153899182107,212.199
energy,renewable,780.409079214512,10.933
food,vegan,1.7728949139065064,2.785
energy,electricity-grid,1.0720366155244343,0.758
consumption,services,9653.149972339976,97.986
energy,natural_gas,596.4858732830677,268.677
consumption,other,8691.639383319642,174.169
consumption,services,3812.6085522599874,37.427
consumption,electronics,6895.441014160514,483.18
consumption,electronics,7291.949917664748,510.706
energy,natural_gas,386.21199492082,175.108
energy,electricity-grid,426.5117707584725,303.329
consumption,electronics,7041.139707920339,492.817
energy,coal,859.934880136834,905.513
energy,natural_gas,327.4679111519196,150.682
food,red-meat,2.1012082328555306,57.628
energy,natural_gas,719.6687674192455,321.842
food,beef,1.0947618518701288,29.5575
consumption,home-goods,6700.234004574809,201.067
food,red-meat,1.1040061551000997,29.694
energy,renewable,636.2748549440287,12.498
food,red-meat,2.009481893215295,54.413
consumption,home-goods,4918.4370671624365,147.478
energy,electricity-grid,0.9382678496481158,0.6739
food,white-meat,1.445516959682695,10.149
energy,electricity-grid,32.71202160761563,21.488
consumption,other,5510.975468155065,112.589
energy,renewable,24.68404589087386,0.044
consumption,electronics,4309.827509792828,302.022
transport,car-gasoline,1.2222507291179492,0.2249
consumption,home-goods,8945.843321778671,268.928
travel,flight-long,345.3098689171628,51.759
food,beef,0.7646571910137439,20.6369
energy,electricity-grid,1.009233022280962,0.7035
travel,flight-long,88.78670108599535,13.555
consumption,clothing,1.2603400720049087,0.0211
consumption,home-goods,8912.918638904728,268.167
energy,electricity-grid,419.9702220553047,300.337
consumption,electronics,7014.898853793979,491.031
food,white-meat,1.3017804124607348,8.675
travel,bicycle,218.73157997167144,-0.201
transport,train,0.959468390872764,0.026
food,vegan,0.756240822973032,0.084
consumption,electronics,6911.875632055454,481.31
travel,train,249.272386220905,10.017
energy,electricity-grid,697.3271418382952,488.913
consumption,clothing,4352.851228071877,64.793
transport,car-gasoline,1.0790194512200597,0.2092
consumption,other,4670.808917890427,93.449
energy,electricity-grid,773.8889023307701,546.63
energy,electricity-grid,1.442164962085993,1.0301
food,fish,1.0194761617618846,4.568
energy,renewable,281.75704329964725,7.11
energy,electricity-grid,636.0096766306607,452.861
food,white-meat,0.9936839592142076,7.076
food,red-meat,0.7663781180402824,20.139
transport,train,1.5885259911039782,0.0645
transport,train,1.1564760635305005,0.0516
travel,flight-long,82.83574101375912,13.175
energy,natural_gas,759.2178550221766,341.625
energy,coal,197.98579898609825,203.44
transport,train,1.067144957442704,0.0398
energy,electricity-grid,0.7967882562230211,0.5723
energy,coal,199.6152468764656,207.469
transport,car-gasoline,1.2613257256858164,0.2403
consumption,home-goods,702.9985535906168,20.336
travel,motorcycle,310.53446612537886,33.831
travel,train,93.242373307238,3.646
energy,coal,285.2568442912568,301.713
food,vegan,0.8424555557738196,1.548
transport,car-gasoline,1.6205751063557154,0.3138
energy,coal,276.48164703684,289.239
energy,natural_gas,487.91889679770674,221.509
transport,train,0.5170482391569182,0.0319
energy,electricity-grid,632.3566917157929,447.916
travel,walking,3.5674402066026687,-0.271
transport,car-gasoline,0.9706848483985702,0.1871
consumption,other,1576.5049151383296,30.818
food,beef,1.208872638365443,32.6537
food,beef,0.7384605054083362,19.9596
energy,natural_gas,805.285228177167,360.116
travel,flight-long,369.2046074324685,55.4
travel,bicycle,268.35156735330446,-0.495
food,fish,2.268838594363609,12.26
travel,car-gasoline,261.1267277794153,49.972
energy,natural_gas,515.0472285579501,232.842
energy,coal,839.3412145853183,880.401
consumption,services,3931.157354188901,38.625
energy,coal,152.73428616429362,159.568
transport,car-gasoline,1.1715284024048591,0.2141
energy,natural_gas,662.6514249919893,297.975
food,vegan,2.4804748456881125,3.481
travel,flight-long,78.2594776862622,11.631
energy,renewable,272.09459757547154,7.144
travel,car-gasoline,385.7211619735356,73.941
consumption,clothing,1.165598347488604,0.0172
travel,motorcycle,331.85796024574563,36.296
food,red-meat,0.7480941622992026,20.081
consumption,other,6914.465232967939,137.774
food,red-meat,2.338128040766984,62.958
food,beef,1.521702079930385,41.0816
food,beef,0.9098227490332,24.5617
food,beef,0.8551316244566189,23.0862
food,red-meat,1.1248974530987388,31.067
food,vegetarian,1.3505405961383363,2.696
transport,car-gasoline,1.1221784975441491,0.2376
energy,natural_gas,883.8002837203018,396.673
consumption,services,1879.5387451738625,18.407
food,red-meat,1.7429182017942142,46.983
food,red-meat,1.018673595147193,27.373
energy,electricity-grid,0.5380708529094871,0.3742
energy,natural_gas,219.49689738492933,101.354
consumption,home-goods,6116.451015271683,185.121
energy,natural_gas,523.619877676468,234.146
energy,renewable,707.2493621749293,15.859
energy,renewable,568.9837033490074,11.711
travel,bicycle,115.747348339652,-0.586
consumption,services,7556.9911762722595,76.249
food,red-meat,1.5380343917108268,41.332
consumption,services,6941.503762079752,68.381
consumption,electronics,7246.133113125069,506.212
food,red-meat,1.743791067186084,46.618
energy,electricity-grid,738.4301022663068,526.624
energy,electricity-grid,0.6020676034522904,0.424
food,vegetarian,2.3913464587382665,5.213
energy,renewable,338.3116526972354,7.037
travel,flight-long,324.1973701501398,48.466
energy,electricity-grid,0.9065793825694471,0.6609
travel,bicycle,138.0772037088981,-0.09
travel,walking,45.51296002731604,-0.78
travel,flight-long,211.59509580369183,31.675
consumption,electronics,712.9485841832283,49.001
consumption,electronics,5569.202172188225,389.693
food,beef,0.6010490517003655,16.2511
transport,car-gasoline,1.2269025608232,0.2422
food,other,2.3565899742042262,7.319
consumption,home-goods,5032.312316134774,151.822
consumption,services,5270.6497003301,53.157
consumption,home-goods,4411.411117362821,132.873
food,vegetarian,1.0526971842336048,3.586
consumption,services,176.92697308893395,1.051
travel,flight-long,26.19398326179155,3.238
travel,bus,260.5615870548847,27.444
travel,flight-long,197.95104193792665,29.119
travel,flight-long,312.0257652869514,46.924
energy,coal,995.7387175992716,1047.118
energy,natural_gas,925.901547069074,414.439
travel,motorcycle,14.15712027412875,2.147
energy,electricity-grid,0.9991149160160976,0.6907
travel,train,215.72264155483188,9.595
energy,coal,162.53285872071285,172.797
transport,train,1.1852387722655102,0.0437
consumption,clothing,1.140199908716559,0.0309
travel,car-electric,136.8813559331651,6.942
food,beef,0.1894865954531039,5.1085
food,beef,1.0700617762665896,28.8845
consumption,electronics,5337.0402753679045,372.946
energy,electricity-grid,358.7815768126153,256.25
consumption,services,7937.141003556536,80.553
consumption,clothing,6723.495587751643,100.162
consumption,other,1331.6900839417317,28.059
consumption,clothing,4383.275023159929,64.852
food,beef,0.4827958336974985,13.049
travel,motorcycle,58.89531799273647,6.427
consumption,services,7183.903971857805,71.774
consumption,clothing,9148.853626265363,137.381
energy,natural_gas,405.1640877476134,181.672
transport,car-gasoline,0.7886412911918494,0.1478
transport,train,0.5091483452359917,0.0249
food,beef,0.8339091082956716,22.5326
travel,walking,472.1815469654585,0.172
food,beef,1.1148643510411098,30.0978
energy,renewable,885.7341444775315,19.167
food,white-meat,2.9144261097107176,20.414
transport,train,1.0303291723921753,0.0246
energy,renewable,680.0250737982572,17.509
energy,electricity-grid,0.5422587166618231,0.3846
transport,train,0.694421039102259,0.0212
travel,bicycle,80.49270628887118,-0.341
energy,natural_gas,282.6371238618244,124.895
consumption,clothing,0.686786880560438,0.0136
energy,electricity-grid,1.1046473738184803,0.7858
consumption,services,4929.062449893615,48.416
food,vegetarian,0.5283314830112189,1.278
food,white-meat,0.9776296717717072,7.775
energy,natural_gas,428.0589676361777,195.622
energy,renewable,88.02218017197261,5.667
energy,coal,546.0365396702744,574.274
transport,train,0.8041853312037739,0.032
travel,car-electric,161.95283135506165,8.792
food,fish,1.6926205629483866,8.883
energy,natural_gas,152.59117004009937,70.778
energy,renewable,211.91481661547937,5.953
food,vegan,2.6368515464799467,3.649
food,red-meat,2.9027956700541004,77.686
consumption,clothing,993.9635911180388,14.669
transport,car-gasoline,1.2022031030367182,0.2306
travel,flight-long,345.073848764749,51.901
energy,coal,19.92645797098022,19.256
travel,bicycle,114.6471183155016,0.133
transport,train,0.9072303991545508,0.0354
travel,walking,9.758629319947826,0.49
energy,electricity-grid,0.8352514403027461,0.6018
consumption,services,7337.923559880611,73.574
travel,motorcycle,455.6232826809244,50.37
consumption,other,2838.153249556182,56.682
food,vegan,1.902875531087936,2.859
travel,flight-long,277.3473181154758,41.178
travel,motorcycle,411.2677635213952,45.403
energy,coal,893.2206275811501,935.643
consumption,clothing,4785.625064599855,73.471
energy,electricity-grid,1.28571359044055,0.9217
consumption,clothing,8131.783409157035,123.051
energy,coal,83.6513055840471,89.462
consumption,clothing,1.2823135540816124,0.0192
consumption,other,3881.160316512096,77.142
food,vegan,2.493551384854161,3.587
consumption,electronics,7632.612951725271,533.397
energy,coal,459.7300444988293,485.906
energy,electricity-grid,648.6696894446435,460.185
energy,electricity-grid,1.366496185187973,0.9759
travel,flight-short,448.48594688858617,113.225
food,vegetarian,2.5852789581658127,5.175
consumption,other,6106.440902433867,120.678
travel,flight-long,332.08738278491984,50.397
consumption,clothing,0.9954363684579336,0.02
travel,motorcycle,47.9843371460115,5.628
consumption,services,2537.487415477126,26.143
transport,train,1.1508107332121311,0.0521
consumption,other,3242.769920414601,66.85
energy,electricity-grid,543.4784094358973,383.156
food,fish,1.215647588457958,6.044
consumption,home-goods,6351.456135644276,188.828
transport,train,1.5557772534071177,0.0714
consumption,clothing,0.785657309372241,0.0047
energy,electricity-grid,1.4309975244584656,1.0086
energy,natural_gas,676.1471021789695,303.553
food,vegetarian,2.783777417078103,5.007
travel,motorcycle,168.26342358130455,18.003
consumption,clothing,0.74468446775331,0.0193
consumption,electronics,8612.98741110989,601.917
energy,electricity-grid,1.1838031066554646,0.8577
travel,car-electric,358.02996264253795,18.561
food,other,2.709333472078467,7.472
consumption,clothing,0.3865997556752094,-0.0001
energy,coal,541.6969762193963,569.012
transport,train,1.3528299261157923,0.0532
transport,car-gasoline,1.0731206850922963,0.2173
consumption,home-goods,8871.536680550418,267.47
consumption,clothing,0.7361848510947564,0.0144
energy,coal,428.7557559273057,452.972
food,fish,0.7573653617507154,3.934
energy,renewable,952.8622019855036,20.196
consumption,electronics,3673.812115362685,257.816
transport,car-gasoline,0.8171944720591209,0.1592
consumption,other,8769.108867813178,175.614
travel,motorcycle,237.13184892258536,25.718
travel,bus,76.18737774722881,7.513
energy,electricity-grid,935.4893996240856,663.964
food,red-meat,0.8849080966662597,23.387
energy,electricity-grid,833.8094910098145,596.858
travel,car-electric,442.6141799051173,20.866
travel,bus,188.5682542877389,19.181
consumption,other,8429.551999110761,167.458
energy,renewable,29.62377515007686,0.541
food,beef,0.9236056766088114,24.9336
food,vegan,0.8034298113715492,1.871
food,white-meat,1.7310043980108394,11.787
food,fish,2.2207324960681376,11.938
consumption,services,4062.441191163748,42.059
food,other,1.1792687971352325,3.936
consumption,other,1029.4536125598584,20.56
food,beef,0.7524041542208547,20.3191
transport,car-gasoline,1.324290666895606,0.2718
energy,renewable,183.6549420889483,3.234
consumption,services,2159.677112497178,21.534
consumption,services,183.5580054452697,0.547
energy,natural_gas,582.6552113537838,264.124
energy,coal,165.43467442587516,173.341
energy,electricity-grid,777.6780117152032,552.985
energy,electricity-grid,41.09872022628115,33.956
transport,car-gasoline,1.027451279973102,0.2079
food,white-meat,2.721881209375681,18.248
energy,natural_gas,278.9893931579509,128.758
travel,walking,161.71750362600596,-0.244
consumption,home-goods,5330.968493762016,158.616
travel,car-gasoline,293.94704384414706,56.029
travel,car-gasoline,340.8386741213576,65.027
transport,car-gasoline,1.8040603400356536,0.3544
food,white-meat,2.241887037338511,15.524
food,white-meat,1.984851552358513,13.541
food,white-meat,1.750726296695449,11.482
transport,train,1.3131227299969694,0.0631
food,red-meat,2.756355287107383,74.428
energy,renewable,571.6892094671603,15.18
food,vegan,2.862461963889608,4.482
energy,electricity-grid,0.7857251527425734,0.561
food,red-meat,1.1698568752671197,32.933
transport,car-gasoline,0.8894194985360653,0.1663
energy,electricity-grid,879.4508854627956,621.575
travel,flight-long,109.18774418665912,15.93
consumption,clothing,1.647184457181955,0.0127
energy,natural_gas,829.5557649922322,369.678
food,beef,1.2064220059102255,32.5821
food,beef,1.1302738100843306,30.5233
travel,bicycle,374.8316579115403,-0.162
consumption,services,2688.5497075467124,26.287
energy,natural_gas,712.0661670459585,320.799
food,vegan,0.7531903095775159,0.557
transport,car-gasoline,1.426041147492815,0.2799
food,vegetarian,2.8139575229756795,5.812
consumption,clothing,3954.8962544416536,59.208
energy,coal,632.0118715678087,663.927
food,beef,1.337322669773182,36.0987
transport,train,1.284934106725347,0.0585
food,other,2.264976007404984,6.407
travel,bus,411.4460842186613,43.687
travel,motorcycle,344.3341774741709,37.936
energy,coal,986.700924005407,1036.165
food,other,1.592930123900443,5.081
food,white-meat,0.8139552567754017,5.255
consumption,services,5870.66789958409,58.699
energy,electricity-grid,1.3074461750667847,0.926
energy,renewable,274.71479276147505,4.899
travel,motorcycle,366.8025767188077,39.75
energy,natural_gas,684.9415680707014,308.057
food,other,0.7809648307288146,1.478
food,beef,1.399990427573528,37.8148
consumption,other,7205.821339317197,145.828
consumption,electronics,4189.706506110855,291.417
energy,electricity-grid,247.6101705681372,174.501
transport,car-gasoline,0.5613390217595935,0.1154
transport,train,0.8408032900443111,0.0371
food,vegan,2.1891101596622216,2.509
consumption,clothing,0.8600916657674571,0.0334
consumption,other,7234.869590365413,146.196
food,red-meat,1.8187398613956536,49.246
consumption,clothing,0.9159152232414012,0.0086
consumption,services,4349.56589737815,41.19
transport,train,0.7514106381142089,0.0519
energy,natural_gas,54.2946489919088,24.309
consumption,other,7732.917422834274,154.521
food,beef,1.0063177204229492,27.1652
consumption,home-goods,8018.054472034483,240.726
energy,electricity-grid,1.1364937486733708,0.8234
consumption,electronics,7695.579293040359,538.596
transport,train,1.0879534521973884,0.045
food,white-meat,1.224701698834649,8.471
energy,natural_gas,130.72715640446316,60.788
food,vegetarian,2.574109513382321,5.025
food,vegan,0.746367128532356,1.502
energy,renewable,485.2048274193712,9.551
travel,train,63.74501439151776,2.544
consumption,services,8149.965714215105,82.048
energy,natural_gas,22.891415446233943,10.302
energy,coal,777.9501821577253,815.224
travel,car-gasoline,416.0996935124596,79.115
food,beef,1.288922193513096,34.803
food,vegetarian,1.3561880479657604,3.007
travel,flight-long,409.28512770537554,61.296
consumption,other,691.6822705356705,15.746
energy,natural_gas,185.44782489002185,81.557
food,other,2.336904528388361,6.233
travel,motorcycle,171.5668584972401,18.52
energy,coal,138.74738408665442,146.974
food,red-meat,0.7373841185458275,19.456
transport,train,0.4959309277383228,0.0241
energy,electricity-grid,0.4176340322136777,0.3167
energy,renewable,783.3782694927735,13.269
travel,flight-long,7.18961410238008,0.969
food,beef,0.4976732863030694,13.4287
energy,renewable,487.7780887459508,11.753
consumption,services,4601.743383528928,44.609
energy,coal,741.8998103842061,778.291
travel,motorcycle,499.8591189697792,54.742
transport,train,1.6570666071425393,0.0567
energy,renewable,910.8918682988434,21.589
energy,coal,781.6806266659545,822.649
travel,motorcycle,264.105325276713,29.175
travel,flight-short,200.1509938487878,50.559
travel,bus,347.3811361814057,36.864
food,red-meat,2.786104323718346,75.342
food,vegan,0.7240794332615448,1.427
transport,train,1.022606221793476,0.0363
food,beef,1.1371825069821224,30.6975
food,vegetarian,0.5098998575303568,0.089
consumption,electronics,7490.047087979726,522.232
food,vegan,1.4750401518689018,2.333
travel,car-electric,83.81149275259672,4.097
food,beef,0.971428141504998,26.2384
travel,bicycle,427.74828552416665,0.569
food,fish,2.9266700694846763,16.237
energy,electricity-grid,364.74866223548895,258.002
consumption,services,7874.355490318895,78.185
consumption,home-goods,9895.723597033628,297.593
food,red-meat,2.3936726268077573,64.965
energy,coal,81.50023147422708,85.101
food,red-meat,2.365784531422692,64.703
energy,electricity-grid,665.6998432104855,475.768
energy,coal,180.17665427895173,190.384
consumption,clothing,0.890446354730232,0.0306
food,vegan,2.710188240775462,4.298
transport,car-gasoline,1.0993034167046734,0.2115
consumption,services,4177.733685277431,41.527
travel,bus,93.54397846365052,9.694
transport,train,0.6767593417897166,0.0326
consumption,electronics,8333.657070484202,585.017
consumption,other,5570.925824141613,112.076
consumption,home-goods,2902.259522050164,87.231
travel,motorcycle,198.36206975465865,22.821
travel,car-electric,4.038285371679696,0.594
food,beef,0.7295403791793131,19.6783
food,fish,2.125283058548034,10.974
energy,renewable,832.9990699672067,18.536
energy,electricity-grid,963.721503498362,682.763
energy,natural_gas,157.2057795032302,75.74
energy,natural_gas,796.5943318970892,359.193
travel,walking,266.1269437634615,-0.252
energy,electricity-grid,431.7792743794645,305.961
travel,bus,297.94388741942714,31.281
consumption,clothing,9694.02893128396,147.097
transport,car-gasoline,0.877581813974233,0.1647
travel,bus,124.42670276985564,13.365
food,vegan,1.5142860604523694,2.345
consumption,clothing,1.2738630164012188,-0.002
food,other,2.9057574579356915,8.698
consumption,clothing,3308.033601392963,49.75
travel,car-electric,141.22124495544807,6.706
energy,electricity-grid,581.9826402335508,410.107
energy,natural_gas,895.7791028411599,403.165
food,other,1.1885747590986822,3.324
consumption,other,6878.186861782197,137.965
food,other,2.21866201012432,6.061
transport,car-gasoline,1.0977791833989812,0.2098
consumption,services,1042.275728341011,10.445
energy,electricity-grid,716.889692661071,504.891
consumption,services,8756.593585890323,86.757
consumption,home-goods,6592.804642556894,197.98
transport,car-gasoline,1.334982880943405,0.258
transport,train,1.234659828135468,0.0512
travel,bus,184.5119160877676,20.037
travel,flight-short,75.80879624703812,20.584
consumption,other,7790.94503858512,158.664
consumption,other,3083.5496060425103,61.144
food,vegan,0.8212891711102911,1.554
travel,flight-short,471.4231552934277,120.796
food,white-meat,1.2587597728698805,9.401
travel,flight-long,190.71761377414268,28.598
energy,electricity-grid,0.803839917370735,0.5769
energy,electricity-grid,645.2580023870636,454.823
energy,coal,541.8330464865309,566.808
travel,flight-short,217.97884196326936,55.938
travel,train,272.6966840673312,10.55
energy,natural_gas,272.4458812992815,126.058
transport,train,1.021216313708179,0.0399
consumption,clothing,9110.594448357422,137.141
travel,flight-short,198.93322839543745,50.374
consumption,home-goods,1110.2668306542914,32.686
consumption,other,7070.917051592433,140.653
consumption,home-goods,8725.0691462169,261.059
energy,coal,385.2264649027894,402.326
consumption,home-goods,132.23971456129104,4.637
energy,natural_gas,261.58839671612685,116.245
food,vegan,0.9579238185707316,2.128
energy,natural_gas,913.1284254229662,413.35
energy,coal,961.198256294455,1008.877
consumption,other,4255.735008306195,86.121
consumption,other,1836.0275919187889,36.682
food,beef,0.9331555488405292,25.2022
food,vegan,0.8024016555962308,1.23
consumption,other,8473.018206577883,168.996
energy,coal,652.5831177793083,686.735
transport,train,1.1095038821855814,0.0453
travel,walking,227.440981150436,0.038
food,red-meat,0.583566332733054,15.646
food,white-meat,2.1118918164752323,15.322
energy,electricity-grid,480.81396453256446,338.134
consumption,electronics,6809.200819869858,475.362
consumption,electronics,2944.0961545405007,206.753
food,white-meat,1.104411268699204,7.35
food,white-meat,0.8163632779909431,5.415
travel,motorcycle,225.799126732802,24.58
food,white-meat,0.7652301248698802,5.881
consumption,services,2660.9578345789128,27.668
consumption,home-goods,1869.7930346755325,57.172
food,white-meat,2.598019882598648,17.241
food,white-meat,0.6271335590895528,4.135
food,beef,1.0548533605276866,28.4951
travel,motorcycle,62.37864426674907,5.921
food,other,1.3492315461989677,3.737
food,red-meat,0.5759489498861563,15.54
food,vegan,2.3320958431810386,3.794
consumption,services,7977.2512420485955,81.349
consumption,clothing,7062.7185695152575,105.799
food,beef,0.3688774378961412,9.9797
travel,bicycle,55.3377636765385,0.294
consumption,other,6787.157699755778,136.114
consumption,clothing,0.6900730945597939,0.0225
food,white-meat,0.7961542627362046,5.984
food,vegan,0.8824046765143594,1.347
consumption,electronics,5767.01630955652,403.939
travel,bus,83.70914013025781,9.476
energy,electricity-grid,938.3774129226648,665.952
consumption,clothing,5116.655273198124,76.394
energy,electricity-grid,347.6553330767877,247.374
travel,car-electric,312.0429429015904,15.273
energy,electricity-grid,274.36677744291086,191.999
travel,flight-short,385.2024054255878,97.418
food,vegan,0.7451113452773496,0.773
travel,motorcycle,179.00929446696082,18.935
food,other,2.579311578262724,7.623
consumption,other,2591.5113964086004,52.357
energy,renewable,17.227199766244247,-0.406
consumption,home-goods,8852.516100285831,264.835
food,other,1.5584668726686548,3.67
travel,train,192.7931642235433,7.637
travel,flight-short,14.520900259238262,3.351
energy,renewable,434.1492098399817,12.894
travel,car-gasoline,390.46735806549776,74.516
food,white-meat,2.938626310337378,19.263
travel,walking,472.2798427644574,-0.082
consumption,home-goods,1511.6208603339037,45.522
energy,natural_gas,614.3654768171203,274.843
food,other,1.3745083862789484,4.419
travel,car-electric,63.02431451928682,3.236
travel,train,255.54474653691372,10.208
consumption,other,4684.413445204379,95.048
travel,motorcycle,143.1515780789995,15.192
energy,renewable,43.79471756399413,-0.626
consumption,clothing,9468.3102376385,141.543
travel,bus,312.30580301360993,33.077
energy,natural_gas,195.7633132271319,87.795
consumption,electronics,9543.234453277892,668.688
food,other,0.6639476816165908,1.74
food,vegan,2.2568457482239674,3.655
energy,coal,208.03505746910943,216.835
travel,walking,400.1277727177103,-0.182
food,red-meat,1.1595151873658938,31.313
food,white-meat,1.6824764842453817,10.919
food,vegetarian,1.7088051684124288,4.399
consumption,clothing,1.2941349813010028,0.0161
consumption,clothing,0.9777015287504546,0.0127
consumption,home-goods,455.8108836834051,14.398
consumption,services,4986.950464706097,49.51
consumption,home-goods,9048.11183294877,269.683
transport,train,0.7829960369141065,0.0183
energy,natural_gas,402.3913419743151,177.597
consumption,other,9914.745331002976,197.488
food,fish,0.9877720500605252,4.987
travel,motorcycle,393.38616219336046,43.19
food,beef,0.3983876039404621,10.7494
food,fish,2.658866329178572,12.697
consumption,electronics,2460.244817754282,171.692
consumption,home-goods,632.9793327158476,19.658
energy,natural_gas,6.134487957974742,1.097
travel,car-gasoline,225.78218552725133,44.498
consumption,electronics,9205.132442560156,643.88
energy,natural_gas,597.179643541728,269.614
energy,electricity-grid,43.29993649361145,28.015
energy,coal,859.6968405210189,905.998
transport,train,0.793824283425617,0.0328
energy,electricity-grid,945.1690745672528,669.095
energy,electricity-grid,0.9129591056882748,0.6601
energy,natural_gas,868.5411144229871,389.054
consumption,electronics,8367.300342949251,585.855
energy,renewable,532.759584075503,13.685
consumption,other,1788.2585466379394,34.722
food,red-meat,2.7232968998207987,73.093
travel,train,114.36259895473393,4.434
energy,natural_gas,930.893250915124,421.341
food,vegan,2.2867557909556444,3.527
food,other,2.3740357109694337,7.805
transport,car-gasoline,0.8444760858162507,0.1685
travel,car-electric,433.62988624575024,21.647
energy,natural_gas,332.77767352481646,148.309
food,fish,1.4399280548228477,7.468
travel,walking,238.20974136787376,0.897
energy,natural_gas,315.6953620043548,139.279
consumption,electronics,2848.537202785722,201.218
consumption,clothing,2109.513714851189,31.084
consumption,clothing,2723.838321174669,42.535
consumption,home-goods,5264.1748151824895,156.9
energy,coal,889.9938427470131,934.579
food,other,2.019274520567512,5.694
travel,car-gasoline,323.2595955149478,61.927
consumption,clothing,1.0370050417095018,0.0119
transport,train,0.94740327520431,0.0308
consumption,clothing,0.7217917139574216,0.0023
energy,renewable,630.3886619382085,14.335
food,beef,0.7437085549493421,20.0579
travel,car-electric,240.48947852384464,11.832
food,other,2.1855490811184923,5.757
consumption,electronics,8297.85241737047,580.94
energy,electricity-grid,0.7785249936303588,0.5491
consumption,electronics,6542.642433616667,459.278
consumption,clothing,0.7516463043250945,0.0263
consumption,home-goods,3517.6660403317505,105.818
food,vegetarian,1.5414805694604967,3.613
transport,train,1.1508918346379384,0.0369
food,white-meat,1.0641614576301377,6.617
energy,coal,492.74008286722585,518.482
consumption,services,8962.405788742615,88.901
energy,natural_gas,217.1164448531962,94.991
consumption,services,4527.783694585939,46.888
energy,electricity-grid,1.0102660951990317,0.7166
consumption,services,7648.287973606038,74.747
food,fish,2.667352607076281,14.387
consumption,home-goods,1272.2577896281866,37.855
food,other,0.8528152957483046,2.475
consumption,clothing,6317.709015409532,96.161
consumption,other,3567.8110993331543,70.057
food,red-meat,2.180904644830486,58.282
food,red-meat,1.9927915500387583,53.059
travel,bicycle,142.3881311845252,-0.023
energy,coal,403.30101727356566,419.474
consumption,services,6035.4076384780765,59.918
food,vegan,2.153400984153264,3.215
food,beef,0.8128810144095464,21.9591
food,white-meat,2.0236694084165547,13.68
energy,coal,514.4414912440174,541.925
travel,car-electric,263.7852748372108,13.114
energy,renewable,789.233821703586,16.095
food,vegetarian,2.7743170948354923,6.256
energy,electricity-grid,514.5093465066333,367.522
travel,car-electric,244.96001806443323,12.394
travel,bicycle,71.4977465884774,0.289
food,white-meat,0.735993689759648,4.964
energy,natural_gas,190.20402446696124,86.12
consumption,other,8633.606999802298,172.457
travel,flight-short,485.5580643375185,123.798
travel,flight-long,468.7566451820624,69.665
consumption,electronics,614.3635378397918,42.501
travel,flight-short,447.1008652939273,113.809
energy,renewable,538.4846826585391,11.948
food,other,1.5205937983657467,5.048
energy,natural_gas,250.25357660305903,109.17
energy,renewable,298.6569763855486,3.506
energy,electricity-grid,0.9639101608399364,0.6985
travel,bus,178.73663791167948,19.039
consumption,services,5820.621706324355,58.47
food,red-meat,0.8734540905660801,23.915
consumption,clothing,0.881467886940526,0.0141
consumption,electronics,7349.537201415071,515.477
energy,coal,952.462890690647,999.398
energy,renewable,750.5105332932281,16.586
energy,coal,625.7048397844994,656.879
energy,electricity-grid,0.6894894064128094,0.5165
travel,motorcycle,346.5255804122449,38.291
transport,train,1.1674858235503176,0.034
transport,car-gasoline,1.4373253514673276,0.2835
consumption,home-goods,6664.760436477495,200.071
consumption,electronics,9310.09191447295,651.044
energy,natural_gas,903.2875880555948,409.243
energy,electricity-grid,597.8318133308466,422.914
travel,bicycle,487.5585143096261,0.073
food,white-meat,2.119555762061089,14.397
transport,train,1.2634206408016042,0.0268
transport,car-gasoline,0.5798731462711437,0.1004
food,vegan,2.914132936916031,4.365
travel,flight-long,486.5660033231941,72.709
transport,car-gasoline,0.354329466014064,0.0923
travel,flight-long,175.9628386733812,26.004
consumption,home-goods,127.20850095737364,2.429
energy,renewable,17.575888151965287,2.917
consumption,electronics,8839.514565407573,618.309
energy,electricity-grid,1.133127919577278,0.7832
consumption,other,3078.459445124032,62.44
transport,train,1.17792119920783,0.033
energy,renewable,883.0319017022034,19.138
food,vegetarian,0.8261285248590451,1.162
consumption,services,2202.194355946812,22.626
travel,bus,82.96863316756547,9.06
energy,natural_gas,856.1450738182597,386.772
energy,electricity-grid,131.92757217348608,93.482
consumption,clothing,884.7847082576476,13.891
food,fish,1.6703548546768394,7.874
consumption,electronics,6250.316304992771,438.002
food,other,1.3700674079717985,4.073
travel,car-electric,67.78035313684688,4.168
energy,coal,315.60352614430684,328.692
travel,car-gasoline,300.7041617305718,58.155
consumption,electronics,8784.157746159399,614.166
consumption,clothing,676.5655169003194,10.617
travel,bus,286.4300954053824,30.058
travel,bicycle,29.149377934523027,0.117
consumption,other,1965.672658609488,38.75
transport,train,1.2365390327634562,0.0488
energy,electricity-grid,858.2622738568524,606.939
food,vegetarian,2.78784705101224,6.05
consumption,clothing,0.2371904455720699,0.0032
travel,train,480.8712022414518,20.371
food,fish,2.6310760439227976,13.76
travel,train,57.17761481555657,2.748
travel,car-gasoline,195.5463041178305,37.834
food,white-meat,2.193354615203791,15.101
consumption,clothing,1.180957793316148,0.02
energy,electricity-grid,355.44249236673227,248.806
energy,electricity-grid,308.395110576454,218.176
energy,electricity-grid,704.3274211390652,497.065
food,other,2.387331349462626,7.864
consumption,home-goods,3003.1620402657973,90.818
energy,renewable,820.8754646060125,17.029
food,white-meat,1.452867205086839,10.815
food,vegan,1.293147935892169,1.617
energy,renewable,905.393700011505,14.102
food,other,2.792691948674533,7.421
energy,renewable,845.2757306445387,18.383
travel,car-electric,202.66602050386547,10.728
travel,flight-long,323.5785949721789,48.453
energy,renewable,610.9362082604091,10.108
travel,flight-long,82.67821693118545,11.761
food,beef,0.9544079240071884,25.7689
travel,motorcycle,190.2735434943889,20.565
food,vegan,2.513665707601467,3.549
food,beef,1.4382557352329652,38.8328
energy,natural_gas,92.21749374212555,40.14
travel,car-gasoline,301.1753857706122,58.976
consumption,electronics,8192.236355960003,572.066
food,other,2.6566879073643146,8.247
food,fish,2.0847236545811048,9.686
transport,train,1.7409163816283542,0.0684
travel,car-gasoline,199.3884385226736,38.907
consumption,home-goods,6463.40338858663,193.822
travel,walking,33.61281405867224,0.649
food,white-meat,1.444492059773529,10.537
energy,electricity-grid,574.3552069868592,408.694
consumption,other,9330.184928486997,185.92
consumption,home-goods,1634.8662216271118,47.036
energy,coal,623.0079030650594,652.885
travel,motorcycle,493.8734724782797,53.359
energy,electricity-grid,1.327907227790195,0.9573
food,vegan,0.8910672970540476,1.568
energy,natural_gas,210.70812770230344,96.131
consumption,services,8691.202660527331,88.579
consumption,clothing,1.27833335198226,0.0116
travel,flight-short,270.20615489529325,68.577
energy,electricity-grid,1.5326541719871356,1.0787
travel,motorcycle,3.827241450254068,0.511
food,red-meat,1.3554660143966435,36.734
food,white-meat,1.0984245908551158,6.816
food,beef,1.1076070111086165,29.9175
consumption,other,3075.894573061227,63.382
energy,coal,632.7638602090431,665.975
travel,walking,487.7951165256954,1.138
energy,renewable,450.2273002065363,6.949
consumption,electronics,4317.100895001053,302.137
travel,car-gasoline,485.15829775330246,92.989
consumption,home-goods,2406.288628165004,70.729
travel,motorcycle,449.1172439260434,49.455
energy,electricity-grid,334.5685690550274,238.314
food,red-meat,1.3191374092090389,35.611
travel,car-electric,318.685516489519,15.5
energy,coal,448.1043032509558,468.86
travel,car-electric,446.04420026055664,22.832
food,white-meat,0.6320647347715063,4.094
consumption,other,3754.182585258585,75.23
energy,electricity-grid,0.5005246058285644,0.3494
consumption,electronics,6218.664600055197,435.883
consumption,services,1127.4790970050224,11.57
consumption,other,7999.700780210769,158.769
energy,electricity-grid,0.9167229068877047,0.6626
energy,electricity-grid,0.0227665512604184,0.0059
food,vegetarian,2.932404087380104,4.886
food,fish,2.522444374034272,12.882
consumption,electronics,5957.819986451436,417.874
consumption,home-goods,9426.317901330009,280.296
food,red-meat,1.8973831006759423,51.351
consumption,other,2033.8391491557384,40.521
travel,bus,498.9126069853072,53.249
food,vegan,0.5609774827752418,1.505
food,red-meat,0.7854594505928304,22.492
consumption,services,4528.736512720626,45.062
energy,renewable,279.65913799740326,6.704
food,beef,1.803467603295667,48.7054
consumption,clothing,807.0430313167973,13.176
travel,train,204.14613807368812,8.858
energy,renewable,41.21774500622287,2.915
travel,bicycle,425.1377103688503,-0.224
food,white-meat,1.8603150049077524,13.162
consumption,clothing,1.0684405607730711,-0.0058
energy,electricity-grid,691.5554171222034,492.781
energy,natural_gas,433.4070811361151,193.248
food,vegetarian,2.5754814076739283,4.821
consumption,home-goods,7826.155138854018,235.587
food,white-meat,2.7863153845051403,18.031
transport,train,0.7902727544122368,0.0268
energy,electricity-grid,484.0663009395787,341.287
food,other,0.6694909895702814,2.434
transport,car-gasoline,1.4710825417420073,0.2657
consumption,clothing,7767.763621494032,114.352
consumption,clothing,1775.0629097372066,25.628
energy,renewable,803.0483577865505,13.473
travel,car-electric,6.203421999304131,-0.121
consumption,services,6949.995714342071,69.585
consumption,home-goods,3711.451518008527,111.555
travel,flight-long,189.48671420197115,28.26
energy,coal,800.2733586447911,839.081
food,beef,0.1237588334395449,3.334
food,white-meat,1.5923871527092444,10.586
energy,natural_gas,653.2967084797044,291.776
travel,walking,362.5339088479104,-0.957
food,fish,2.3317504596770178,13.142
food,red-meat,2.9536189885728232,79.546
energy,natural_gas,343.6836858774344,153.315
food,vegan,0.6455437801883491,1.073
energy,coal,449.5887226095917,470.635
consumption,home-goods,4980.31631443985,149.878
energy,renewable,415.5454756436008,7.012
energy,renewable,773.2137345842812,17.52
transport,train,1.1105323372004223,0.0496
energy,renewable,6.340814693510092,-0.13
consumption,clothing,7363.080567717459,110.893
consumption,electronics,429.27653962549147,29.908
consumption,home-goods,4544.830447478648,135.381
food,fish,2.069659565005254,10.576
consumption,home-goods,1134.267711573962,34.679
food,vegan,0.9824600198475716,1.681
food,vegetarian,1.5394370024741286,2.959
food,fish,1.8544007998525385,9.467
travel,car-electric,136.5128136107689,7.002
energy,renewable,137.9157500253273,3.28
travel,car-electric,234.861660355069,11.904
food,vegan,2.7035258308081254,4.9
consumption,other,9766.075838740278,194.33
food,beef,0.9940083178282488,26.8581
food,white-meat,2.464521210610875,16.907
food,beef,0.4066136191577001,10.9847
food,white-meat,1.3871143085766455,10.25
travel,bus,225.84791247258383,23.725
consumption,services,9245.272093910156,92.844
food,vegan,0.7363908619359706,0.824
travel,car-electric,361.1390548058725,17.728
energy,natural_gas,170.7171861458382,72.924
transport,train,1.2396844684585464,0.0526
travel,car-electric,138.80860935262885,6.776
consumption,clothing,2254.854632872501,33.025
food,other,2.4302238097032127,7.525
food,other,2.5127980218866623,7.812
energy,natural_gas,737.3952815426825,330.226
travel,bicycle,270.85608373778666,-0.505
consumption,home-goods,4124.006979391726,123.411
food,fish,2.867600695360898,15.131
energy,natural_gas,981.4019509070388,441.15
energy,electricity-grid,909.266088789532,645.668
food,fish,0.5964789048453346,2.861
food,white-meat,1.9423403083620991,14.136
energy,natural_gas,62.38484384065672,32.51
consumption,clothing,1.5349688166290891,0.0205
consumption,clothing,5481.3010401466345,81.277
food,red-meat,1.061398673172241,27.804
energy,electricity-grid,0.2962602044865484,0.2146
food,beef,1.1611747489682125,31.3397
energy,coal,947.3526994206468,995.698
travel,car-electric,499.7074491595626,25.893
energy,natural_gas,813.3345075128169,367.673
energy,electricity-grid,1.2600926037798184,0.8823
consumption,electronics,1619.1510315319442,112.212
energy,natural_gas,733.1263281444991,330.653
food,other,1.3215108486996068,3.873
consumption,other,161.43308729425598,2.821
consumption,services,1366.689033394909,14.841
energy,natural_gas,436.5591853900153,199.656
consumption,clothing,4186.250603935044,63.027
food,vegan,2.645933449402656,3.968
food,vegan,2.368090345098876,3.645
consumption,clothing,587.2929572013375,8.225
consumption,other,2312.846200799117,46.758
consumption,services,7677.245078949195,77.908
consumption,clothing,560.7769946705919,6.879
food,vegan,1.978252872308112,3.373
transport,train,0.9286500321566908,0.0293
travel,car-gasoline,69.27249682856174,13.872
consumption,clothing,0.0480322551275909,-0.0018
consumption,clothing,0.629077098427744,0.0027
travel,train,7.687910589650639,0.758
food,beef,1.0167277391581355,27.4447
consumption,clothing,0.8503469274035854,0.0166
transport,train,0.9738184086311314,0.0516
energy,natural_gas,921.3862047007624,415.223
food,vegetarian,1.8515274858118227,3.255
energy,electricity-grid,197.4569313680057,139.802
consumption,electronics,2502.455200288525,176.517
travel,bicycle,41.79775694248709,-0.056
consumption,services,6815.786559075076,68.077
consumption,services,7474.003233474491,72.996
travel,flight-long,388.5785679206354,58.276
consumption,electronics,588.6373636030916,41.438
energy,coal,805.6905499862121,845.669
food,vegetarian,0.7595984652773189,1.343
travel,bus,81.67459952925452,8.829
travel,flight-long,166.74105991481454,24.484
travel,bicycle,103.71476380834736,0.896
energy,coal,204.46347063491217,215.747
travel,bus,297.23673481306065,31.313
energy,electricity-grid,826.7917271569862,582.539
energy,electricity-grid,0.5667884381630727,0.4068
consumption,services,1316.826659440149,13.014
travel,car-gasoline,205.2966238366921,39.234
consumption,home-goods,4016.066644048635,121.179
food,white-meat,1.9697558122370364,13.511
consumption,home-goods,3273.5622602873127,98.863
travel,walking,447.1530569640921,0.706
food,red-meat,1.7569586046167014,47.346
consumption,services,734.0719732823393,5.272
transport,train,0.5470883481820414,0.009
transport,train,0.9032321365051345,0.0289
energy,natural_gas,364.04052806742754,158.035
transport,train,0.6355508432519579,0.0227
travel,train,79.5058137209123,3.416
travel,train,467.2835773759516,19.127
energy,renewable,754.1112087630881,15.845
food,other,0.9428036440060488,2.314
consumption,electronics,7259.861476203756,509.166
transport,train,1.0709517362337118,0.0524
energy,natural_gas,902.5106202528174,408.877
travel,motorcycle,383.00782850741456,42.464
travel,flight-short,253.43845076334853,64.525
consumption,home-goods,6349.032668157815,189.795
travel,walking,392.8095820310558,0.013
transport,train,0.5116608743749895,0.046
travel,car-electric,83.97540100928363,3.014
energy,coal,577.3043201098973,605.331
consumption,home-goods,5622.039692827738,166.121
transport,car-gasoline,0.7050264444064098,0.1356
consumption,clothing,1.1653385154752811,0.0142
food,beef,0.6090466999061455,16.4327
food,beef,1.3885559557710172,37.4954
consumption,clothing,8474.883804447496,125.288
travel,bus,16.526684358761486,1.992
energy,coal,765.5980004941827,801.662
travel,car-gasoline,211.20277859374195,41.161
travel,walking,471.2511225320144,-0.801
consumption,electronics,9982.8604172888,698.084
food,other,1.6986374453744142,5.194
transport,train,0.8889525203453928,0.0368
energy,electricity-grid,46.53957279072013,34.798
food,white-meat,1.9451802550310315,13.424
energy,coal,651.1823883399235,681.437
energy,natural_gas,124.10934314060852,54.421
travel,motorcycle,481.1927912909043,53.557
energy,electricity-grid,423.5206001978162,296.176
consumption,services,7701.05714823599,78.113
travel,bicycle,61.00336602932614,-0.06
energy,natural_gas,91.46890813331956,39.475
consumption,clothing,6543.503347386168,98.69
travel,flight-short,142.63039506473663,36.743
travel,flight-short,338.24802548570386,85.589
travel,bus,136.8004234777514,13.483
energy,electricity-grid,0.8114693985718429,0.5644
energy,renewable,186.22344152368024,3.833
food,white-meat,1.1057333230011663,7.676
consumption,clothing,0.3530040883033706,0.0094
travel,motorcycle,457.50810463298194,50.464
travel,car-electric,260.5638868294872,13.55
food,vegan,2.8464455989650825,4.303
travel,car-electric,91.68785616402202,4.88
travel,flight-long,354.8211992060073,53.915
consumption,clothing,5620.837497490989,84.994
consumption,home-goods,4065.0515267469327,120.816
consumption,home-goods,9349.786929436845,279.799
consumption,clothing,76.8771074999265,1.432
food,beef,1.5545104328323291,41.9834
food,vegan,1.119831124514518,1.135
transport,car-gasoline,0.7259926228259743,0.1573
energy,coal,423.2333777551694,445.452
food,vegan,0.7981791800993585,1.198
transport,car-gasoline,1.326627609588414,0.2499
food,other,0.5386185693326948,0.821
consumption,clothing,0.6468086504374227,0.0266
food,fish,2.164126251564899,11.511
energy,electricity-grid,1.0690246975963535,0.7853
food,vegetarian,1.560972545181276,2.904
consumption,clothing,0.5114118091506701,-0.0051
transport,train,0.474422201316012,0.0221
energy,natural_gas,445.2680640814774,203.561
food,red-meat,2.551603900886197,68.839
food,fish,0.5451505493999014,2.778
energy,electricity-grid,0.9809167373296414,0.6887
consumption,electronics,2951.1982817613107,204.663
consumption,electronics,1244.0273586880362,84.921
transport,train,1.3032579556842707,0.0497
energy,coal,378.4613745134595,393.865
food,fish,1.981420456912067,10.124
food,vegetarian,0.8122995268515836,1.934
energy,coal,89.0462965457148,94.273
food,beef,1.2266499796964283,33.1068
travel,car-electric,433.6487165651018,20.902
consumption,home-goods,2169.9524826244783,64.173
travel,bus,476.2810912272356,50.22
travel,motorcycle,377.76592244439286,42.161
food,vegetarian,0.6280607410107831,1.168
consumption,other,9761.902331017449,194.94
transport,car-gasoline,0.8689525335737937,0.1742
food,other,1.8005799012600636,5.337
food,other,2.561292674499823,7.33
travel,flight-short,217.1901277368561,56.365
transport,car-gasoline,0.9530325904856164,0.1933
consumption,clothing,0.9615635123325066,0.0347
travel,walking,448.1495586618231,-0.351
energy,electricity-grid,0.9869485992362572,0.6741
energy,renewable,184.8607272781633,2.139
travel,flight-long,267.61098539494424,40.429
consumption,clothing,0.8574146344787827,0.0086
food,other,2.346347598689769,7.277
energy,electricity-grid,1.32169531787307,0.9328
energy,natural_gas,126.51784891990168,55.304
energy,renewable,342.7273652228978,2.655
food,beef,0.7497937373271965,20.249
consumption,services,1750.058983895325,16.389
consumption,services,1317.351758531941,12.835
food,vegetarian,0.936246215994888,2.404
travel,motorcycle,461.32719120747055,50.351
travel,bicycle,382.4219584486463,0.498
energy,electricity-grid,1.6862800371522415,1.1948
transport,car-gasoline,0.6118802015623936,0.1249
travel,train,318.9083277033716,11.813
travel,flight-long,481.78612120290654,72.275
energy,electricity-grid,954.5992885750824,673.845
energy,natural_gas,724.5083150643372,323.88
transport,car-gasoline,1.2760233359234665,0.243
energy,renewable,928.0862224926516,15.231
energy,electricity-grid,876.4431137091692,618.961
travel,motorcycle,421.27314242563,45.601
energy,electricity-grid,321.4037999354976,224.155
food,beef,0.2378334127936495,6.4209
energy,coal,254.10381288960176,266.022
consumption,services,93.2234744516946,-0.102
travel,flight-short,285.6515432282943,72.927
energy,electricity-grid,663.6991714806667,469.412
travel,motorcycle,463.2241383781611,51.286
travel,train,316.44759009404225,13.06
food,fish,1.6667078895771603,9.062
energy,renewable,316.31758215178513,6.812
travel,bus,325.83576010832616,35.218
consumption,electronics,1608.6414147181536,112.491
food,vegan,1.651681979137483,2.322
food,other,1.7641408935755485,6.007
food,vegetarian,2.361048134533315,4.693
travel,train,54.904851311215,2.793
food,white-meat,1.5653059274312138,11.882
consumption,clothing,1.3090993350818836,0.0175
food,fish,0.6270064742223556,3.112
food,beef,0.5649289221074967,15.2556
consumption,home-goods,695.1004769226026,19.709
travel,flight-long,492.0225684420217,73.034
energy,natural_gas,943.630569891142,423.849
energy,natural_gas,170.55870014834625,81.224
consumption,home-goods,7667.206123288191,228.478
food,white-meat,2.824838985185214,18.831
consumption,other,2145.7856366292945,43.074
food,red-meat,0.8922565603653003,24.396
energy,electricity-grid,916.5726619643988,650.148
consumption,electronics,6997.2437622700045,492.212
consumption,electronics,4633.815486147231,325.383
energy,natural_gas,310.35920153089126,140.02
food,beef,1.343493254063734,36.2828
food,vegetarian,2.310965889995112,3.947
food,red-meat,0.5787826077055289,15.783
food,white-meat,2.212515216657947,14.802
energy,coal,774.711117516671,813.59
energy,renewable,312.5675563279615,2.38
travel,flight-long,476.5828516649527,71.79
food,vegan,0.6041100558499508,0.632
transport,train,1.1697437759693197,0.0523
energy,coal,810.8728867672543,850.235
food,beef,1.320727716080421,35.6447
consumption,clothing,1333.9160387138452,17.606
consumption,electronics,2258.850697938807,157.486
energy,natural_gas,344.04331547546656,153.911
consumption,services,9261.119292792122,92.296
food,vegan,2.883290930502401,4.467
food,fish,1.7391348022081177,9.204
travel,motorcycle,162.96832912023487,17.288
travel,train,420.1336351715634,16.864
travel,train,287.1455061735198,11.466
energy,electricity-grid,546.9120831863962,389.112
food,other,1.118015184347192,2.931
food,beef,1.5430352837107368,41.6708
energy,electricity-grid,110.3814815819077,74.589
consumption,other,8093.405190832522,163.647
consumption,clothing,5006.390258130605,73.434
food,white-meat,2.5081585015678205,17.775
consumption,services,6614.462933145991,65.732
transport,car-gasoline,0.8568132444986408,0.168
consumption,other,3088.545745586214,61.576
travel,train,152.29383567106197,7.144
food,other,2.2454346517872628,6.244
consumption,clothing,1.4023435937863429,0.0229
consumption,other,1053.0316115338985,20.312
food,white-meat,1.880402067427531,12.926
energy,electricity-grid,1.5221891762282709,1.0721
transport,car-gasoline,0.9435237671638652,0.2071
transport,train,0.5581329809089939,0.0115
travel,train,352.6357006055867,14.764
food,vegan,1.845302525099533,2.706
food,beef,0.909325428519532,24.5345
energy,coal,701.8637003373393,735.637
energy,natural_gas,12.99102424540986,4.958
food,fish,1.1534932914009872,5.749
energy,natural_gas,868.111647104172,391.36
energy,coal,9.051044238777669,10.012
food,beef,0.9112991927970362,24.5886
energy,electricity-grid,710.4225079239727,501.219
energy,electricity-grid,1.5316288387976384,1.1043
consumption,electronics,6739.016252329032,470.822
travel,flight-short,234.23335411368492,59.168
consumption,clothing,6054.004905799218,92.222
transport,train,0.5336917531332133,0.0404
travel,flight-short,231.2772548477424,59.681
food,vegan,2.044532986473216,2.897
energy,renewable,640.7403658975968,13.726
food,white-meat,2.130660014859425,14.315
travel,bus,340.4338929732144,35.617
consumption,home-goods,8919.977892335904,267.877
transport,car-gasoline,0.7169688435925945,0.1403
food,red-meat,1.956422273037028,52.197
travel,flight-long,396.46817458949664,59.92
energy,natural_gas,268.7292696174936,125.515
travel,flight-long,221.70708242807424,32.698
energy,electricity-grid,0.6499632978499912,0.4689
consumption,clothing,1.4520648743436655,0.0334
food,beef,0.4510962190360824,12.1685
consumption,services,4316.948202209037,41.946
travel,bicycle,293.8337178924187,-0.312
energy,coal,959.125158040121,1008.31
energy,electricity-grid,1.8089947624002325,1.288
energy,coal,777.9397715834781,815.601
food,red-meat,1.4044250144324502,38.409
food,vegan,0.9863699242497782,1.124
energy,coal,744.9919911013808,779.643
travel,car-gasoline,110.03640734271102,20.838
consumption,home-goods,5151.2463196716735,154.765
transport,car-gasoline,1.2744567696967066,0.2306
food,vegetarian,2.106934154045732,4.832
food,fish,0.6888177150647172,3.377
transport,car-gasoline,1.4131984316385555,0.2576
energy,natural_gas,346.23400628494227,157.1
travel,walking,231.3963557627464,0.115
consumption,home-goods,230.6717577904344,5.628
food,vegan,2.9567001218060853,4.419
consumption,other,5126.618518957314,102.911
food,red-meat,2.209691852908266,60.428
food,other,2.614271454291818,7.574
energy,coal,129.9571089473193,137.997
travel,car-electric,234.0170319818417,11.778
energy,electricity-grid,727.2915084871198,515.52
travel,flight-long,295.3879926716804,43.004
energy,renewable,557.7798324034351,10.747
energy,electricity-grid,32.11794370059768,23.65
food,vegan,0.6540199632311732,2.01
energy,renewable,431.105285092124,9.883
consumption,services,769.1035046629473,9.371
food,vegetarian,1.4587028064376062,3.138
consumption,other,6363.622586992771,124.935
food,fish,2.1420380777211223,10.724
travel,train,170.54464474840782,5.818
consumption,services,8265.430887495806,82.148
consumption,services,6587.798566202807,65.057
food,white-meat,1.927478928314946,14.164
food,beef,1.2279605585770568,33.1636
food,vegan,0.9814540811463196,1.554
energy,coal,786.7358600084561,827.69
food,other,2.970926416803928,8.566
transport,train,0.8713345677803535,0.0329
energy,electricity-grid,695.4922787438556,494.326
energy,renewable,656.7531938971563,11.49
energy,electricity-grid,0.597484898464822,0.425
food,vegetarian,2.177066701939838,3.827
consumption,services,7458.340728190564,74.408
energy,renewable,501.0787381134005,11.788
energy,electricity-grid,0.7141296840863713,0.4973
energy,renewable,670.7638994631207,11.005
consumption,electronics,3111.855684175491,218.455
food,red-meat,2.368782426456192,62.984
consumption,clothing,1.1862368701580794,0.0065
travel,bus,312.2007403668428,32.645
consumption,other,7070.678108276095,141.644
consumption,home-goods,413.37777484467,12.084
food,fish,2.818792539269561,14.579
food,beef,1.546723786688113,41.7689
energy,electricity-grid,750.403076202081,533.671
energy,natural_gas,75.74638398977807,36.55
consumption,other,9038.907170834793,181.199
travel,bicycle,446.25894657168647,0.397
consumption,services,1601.393412269236,15.775
food,fish,2.00456587158262,11.335
food,beef,0.5843415478558323,15.784
energy,electricity-grid,1.2013736431387645,0.836
food,red-meat,1.7717098767101975,47.627
consumption,other,7087.31579073107,142.128
food,fish,2.4017620151097376,12.605
travel,bicycle,312.9771799956907,0.138
consumption,home-goods,776.0349126105928,22.986
energy,natural_gas,463.130953558048,207.067
consumption,clothing,8866.435972600475,133.683
energy,electricity-grid,695.2751629883544,491.96
consumption,services,4842.9133882227925,49.23
food,other,2.0085105305506152,6.051
consumption,clothing,0.9879937071808392,0.0083
energy,electricity-grid,36.89425200378702,25.805
food,white-meat,2.589457677136503,17.196
consumption,electronics,391.2021991898965,26.329
food,white-meat,2.9047205968142698,19.746
consumption,electronics,2198.585130000344,153.517
consumption,other,5782.004746194213,114.583
consumption,services,2534.3198604060863,25.988
energy,renewable,233.6256983192181,8.167
food,beef,1.8739241243939235,50.5905
food,vegan,2.8316026563849617,4.258
consumption,electronics,6237.725540709415,436.57
energy,natural_gas,565.0752180383058,250.631
energy,coal,373.6268357312961,393.638
food,vegetarian,1.5336644167754003,3.236
consumption,electronics,1977.7023835968653,138.53
travel,car-electric,236.9730908509579,11.556
food,beef,0.984067601886408,26.5837
food,vegan,1.2715816213098767,1.372
consumption,services,5615.053627164429,56.39
energy,renewable,154.62992180770297,1.276
travel,car-gasoline,412.0714017264261,79.19
energy,renewable,979.0528089508756,22.462
food,other,0.5776703256111408,1.619
food,beef,1.020481564229586,27.5407
travel,bus,134.62056106867874,14.533
travel,flight-long,119.37616907626123,17.896
energy,natural_gas,134.51693082910748,56.896
energy,electricity-grid,1.4399533094213877,1.0185
food,vegan,1.7927948271422989,2.781
food,other,2.368289563932216,7.709
energy,natural_gas,403.3367452620839,185.657
transport,car-gasoline,0.7907838281533657,0.1444
food,other,1.1735986157591376,4.021
food,fish,2.0746810004579475,10.0
energy,coal,25.65947306736003,28.376
energy,natural_gas,660.7278641434297,298.473
transport,train,0.9137608994640638,0.0468
travel,bicycle,133.335981473181,1.531
consumption,electronics,548.1420445782787,39.735
travel,bus,269.0944449403209,27.954
food,other,2.138589946101653,6.673
food,vegan,1.906638557256856,3.024
consumption,electronics,6970.110168817621,487.869
consumption,services,251.7857389858287,2.789
consumption,electronics,4283.040382850639,300.399
energy,coal,545.4372958219179,572.402
consumption,home-goods,5897.30706215894,174.969
energy,natural_gas,35.39687726474124,16.803
energy,electricity-grid,968.3586331391556,683.066
travel,flight-long,200.1239271224184,29.459
consumption,electronics,8352.819438172377,585.97
energy,renewable,617.1668242446887,10.958
transport,train,1.6495773948065071,0.066
consumption,home-goods,2134.387916060017,63.967
energy,coal,897.4999210032647,943.842
consumption,electronics,1364.8266127901124,94.657
food,red-meat,0.709477431370654,19.381
energy,electricity-grid,382.7507759171618,265.875
travel,car-gasoline,257.4133776391771,48.894
consumption,clothing,8126.550297322298,121.094
transport,train,0.7063363310516217,0.0368
energy,renewable,991.78110809827,17.677
energy,coal,975.3677903455916,1022.408
food,vegetarian,2.0963593185047835,3.903
consumption,services,5815.967118763099,58.635
travel,car-gasoline,480.1076665983181,92.839
consumption,home-goods,5489.46102389343,164.527
food,red-meat,1.4405035332379954,38.74
consumption,services,2761.8490965356395,27.953
transport,car-gasoline,1.1152662030568343,0.2015
consumption,electronics,776.9335280261754,52.515
consumption,services,2662.3747886990022,25.097
energy,natural_gas,596.546506900347,268.442
transport,train,0.877844552318363,0.0461
food,fish,0.9296842563481172,4.476
energy,natural_gas,707.6896030328948,320.058
consumption,clothing,1765.7887389676457,26.032
energy,electricity-grid,940.2430080608306,665.459
travel,walking,386.53874099724186,0.405
travel,bicycle,310.8368433659711,0.923
energy,renewable,209.88826722502463,0.99
transport,car-gasoline,0.334990199145563,0.0493
food,white-meat,2.945663658823685,20.302
travel,walking,76.86040171119541,-0.115
travel,car-electric,161.85456864238677,7.792
travel,walking,499.6773962833516,0.061
energy,renewable,639.3931267560059,15.156
transport,car-gasoline,0.5711056186578776,0.118
consumption,home-goods,150.20779158121752,3.486
travel,motorcycle,341.4147464326786,36.871
food,beef,0.9182094682301996,24.7907
food,vegetarian,1.070250944755963,1.742
consumption,home-goods,9489.12876918032,285.545
travel,flight-short,438.4540814769706,111.881
food,vegan,1.5588514431037703,1.823
travel,train,436.8381958027486,17.824
consumption,electronics,5921.6584023274845,413.652
transport,car-gasoline,1.2904959493083858,0.2381
travel,flight-long,65.450548160596,9.878
energy,electricity-grid,231.5638592726052,164.361
food,vegetarian,1.5158305774094196,3.13
travel,flight-long,298.6462520177254,43.721
food,fish,2.901820220570608,14.295
consumption,home-goods,3281.749208034588,98.969
energy,natural_gas,398.4678373144097,179.648
transport,car-gasoline,0.4090603164580492,0.0842
travel,train,121.10566320441995,4.855
consumption,clothing,0.375070735359989,0.0084
transport,train,1.0343706437329625,0.0475
energy,renewable,812.900906273169,21.157
energy,electricity-grid,1.1477198056150832,0.7909
travel,flight-long,401.99816418532606,60.402
energy,renewable,192.82406865529668,3.601
consumption,other,2891.984666851592,58.528
food,white-meat,0.7750443028188589,5.136
energy,coal,879.8726498920493,925.215
food,white-meat,2.0473379069085844,14.409
consumption,electronics,244.24957844504152,16.849
energy,electricity-grid,237.4837553779791,167.299
travel,car-gasoline,110.31533574182704,21.184
food,white-meat,2.8792560159763427,19.439
consumption,other,2897.499664439178,58.985
energy,renewable,264.7403456095064,7.166
travel,walking,273.0076586020891,0.506
energy,coal,601.311093653427,627.163
food,fish,0.8625818343747211,4.478
transport,car-gasoline,0.6765359833369147,0.1371
food,beef,1.36692431938832,36.8874
energy,electricity-grid,126.98920705303516,89.265
food,fish,0.6561106874348104,2.843
consumption,other,8183.25392992765,162.993
food,red-meat,0.7938931228023414,21.904
travel,motorcycle,52.55116960488382,5.74
consumption,other,6219.314496398436,123.676
transport,train,1.797480827259502,0.0781
consumption,clothing,1.073578561000568,0.0293
food,beef,0.3852841944054739,10.4203
transport,train,0.763393652131773,0.0509
energy,electricity-grid,1.438645273384821,1.0143
consumption,other,9972.41068605986,199.205
consumption,clothing,1.916442869847496,0.0335
energy,renewable,589.4310708899307,11.433
energy,electricity-grid,652.2489646968982,460.291
transport,car-gasoline,1.0203354106439355,0.198
consumption,clothing,1.2442720896849848,0.0221
consumption,clothing,1.394830161163714,0.0049
consumption,electronics,8218.05085900263,576.237
energy,natural_gas,181.7110094775194,83.26
energy,electricity-grid,1.3152281606411842,0.9278
transport,train,0.9297715163263828,0.0392
food,white-meat,2.7037145489722763,19.466
consumption,clothing,1617.1304533542482,25.248
consumption,clothing,0.2378457328428134,-0.0136
energy,electricity-grid,341.0711445581454,242.979
transport,car-gasoline,0.788556014304903,0.1704
travel,bus,258.1027913772412,27.139
food,beef,1.4437520668065764,38.9806
food,vegetarian,1.3430050879223818,3.274
consumption,clothing,1.1025598236975354,0.0134
food,vegan,1.966615819437313,3.699
travel,walking,33.74744614243246,0.189
energy,coal,672.0371503848168,705.33
energy,electricity-grid,983.751298642082,699.093
energy,natural_gas,278.8214155512901,124.058
consumption,services,4417.141965052077,44.295
travel,walking,425.385335765658,0.249
food,beef,1.2187982899510543,32.9208
travel,train,312.4503050167179,13.434
food,other,0.9777640567278624,2.022
consumption,clothing,0.6792665652320913,0.0111
food,vegan,2.6574101161886885,4.287
food,beef,0.4361804478369567,11.7777
consumption,services,1572.773841780022,15.311
travel,flight-long,196.06209195685184,29.365
energy,renewable,103.665474407132,1.552
transport,car-gasoline,1.023225532009774,0.2089
energy,coal,108.11517181427897,110.754
travel,train,161.00045388759762,5.77
consumption,services,1350.7288398443825,11.901
food,other,0.5229138754595413,0.847
food,white-meat,2.250869722166424,15.016
transport,train,1.7076764676946654,0.0499
travel,car-electric,474.4938830894133,23.424
food,vegetarian,1.4646486170902726,3.628
energy,natural_gas,204.860324158054,93.501
travel,walking,442.0091565967495,-0.187
transport,car-gasoline,1.3665076795719482,0.2872
consumption,clothing,7456.926404653896,112.803
consumption,home-goods,9228.864018209906,277.277
consumption,clothing,5212.95083992826,78.236
travel,bus,397.7979111895832,41.547
transport,car-gasoline,0.3311257963695471,0.0555
energy,electricity-grid,997.1851715490476,706.023
travel,car-gasoline,432.9229956666516,83.094
consumption,clothing,1.3583988841654535,0.0218
transport,car-gasoline,1.1149918700059285,0.2157
transport,train,0.4871544755467744,0.0091
energy,renewable,638.1363677037459,12.673
energy,renewable,294.48213026821634,6.13
travel,bus,124.8649949358188,12.514
food,other,2.9357624077761937,9.557
consumption,clothing,1.2494788270231898,0.003
consumption,services,1050.277068983767,12.47
consumption,clothing,7148.900736318738,106.151
consumption,services,5363.575917327941,52.11
travel,bicycle,462.8930276826425,0.205
energy,natural_gas,233.4956205666363,105.411
travel,bicycle,282.08117654595355,-0.348
food,vegan,1.2958800553400271,1.965
transport,train,1.2475539271460372,0.0624
travel,car-gasoline,293.31926283997905,57.157
food,white-meat,1.201774356161485,8.183
energy,renewable,790.2248267183221,17.346
food,other,0.6038996206806464,1.412
food,beef,1.4503027396128405,39.1594
consumption,other,2618.67376820186,52.462
energy,renewable,111.32143154769156,3.319
energy,renewable,768.1084872700776,16.412
consumption,clothing,9148.68167905277,134.864
food,white-meat,0.7260474444791518,5.496
food,beef,1.4571321358224938,39.3437
energy,electricity-grid,0.7692042933631335,0.5568
travel,bus,127.58740476269622,12.811
food,fish,1.4858528658766608,8.574
consumption,home-goods,3272.3163212421823,98.474
consumption,home-goods,1168.2106005406586,35.948
energy,electricity-grid,0.50985982536708,0.3648
energy,natural_gas,845.0264764074738,378.816
transport,train,0.7632708493178856,0.029
energy,renewable,878.1004041171594,15.252
transport,train,1.2070911634760322,0.0428
consumption,clothing,1.065468704891888,0.013
travel,walking,88.00884807349073,0.034
food,red-meat,0.9936220427278292,27.163
travel,motorcycle,376.4348901894023,42.479
energy,renewable,112.0260101846804,3.965
travel,walking,127.29766805062476,0.77
travel,flight-long,290.47600261803854,43.798
travel,bus,191.8485336423142,19.93
travel,car-electric,107.54217178902528,5.514
food,beef,0.9301272333642014,25.135
consumption,clothing,7194.161790571096,107.883
travel,flight-long,341.8080496451491,52.157
consumption,clothing,0.8663918663049581,0.0052
energy,electricity-grid,0.6548762945567577,0.4644
food,white-meat,0.5288150351324632,3.417
energy,natural_gas,524.0400159503259,233.855
travel,bus,421.14321537685765,43.667
transport,train,1.0910155815584963,0.0303
food,other,1.674946086644486,4.807
food,fish,2.4816561918790425,12.576
energy,electricity-grid,141.18419367532147,97.699
consumption,clothing,0.755290538413792,-0.0032
consumption,electronics,6166.97098390481,432.446
food,other,0.5728094624727632,2.181
travel,walking,171.20392221263606,0.195
food,vegan,0.7644913006819973,1.827
food,white-meat,2.7770605508259902,19.177
travel,bicycle,118.82215002558476,-0.614
transport,train,1.1364906530769936,0.0498
travel,train,446.3869402464989,18.187
consumption,electronics,6729.469955280488,469.834
energy,electricity-grid,718.3500930396599,507.07
travel,walking,377.5168941682565,0.549
food,other,2.162044976790677,6.641
energy,renewable,837.2825082028215,18.972
travel,bicycle,1.165920554124214,0.025
consumption,electronics,2465.874923271438,172.723
consumption,other,7273.389354317055,144.982
transport,car-gasoline,1.1925773849247312,0.2323
energy,coal,345.43663865257435,357.981
consumption,services,5165.164405048774,51.304
travel,train,438.742489123938,17.81
transport,train,0.7464026146973943,0.027
food,vegan,0.6681015851300915,1.66
food,vegetarian,2.9317218581527134,5.68
travel,bicycle,168.4696166806515,0.27
transport,car-gasoline,1.0111697770717905,0.1866
consumption,home-goods,8457.256253862412,254.278
food,red-meat,2.4882196226192104,66.924
travel,bus,454.7008827249185,47.653
travel,walking,118.25172909298044,0.445
travel,car-electric,497.0755412493626,24.759
energy,electricity-grid,0.5803106999811924,0.4177
transport,car-gasoline,1.0730463134661583,0.1948
consumption,other,1684.1986188703868,34.764
transport,car-gasoline,1.1127820792741996,0.1994
energy,coal,895.9199158286344,940.133
travel,motorcycle,78.85330158077582,8.366
energy,renewable,644.264049110697,14.477
food,beef,1.0958190883476926,29.6061
food,vegan,2.7975956925716776,4.714
food,red-meat,1.5440975146717568,41.961
travel,bicycle,173.82665118861468,0.635
transport,car-gasoline,1.872627632387283,0.3559
energy,electricity-grid,753.7186385489372,531.647
energy,coal,861.5842403353029,905.801
energy,electricity-grid,1.1617901291402164,0.8385
food,vegetarian,2.6423753246734702,4.384
energy,coal,796.6879049402512,838.092
consumption,home-goods,8266.296653288835,248.706
food,vegan,1.7911108547570538,2.328
transport,train,0.5263116424424754,0.0166
travel,walking,319.35461769085555,0.576
travel,flight-long,296.87702748600987,44.111
consumption,clothing,1.0239425297383502,0.0243
travel,flight-long,271.27547311577257,40.663
travel,flight-long,86.87252541833443,13.007
food,red-meat,1.4952179455905772,40.819
energy,electricity-grid,1.3394151789367952,0.9643
food,vegetarian,1.765876383202031,3.775
food,beef,0.7483375255513205,20.2021
travel,car-electric,29.832499937186952,1.191
transport,train,0.9863571196041822,0.0433
travel,train,403.4880818208122,16.625
energy,electricity-grid,0.5060465490662489,0.3438
food,vegetarian,0.725489250500611,1.964
travel,train,103.02598214130118,3.794
energy,natural_gas,392.51865238096514,175.858
food,fish,1.2181442371926692,6.048
travel,flight-long,330.4384909821479,49.463
food,red-meat,1.9478245100876228,52.83
travel,car-electric,106.78503329463037,5.154
energy,electricity-grid,1.041229216769635,0.7345
energy,electricity-grid,0.5530179964423243,0.4008
energy,electricity-grid,325.02146188736066,228.67
energy,electricity-grid,1.5397770022555304,1.0824
food,white-meat,2.200626720825935,15.037
consumption,other,7795.036362814455,156.605
travel,bus,282.65610424876235,29.398
travel,flight-short,146.96503044430017,37.241
transport,train,1.367776966570016,0.0671
consumption,home-goods,1762.3935338661286,51.906
travel,motorcycle,115.0148866306306,12.864
energy,electricity-grid,654.6876634872269,463.445
consumption,other,2700.4575322287374,54.721
food,vegan,0.9923840755218034,2.297
food,beef,1.1525406324619665,31.119
consumption,services,6980.246475595047,71.862
travel,bus,199.1847524195372,21.061
energy,renewable,643.1522754358028,13.292
food,beef,1.107524478872817,29.8929
consumption,other,297.51502604532413,6.626
travel,motorcycle,220.72138576580613,23.911
food,vegetarian,0.6160072150378142,1.959
food,beef,1.888192248608476,50.9794
consumption,services,782.133880172424,7.815
food,red-meat,1.7589251860088877,47.148
food,vegan,0.7474215585217671,1.258
energy,natural_gas,641.3838327777194,287.728
food,other,1.254155604077872,3.467
travel,flight-short,325.7878071545499,83.488
energy,electricity-grid,221.2671517753345,156.9
food,white-meat,1.3015497663755669,8.826
food,vegan,0.5783566721471668,0.542
food,vegetarian,2.946264917331725,6.425
transport,train,0.9887929510664,0.0526
energy,electricity-grid,631.0046596880974,447.392
energy,electricity-grid,1.2644945392459437,0.8862
food,vegan,2.8180161619770776,3.385
food,other,2.666127658122604,8.206
consumption,electronics,5138.792242700793,360.305
travel,motorcycle,261.59938676734737,29.32
consumption,home-goods,6376.95154694352,192.509
energy,electricity-grid,1.1396392009622016,0.8019
consumption,clothing,1.2361306497766715,0.0256
energy,renewable,723.724370032151,15.069
energy,renewable,691.0355887981499,15.761
consumption,clothing,4422.509821764557,65.937
food,fish,2.11511736024149,10.013
energy,natural_gas,529.1786125641686,239.893
food,fish,2.6660685072468904,13.525
energy,renewable,128.25902958433895,3.098
food,beef,1.07177935669463,28.9429
consumption,clothing,2040.6640392947816,29.985
food,fish,0.7631629062010632,3.903
travel,train,497.4341285566015,20.228
consumption,home-goods,9428.966616078624,283.212
energy,renewable,224.3890071728721,5.057
travel,bicycle,116.18376538785202,-0.679
consumption,other,4257.540670137916,82.857
transport,train,1.5693167793695335,0.061
food,vegan,2.5446266585370814,4.364
consumption,clothing,1.167820176765565,0.0015
energy,electricity-grid,10.968797881790923,5.885
energy,coal,587.3495700523481,618.036
travel,flight-long,23.143955103085148,3.725
travel,flight-long,241.0915516340903,35.584
transport,train,0.7982720124083077,0.0221
energy,natural_gas,891.1306612842443,402.192
consumption,home-goods,5159.304715351479,154.383
consumption,other,3047.19619321968,60.626
travel,car-gasoline,77.79405726358767,14.66
travel,flight-long,188.2546923168905,28.461
transport,car-gasoline,1.598085799147428,0.3145
energy,coal,988.8466958577752,1037.209
food,red-meat,0.7670524824099765,21.906
food,red-meat,2.527718115500646,68.143
food,other,2.757073267589912,8.787
food,other,2.5143672304453,7.658
food,other,0.8696310946559594,1.62
food,white-meat,2.155929649781884,15.116
energy,electricity-grid,0.7013184414876417,0.4925
consumption,electronics,442.1248761393798,31.324
energy,renewable,706.9276292041288,11.233
travel,car-electric,204.81815332227865,10.141
energy,electricity-grid,1.162386199673208,0.818
consumption,clothing,0.8326722320234161,0.0096
energy,coal,866.2354438324569,908.142
consumption,other,4719.56481378207,93.982
energy,electricity-grid,1.6683402117774642,1.2032
travel,flight-long,115.11851029078204,17.284
food,red-meat,1.2932224594397632,34.352
energy,electricity-grid,907.3416954120494,641.521
energy,renewable,84.64121290750305,-1.388
consumption,clothing,1630.58428484236,23.986
food,red-meat,1.8413140209836203,49.536
energy,electricity-grid,0.371927160105057,0.2786
food,vegan,2.783611746188975,4.391
consumption,other,6872.786931396455,136.511
travel,motorcycle,280.3180861355529,31.731
travel,walking,65.78339802690707,0.493
travel,walking,493.01453084761255,-0.332
consumption,services,270.458462691623,0.919
travel,walking,208.660845091701,0.381
consumption,electronics,6453.343623724804,450.752
consumption,other,9986.051770968605,199.597
food,white-meat,1.218103369937102,9.103
consumption,clothing,1.0476306272898437,-0.0079
travel,car-gasoline,7.822310448671645,1.611
transport,car-gasoline,1.464876421061033,0.2903
food,other,1.5343322439508245,5.124
energy,electricity-grid,0.1321407671261777,0.1007
travel,car-electric,64.91977743673381,4.146
energy,renewable,218.530956129188,4.641
food,vegetarian,1.9310193149194128,3.129
travel,car-gasoline,374.0570807079493,71.029
travel,motorcycle,366.61682624454994,39.985
energy,electricity-grid,1.5112264419061712,1.0752
energy,electricity-grid,0.5721760376490712,0.4028
energy,electricity-grid,960.9592267818958,676.258
travel,flight-long,159.2806626659339,23.732
consumption,clothing,0.4786761265567933,0.0027
consumption,other,3269.914220869004,65.143
consumption,home-goods,5389.45759780295,161.784
energy,electricity-grid,1.5438873824579225,1.0787
food,vegan,0.8336721982053212,0.885
consumption,clothing,2781.9945397326646,39.909
transport,car-gasoline,0.7238089153734313,0.133
consumption,services,7966.02348545355,79.054
travel,bus,363.2518837562495,38.45
transport,car-gasoline,0.8010503401398846,0.1619
energy,natural_gas,415.5562441846781,185.39
food,red-meat,0.5563730538252161,15.152
consumption,home-goods,7510.041143035529,224.614
travel,flight-short,367.800450858139,93.474
consumption,home-goods,4794.535859837812,143.276
energy,renewable,562.9926460717743,11.293
consumption,clothing,1.444205020604976,0.0277
consumption,services,9099.697298628274,91.513
consumption,clothing,0.9080785186736906,0.004
food,red-meat,1.8539923069962168,49.376
food,beef,0.7785898526585778,21.0267
energy,electricity-grid,0.4072928604105669,0.2929
food,beef,1.6174155725523194,43.6584
food,fish,0.7341436315186862,4.125
travel,flight-short,24.20379263359268,5.798
travel,train,312.88956385651767,13.312
travel,flight-long,484.987284509487,72.886
food,other,1.4863778232034328,5.044
consumption,other,6581.89159942514,131.7
consumption,services,4540.800415283268,44.251
consumption,services,8358.484704298355,84.246
travel,motorcycle,483.2422755473373,52.167
energy,electricity-grid,1.1311494425241833,0.7633
travel,car-electric,20.17474813220017,0.819
transport,train,1.787778152532792,0.066
consumption,clothing,1.264289529783595,0.0213
food,fish,2.396009182585508,11.481
food,fish,1.025118343230174,6.653
consumption,clothing,1.0229587631834975,0.0112
energy,renewable,738.9844275758398,15.805
energy,coal,23.19626354355483,24.461
travel,flight-short,119.58113445220744,30.092
travel,car-electric,122.9322245768626,5.107
consumption,other,7525.167513530571,150.517
energy,electricity-grid,701.6819022741304,497.525
consumption,other,2470.567190483451,49.767
travel,car-electric,91.7306586363432,4.646
energy,electricity-grid,124.32641594454476,90.031
consumption,services,8587.052466137218,86.48
consumption,services,2897.5531545071326,27.271
food,red-meat,1.7177063608089451,46.416
consumption,electronics,8555.45952727227,600.3
consumption,other,6175.338921627472,123.542
food,other,0.8311723850446369,2.545
travel,flight-long,323.6857946394645,48.411
consumption,clothing,1.2730822590987594,0.0202
consumption,clothing,6465.696344484459,97.704
energy,coal,785.8574604255981,824.541
transport,train,1.3767611847044083,0.0528
energy,coal,662.5699261712634,696.759
travel,car-electric,151.6564333386734,7.233
food,vegan,1.6767648682898435,2.477
travel,bus,229.3921029744877,23.932
travel,car-gasoline,101.48052728585122,19.13
food,beef,1.4308649905763218,38.6351
travel,car-electric,33.53709103898554,2.471
food,beef,0.529887953361498,14.3002
food,other,2.2130036344246653,7.587
travel,car-gasoline,386.157005364629,73.577
travel,train,104.28929664077496,4.173
travel,flight-short,238.8331225790796,61.318
transport,car-gasoline,1.5422647583559712,0.2978
travel,walking,266.10161123279346,-0.126
travel,train,175.50191164317891,7.288
energy,renewable,822.8802187954892,14.748
food,vegan,0.7844048970113735,1.937
energy,electricity-grid,28.816063669835984,22.792
consumption,clothing,0.6508246821370957,0.0052
energy,renewable,821.0281602538656,16.971
travel,bicycle,130.61713809640278,-0.017
consumption,home-goods,1582.9134459634474,47.157
transport,train,1.1657448336715155,0.0509
energy,electricity-grid,0.9636720666498458,0.6922
food,beef,1.139181653042716,30.761
food,red-meat,1.6228705068305314,44.736
consumption,clothing,0.8354310121375808,0.0163
travel,car-gasoline,200.98076737678767,37.259
food,beef,1.4626472135660054,39.5052
travel,flight-long,480.6248401503252,72.33
food,vegan,1.093900036419425,1.176
food,red-meat,0.9932849264401498,27.453
consumption,clothing,4467.252355250854,67.466
food,beef,0.3735877535933549,10.1127
food,vegetarian,1.591454304354561,3.528
energy,natural_gas,429.2156349293232,190.647
food,fish,1.3411529064430303,6.263
travel,car-electric,435.8968662700358,21.515
food,white-meat,1.3614914893174297,9.506
travel,bicycle,146.5396267759423,0.393
consumption,clothing,0.1340456764351776,-0.0141
food,white-meat,0.8130750640718669,5.811
consumption,services,6348.637608807037,63.118
energy,electricity-grid,443.995663733208,315.341
food,fish,0.5381620991150744,1.964
food,other,0.8675373872494464,2.404
food,white-meat,1.4562111514564855,10.73
consumption,clothing,1.8270672422494496,0.0445
food,white-meat,2.3351838275146948,16.157
food,red-meat,1.0747959271540817,30.21
food,vegetarian,1.0668965435012898,2.68
consumption,clothing,2476.199041974607,37.675
food,white-meat,2.752944058043389,18.958
energy,natural_gas,297.4898953378307,129.748
transport,car-gasoline,0.843810001222444,0.1753
consumption,clothing,4052.979861225086,61.939
energy,coal,12.90606499526385,14.41
consumption,home-goods,8036.624334636554,240.878
travel,flight-long,322.3082225170242,47.906
transport,car-gasoline,0.9709734052163238,0.1779
consumption,services,6737.239686530327,66.341
consumption,clothing,2127.021529866361,31.038
transport,car-gasoline,1.1788653652342882,0.2382
food,vegan,0.8289132665983865,1.266
consumption,electronics,5301.333480235327,370.162
consumption,other,4109.543904369116,82.512
energy,electricity-grid,490.3806062410268,349.921
consumption,services,4449.453574222477,44.32
travel,bus,490.1854602743068,50.497
food,vegetarian,1.399562251591416,3.779
food,vegan,1.398347476289468,1.693
transport,train,0.3322837880222125,0.0207
travel,flight-short,184.1110835231956,47.529
travel,walking,390.86672918513005,0.907
transport,car-gasoline,1.6211317280795372,0.2951
food,beef,0.3560387194625251,9.6257
food,other,1.5796092307800742,5.511
consumption,electronics,1867.4973361272864,132.026
consumption,clothing,3761.420643791679,57.036
travel,train,252.91759606461588,9.637
consumption,other,6431.862824796999,128.112
food,other,2.068890059676616,6.163
food,other,1.9668702974183567,5.873
travel,bicycle,426.0687772000999,-0.369
consumption,clothing,0.9312103176458308,0.0046
consumption,clothing,1.6528608975381178,0.0155
food,vegan,2.9054647737295003,4.22
food,beef,1.3419152005652188,36.2263
consumption,other,1497.6399001158725,29.082
consumption,electronics,5359.217814598566,375.955
energy,electricity-grid,126.87602583613028,93.209
travel,train,186.33287525742023,8.048
travel,flight-short,279.3487995300239,71.164
travel,car-electric,54.19252831375213,2.8
consumption,services,2629.2935970943245,27.74
travel,flight-long,188.0604191823284,28.554
travel,bicycle,489.46753627922953,0.455
energy,electricity-grid,180.42018165865585,127.052
food,vegetarian,1.0807241352411316,2.98
energy,electricity-grid,1.1796432362761549,0.8384
transport,car-gasoline,0.4229457315947277,0.0822
travel,flight-short,499.8571882738011,127.838
energy,electricity-grid,0.1679248109432511,0.1217
consumption,services,1587.9118661663338,15.543
travel,bicycle,128.3979558394875,-0.082
energy,natural_gas,802.0383282843532,357.499
food,red-meat,2.076471743271359,57.453
consumption,clothing,106.238443169788,0.139
consumption,other,8034.394867540862,159.937
food,fish,1.5264967430956664,7.919
consumption,clothing,1.3044684052294662,0.0263
consumption,clothing,1.225349216705953,0.0112
energy,electricity-grid,0.1684121740129931,0.1212
travel,flight-short,268.11975559484324,67.972
travel,flight-short,473.7278808528884,121.433
travel,bus,307.18845300449175,32.327
travel,bus,174.55679474319433,18.346
energy,electricity-grid,215.45319610856424,152.491
consumption,home-goods,6466.144030400955,194.762
consumption,other,1968.387807032236,39.97
food,vegetarian,2.5631216666304524,5.006
food,fish,1.7959136583383015,9.256
consumption,home-goods,9112.40955857399,273.306
travel,motorcycle,61.75919365151212,6.641
travel,car-gasoline,190.96415089927203,37.414
energy,natural_gas,160.46527653073505,71.051
energy,renewable,963.8593377175952,20.645
food,fish,1.5152053313994274,8.857
consumption,services,5362.587982966055,54.81
food,fish,1.556348450559637,8.903
transport,train,1.3229561642615617,0.0528
energy,renewable,220.6420944126079,6.251
travel,flight-long,78.36576674714435,11.796
food,other,1.6127666592949854,4.683
food,white-meat,2.529953726714276,18.038
energy,coal,817.8057549261816,857.011
consumption,home-goods,3663.1306693718775,109.977
food,beef,0.0228153193281792,0.6122
travel,car-gasoline,22.75828210546244,4.364
food,fish,1.8857517646198807,10.479
transport,car-gasoline,0.8736967967131621,0.1675
food,other,1.5072250776251217,4.642
consumption,clothing,9694.7061725299,145.891
energy,electricity-grid,464.5214320229404,329.188
food,red-meat,1.114999350766988,30.236
travel,bus,35.94482316798804,4.307
consumption,electronics,4196.113654750994,294.664
food,beef,1.3847040726141402,37.3966
food,other,2.188830921550142,5.717
energy,electricity-grid,1.0204206026973393,0.7294
food,red-meat,1.0742907092080791,29.71
energy,natural_gas,525.6287402175168,237.802
consumption,home-goods,1085.5557663615573,32.73
consumption,home-goods,6121.276833554586,182.927
energy,electricity-grid,948.5718071864012,671.759
consumption,home-goods,85.18940584708483,1.588
food,fish,1.3463850685926282,8.042
travel,flight-long,370.3405230119701,55.952
food,vegan,0.7287073948241178,1.08
consumption,services,4632.246944806943,46.312
consumption,clothing,0.8987440202158776,0.0297
energy,renewable,16.727170082681305,-1.729
transport,train,1.574867942121645,0.064
travel,bus,261.76572306903586,27.254
food,vegetarian,1.1616237624969037,1.938
food,fish,1.7131390103681028,7.803
transport,car-gasoline,0.5695973449140819,0.1166
energy,coal,334.27318224001414,350.146
energy,coal,337.8693689901864,358.626
food,fish,2.2089810630546727,11.155
energy,natural_gas,607.124992992719,269.451
travel,motorcycle,418.7024163608117,46.348
travel,motorcycle,179.99904718308971,20.003
energy,electricity-grid,897.0982940750466,636.213
food,vegetarian,2.8524144696069844,4.21
energy,electricity-grid,632.584381156195,445.049
consumption,clothing,1.2557172013061764,0.0123
food,vegetarian,0.8292738380158877,1.839
travel,flight-long,218.31722174468152,33.539
consumption,clothing,8380.330472439051,125.95
consumption,clothing,1660.8613200209663,25.307
consumption,clothing,8377.397082597456,126.044
consumption,clothing,279.70053149011324,4.567
consumption,electronics,8707.049171437364,610.64
energy,coal,827.0317024117803,866.269
energy,electricity-grid,204.8206410728401,147.132
energy,electricity-grid,398.39564748816906,279.167
travel,flight-short,193.31291386181687,49.399
food,red-meat,2.195306253841616,60.127
travel,walking,290.69146215961104,-0.61
food,red-meat,1.09001982580928,29.211
food,vegan,2.996402016464072,4.61
consumption,other,9313.64179500306,187.591
consumption,other,6128.917930741399,122.214
energy,coal,163.37544948123914,171.139
food,other,1.505736695190797,4.409
transport,train,1.760745845300396,0.0711
consumption,home-goods,8741.918042612497,262.876
consumption,electronics,9740.65728958254,681.594
energy,renewable,1.0306881265370331,-2.105
travel,car-electric,390.535226995353,19.274
food,vegan,1.2864538663655682,1.295
energy,renewable,286.34036257368086,2.255
energy,coal,335.0667778097599,352.859
food,vegetarian,1.8620616891835795,4.303
energy,electricity-grid,944.7626742908092,671.074
energy,electricity-grid,94.102923443132,64.301
food,red-meat,1.5130378082481966,39.891
food,red-meat,2.633663883006383,70.626
food,red-meat,2.300669809868489,61.81
food,other,1.5038543450132065,4.815
travel,bus,349.12329387523823,36.925
consumption,services,9624.80083964224,97.241
energy,natural_gas,65.17433728126876,31.736
energy,electricity-grid,1.327290646583846,0.9412
food,other,2.502045249649376,8.38
consumption,services,9860.61614309806,100.628
travel,bus,362.2625546775808,38.417
food,white-meat,2.6530805681509646,18.223
energy,electricity-grid,8.326816685344095,5.992
food,fish,1.6790214268527308,8.311
food,vegetarian,2.922041103708441,5.658
consumption,electronics,4046.8211571880624,283.386
transport,car-gasoline,0.6515016752741958,0.1249
transport,train,0.7590854581326357,0.0256
food,white-meat,0.9573073149052118,6.115
consumption,clothing,1.346408425993841,0.0349
travel,walking,66.71502579754721,0.364
consumption,clothing,1893.4168204182456,28.308
energy,coal,415.4108298658306,438.302
travel,flight-long,1.0672118092381746,-0.609
energy,natural_gas,326.7817446600609,146.644
food,white-meat,2.830322749451632,20.456
food,other,2.135193882389369,7.105
energy,electricity-grid,113.39062739610512,81.241
consumption,other,4452.969339225828,87.082
consumption,other,523.7715143269894,11.35
travel,flight-short,18.749862650738624,3.564
energy,renewable,742.5512446320926,15.961
transport,car-gasoline,1.076292290642846,0.2087
energy,natural_gas,811.7604323471966,363.902
energy,natural_gas,138.01133966459042,65.106
consumption,clothing,74.42313511625,2.708
food,beef,0.8354538047911375,22.5339
consumption,electronics,1867.3836065005337,129.886
transport,car-gasoline,0.1532389632174605,0.0419
energy,electricity-grid,351.0628367601872,248.049
consumption,electronics,1119.1595035967712,78.815
travel,bicycle,226.0043132606361,-0.132
food,white-meat,2.173164489609144,14.702
food,beef,1.0525075484686022,28.4244
food,fish,0.8189203784107106,3.306
energy,electricity-grid,1.2498693414795785,0.8675
food,beef,0.9727188109905792,26.2639
consumption,clothing,1.0370432004905978,0.0127
energy,electricity-grid,758.2823805902053,534.747
consumption,clothing,6010.175739290392,89.346
consumption,services,5123.404984645821,51.074
food,white-meat,0.5729266714351862,3.176
energy,renewable,261.9012700783494,5.168
travel,car-electric,122.82949792076477,6.324
travel,train,473.4201307327744,18.642
food,vegan,2.295254344890056,3.745
energy,renewable,274.93867623502285,6.181
energy,coal,161.3021516569552,169.05
consumption,clothing,7722.80367929968,116.823
consumption,other,1907.9932912688407,38.325
energy,coal,577.4046308052642,605.46
consumption,home-goods,9904.225574309685,296.287
consumption,electronics,4957.7727845378,348.232
travel,train,459.4565106081125,18.861
food,vegan,1.2475316990233651,2.23
food,vegetarian,2.8945882611212577,5.583
energy,natural_gas,578.963276385328,263.815
consumption,clothing,0.8071429555981203,0.0172
consumption,home-goods,6158.263629968738,184.85
food,red-meat,0.8225910222235623,21.382
food,red-meat,0.640954634633079,17.357
travel,flight-short,115.77440980656382,30.171
consumption,electronics,690.8309043496796,48.402
food,fish,1.891705131704384,9.76
food,vegan,2.1404475905567173,3.781
food,vegetarian,2.904028605636117,6.242
energy,coal,232.8236839614549,245.236
food,beef,0.4391179638652751,11.8562
food,vegetarian,1.3087194041078651,2.618
consumption,electronics,9151.8013183127,639.447
transport,car-gasoline,0.503636373796077,0.0927
food,other,2.6141052290610536,8.407
energy,renewable,338.74632495689514,6.904
energy,renewable,478.8571461888853,10.575
transport,car-gasoline,1.155280245420783,0.2202
travel,flight-long,140.15680494349877,21.414
food,white-meat,1.1763044504296165,8.348
consumption,clothing,4979.818969384297,73.918
food,vegetarian,2.32310062274392,5.218
transport,car-gasoline,0.6028310079879722,0.1204
food,beef,0.6227028949424889,16.8037
energy,electricity-grid,746.8566014395597,527.661
consumption,services,3090.485770311866,30.517
travel,bicycle,352.8370977840333,-0.396
travel,bus,298.5644379113238,30.99
food,red-meat,2.871062888853732,77.646
energy,coal,977.4607460198084,1028.911
consumption,clothing,3839.806964982246,56.337
travel,flight-long,411.10816958588777,61.413
consumption,services,1839.968371411646,17.914
consumption,electronics,9406.14572473068,658.537
travel,flight-long,202.5142493579624,29.366
travel,train,33.42821833196412,1.562
travel,bicycle,17.125659603715583,-0.386
energy,natural_gas,156.87977552863694,69.715
transport,car-gasoline,0.952647969978348,0.1927
food,beef,1.4002413634065074,37.808
energy,natural_gas,107.30535113994176,47.742
food,fish,0.854610994042463,4.229
food,vegetarian,1.9795197691583148,4.369
travel,bus,314.2263184826375,32.556
energy,natural_gas,996.266024238352,448.847
consumption,home-goods,7100.362294396742,213.296
energy,electricity-grid,429.3355268235688,301.204
consumption,clothing,0.3682988090270012,0.0015
food,fish,1.4579111713978143,6.497
energy,electricity-grid,671.4220639288901,474.037
energy,renewable,922.681153336864,20.232
food,white-meat,1.7940745709949182,13.148
consumption,clothing,3623.974353772356,53.618
food,vegetarian,0.5343329702064457,1.246
consumption,electronics,5513.98295165244,386.761
transport,train,1.5667895895350252,0.0763
energy,renewable,801.6443304467307,17.004
travel,bicycle,495.57208947883055,0.291
energy,electricity-grid,28.824388580253327,21.364
energy,electricity-grid,742.5291208600345,524.282
food,fish,2.4921539256904777,13.101
consumption,electronics,7547.363816017715,528.837
food,white-meat,2.606345573496593,18.028
transport,train,0.7054508990576,0.0246
food,vegetarian,2.888106920718359,5.609
energy,natural_gas,573.4691584183967,258.786
consumption,services,1684.764940327099,17.69
consumption,electronics,2851.664144262526,200.053
food,fish,2.1631820905922767,11.122
travel,bus,413.19348678161936,43.807
energy,natural_gas,632.6059127169931,281.062
food,beef,0.4601399880136626,12.4297
travel,motorcycle,10.576946134705286,1.595
food,vegetarian,1.174934092138655,2.556
consumption,electronics,8417.192245545928,589.652
food,beef,1.0061618726230404,27.1586
transport,car-gasoline,1.3068587605742967,0.2571
food,vegan,1.7346229892702507,2.73
energy,coal,903.3448569900354,950.116
food,vegetarian,0.9807894319608764,1.153
transport,car-gasoline,0.8876544977700143,0.1651
food,white-meat,0.9788033051253704,7.313
transport,train,0.684713933079234,0.0175
energy,coal,631.787502297158,659.46
food,other,0.5010038600633497,1.229
consumption,services,2297.52005868908,23.332
travel,bus,395.2975947250716,41.95
consumption,home-goods,5979.471780561502,178.523
consumption,home-goods,8002.6963613016815,240.532
consumption,other,5863.036648875595,118.386
consumption,other,107.41807986503152,0.231
food,fish,0.5452027305142135,2.85
energy,renewable,890.1669684397873,18.325
consumption,clothing,7876.161916831853,117.554
transport,car-gasoline,0.9869584958396606,0.1784
consumption,clothing,3450.033199449799,51.655
travel,car-electric,192.7355704485533,10.732
energy,renewable,452.2877365054624,7.602
travel,bus,380.6317392598318,40.501
food,beef,1.6209790191713251,43.7497
consumption,services,7408.126819912794,73.386
travel,train,230.21405716514005,9.669
food,fish,2.518364053000921,12.124
consumption,other,1742.7967574669096,35.412
transport,car-gasoline,1.8382761319841463,0.3484
energy,electricity-grid,0.6203838835137736,0.4405
consumption,services,5773.32251597487,56.755
energy,electricity-grid,736.7367014444537,520.085
energy,natural_gas,684.2911547852261,308.117
energy,renewable,867.3101770969009,17.193
transport,train,1.1988932605431448,0.0541
energy,electricity-grid,1.3569508539539632,0.9479
consumption,electronics,853.7531780497189,61.218
travel,bus,224.28660251990647,23.297
transport,train,0.6221693120316365,0.0321
travel,bus,283.1886653141639,30.413
energy,natural_gas,895.9882970114669,402.218
food,white-meat,1.1726305718554073,8.164
food,white-meat,0.9911032880569646,6.458
energy,renewable,326.5554612731746,3.853
consumption,clothing,8326.649977940535,123.652
energy,natural_gas,146.3699673045718,65.47
energy,renewable,362.93119651020464,10.249
transport,car-gasoline,1.8242755734911675,0.3639
food,other,1.0914198130277502,3.122
energy,natural_gas,352.53294951265946,159.032
travel,car-gasoline,190.87833722507736,36.876
travel,car-gasoline,52.457559841629816,10.266
transport,train,1.6229560630598665,0.0561
energy,electricity-grid,819.8573257776786,580.775
travel,bus,322.35577207626886,33.666
food,white-meat,2.11930013605153,13.95
travel,car-gasoline,130.13121081840845,25.173
food,vegan,0.8614492755989618,0.478
travel,car-gasoline,393.98699384353085,75.309
travel,motorcycle,391.1133745926697,42.789
energy,renewable,893.5113243588991,14.84
travel,car-electric,48.60964812871524,3.165
consumption,clothing,2575.2865434321216,37.283
energy,electricity-grid,255.2860023787395,179.552
consumption,electronics,8613.486279506787,603.031
transport,train,1.0065074390873114,0.0466
energy,electricity-grid,741.9424448628313,524.295
consumption,electronics,5006.599666498926,352.147
travel,car-gasoline,34.259368239784294,5.982
energy,electricity-grid,845.1946092477459,594.36
energy,coal,735.1909215474993,772.461
consumption,home-goods,858.727093166833,25.139
food,beef,1.4355538483860242,38.7516
food,red-meat,1.27433312236503,35.216
travel,walking,18.07982729944404,-0.704
energy,renewable,143.1129845370386,4.563
consumption,clothing,9226.197154895362,140.716
consumption,home-goods,1309.2932582422527,39.494
food,other,2.443238939597684,7.754
consumption,electronics,5850.834873197241,410.125
energy,electricity-grid,610.4978141141984,431.484
food,vegetarian,1.391926225873128,3.147
energy,natural_gas,399.2438517188509,178.829
consumption,services,7116.587990746835,72.227
food,red-meat,1.939463027223529,51.821
energy,electricity-grid,0.8945777791933858,0.626
energy,coal,614.3563360189074,645.326
energy,renewable,377.9858136198541,5.672
energy,natural_gas,864.7942629362819,389.731
consumption,home-goods,2629.439347133188,80.186
consumption,other,9860.977885554476,198.538
transport,train,0.958298273873418,0.0522
consumption,clothing,5633.141430788047,83.695
transport,car-gasoline,0.8506904568018583,0.1446
energy,coal,94.68274973075948,96.086
consumption,other,7744.375199138035,152.731
travel,car-electric,131.18591804751526,7.221
consumption,electronics,4754.293785750751,333.585
food,red-meat,0.9446994886515716,24.908
consumption,services,9707.204659642235,96.105
food,vegetarian,1.7536036842447769,4.536
energy,electricity-grid,115.3170870937462,82.731
consumption,clothing,8458.56229546824,125.56
travel,bus,470.3989433125549,49.759
consumption,services,7456.151586075916,76.367
food,red-meat,2.511604243336693,67.957
energy,electricity-grid,549.7933022578549,393.63
consumption,electronics,2361.7386819439807,167.272
travel,bicycle,26.78917886313524,0.259
energy,renewable,331.81534267498563,5.695
consumption,clothing,5464.790021030597,84.183
food,vegan,2.2001151409356745,3.665
consumption,electronics,5317.8856183857015,370.976
travel,walking,23.67774379038748,0.763
consumption,services,8731.031956422463,88.233
energy,renewable,134.2829191876839,2.67
food,vegetarian,2.131211821015394,3.943
travel,flight-short,370.2121562626983,94.293
consumption,electronics,5277.336794104005,369.496
food,fish,2.39880037179236,12.565
consumption,home-goods,987.3931179443132,30.081
consumption,services,1615.9162229452322,17.321
transport,car-gasoline,1.0933661844429232,0.2037
transport,car-gasoline,1.1593995114913622,0.2152
food,red-meat,1.1852079891024894,31.753
energy,coal,828.6102322680518,866.089
travel,car-electric,402.7172890921616,20.253
food,beef,0.910537571754832,24.5785
consumption,other,9173.938552734102,183.414
travel,bicycle,271.162396066445,-0.743
energy,electricity-grid,0.5731881581623683,0.4046
consumption,home-goods,9578.751574349284,288.524
energy,electricity-grid,1.0946275573652895,0.7708
travel,flight-long,146.816897000487,22.233
food,vegan,0.8127222745910088,1.301
food,beef,0.542152934049362,14.6455
energy,natural_gas,952.564272894914,427.977
energy,natural_gas,631.7446016657333,283.12
consumption,other,8634.746029430336,169.889
transport,train,1.4906639337242118,0.0656
energy,renewable,478.2643842731364,12.706
travel,flight-long,133.9826982920702,19.644
travel,car-electric,192.6612151341336,10.444
transport,car-gasoline,1.2806821587158206,0.2471
energy,electricity-grid,0.6782923801885326,0.4956
energy,electricity-grid,28.22276193886429,16.972
transport,train,0.8859246213025362,0.0459
consumption,other,288.55570139649024,5.861
consumption,clothing,1.0417475127477671,0.0103
food,fish,2.26374162983656,11.857
food,white-meat,2.786736400842643,17.705
food,white-meat,1.975952413009652,13.662
consumption,clothing,4002.55920809501,61.628
energy,electricity-grid,289.67955639613746,205.579
travel,car-gasoline,498.872502039422,95.563
travel,train,294.35430118408306,11.42
energy,natural_gas,796.4452090908271,354.253
food,other,2.210821626138167,6.453
consumption,clothing,1270.9689171053026,19.084
travel,flight-short,52.95018241030235,13.138
energy,electricity-grid,1.0533773116175922,0.7425
consumption,clothing,0.661396816891915,0.0243
travel,car-electric,433.66908697147176,21.695
energy,renewable,934.498605714688,18.712
energy,renewable,988.4325729695177,18.837
consumption,home-goods,9900.307119142348,298.254
travel,car-gasoline,294.5129312072469,55.956
consumption,electronics,7880.25923350482,552.116
consumption,clothing,9602.118214150298,144.35
energy,electricity-grid,15.594388111773975,13.504
food,vegetarian,2.580477880768894,5.915
consumption,services,4893.730415983272,50.008
transport,car-gasoline,1.4487309967949924,0.2762
consumption,home-goods,232.63945757246083,8.011
travel,flight-short,231.31717973547515,58.881
travel,train,119.10591164735727,4.18
travel,motorcycle,173.196231283371,18.934
transport,car-gasoline,0.9713084072755996,0.1889
consumption,services,2685.419265245036,28.179
consumption,other,7204.381720959381,142.107
consumption,clothing,1.3645098559336222,0.0188
food,red-meat,2.0520470087647293,55.818
food,white-meat,0.6024455556247261,3.941
consumption,home-goods,9936.672712504773,298.427
travel,train,291.2295242016076,12.284
energy,renewable,385.6729976632427,7.46
transport,car-gasoline,0.7560184357637777,0.156
energy,natural_gas,627.3414660941878,283.188
food,fish,0.9844728250583872,4.801
consumption,home-goods,9944.588475300496,298.677
food,fish,2.5444710764735485,13.355
consumption,clothing,1.7623152937450677,0.0275
consumption,home-goods,9996.748392158815,299.64
food,other,1.2746177918831998,5.075
energy,renewable,81.95757185459172,0.048
food,other,2.1248802454147224,6.703
travel,flight-short,260.0218107829728,66.078
energy,electricity-grid,1.093743876291593,0.7797
consumption,electronics,2023.646859080864,140.807
transport,car-gasoline,1.0953880635658189,0.2162
energy,renewable,671.916155195987,13.513
energy,electricity-grid,1.3758115888653673,0.9568
consumption,services,8439.620310495762,85.665
consumption,clothing,5582.721621585612,82.37
energy,electricity-grid,988.8517007623594,699.108
food,beef,0.2335342474936217,6.2951
consumption,home-goods,1712.6458732680574,51.284
food,white-meat,1.9028778666798905,12.777
food,other,1.3913973029422215,3.2
energy,electricity-grid,372.8010819916503,263.78
transport,car-gasoline,0.8578033348343195,0.1442
travel,car-electric,246.10198409344463,11.718
consumption,home-goods,4237.391714447349,128.186
travel,bus,475.48091756295474,50.291
food,vegan,1.363652878670672,1.814
travel,car-electric,134.43361190091312,7.127
food,other,1.343397695893199,3.94
transport,train,0.5114286006323696,0.0181
consumption,other,4777.172051449251,96.064
energy,coal,308.57849563423315,324.755
consumption,electronics,8310.263567845894,581.86
food,vegan,1.1037655671401532,1.543
food,beef,1.134819476337898,30.6417
consumption,home-goods,2656.1959862398785,80.186
travel,flight-short,293.6811818957188,73.885
food,white-meat,2.20365028856318,14.674
consumption,home-goods,2591.3336874758406,78.929
consumption,electronics,2699.023270452124,189.543
food,vegetarian,0.7754303006340828,1.96
food,fish,1.4799951097228712,8.271
food,white-meat,2.466314717758978,16.406
food,beef,0.6118333681749889,16.5315
energy,electricity-grid,0.2775107138640412,0.1833
consumption,home-goods,1629.6412553652294,50.043
energy,coal,584.8644608476686,617.047
energy,renewable,193.11758613759383,5.609
travel,car-gasoline,51.460215385272335,10.003
consumption,other,3216.6372229302374,64.673
food,fish,2.458292225548403,12.994
food,beef,1.3037501997557808,35.1934
food,fish,1.346267198563682,6.731
food,white-meat,0.6746548017116543,4.178
transport,car-gasoline,0.8088842383745689,0.1583
transport,car-gasoline,0.5978128031071033,0.1371
food,red-meat,1.824738241384853,48.776
travel,train,328.8206229773026,12.982
food,fish,1.2852745477234269,6.149
transport,train,0.8581192222672237,0.0275
energy,natural_gas,147.2898203462133,62.049
consumption,electronics,9308.766213356486,651.372
food,other,0.9318932957027184,3.096
consumption,other,7588.693285199576,152.74
food,vegan,2.965874807360405,4.013
energy,natural_gas,283.4826916030385,124.321
food,vegetarian,1.6239583823006558,3.517
travel,flight-short,348.8108547566387,88.467
transport,train,1.2895647867035946,0.0471
food,vegetarian,2.7770855674743844,4.879
travel,car-electric,410.89892327692337,20.596
consumption,clothing,0.6186302796709988,0.0138
travel,car-electric,182.10919165115,9.099
energy,electricity-grid,207.8500262996498,144.078
travel,car-electric,453.31228921886105,22.716
food,vegan,2.917163875733484,3.423
consumption,electronics,1992.9696658092496,138.798
food,beef,1.2800290785304962,34.5736
energy,renewable,204.5517303640938,3.272
consumption,clothing,805.8048553009227,11.021
energy,coal,469.9374351472688,490.155
food,beef,1.3463446233335148,36.362
transport,train,1.2389718142115551,0.0504
transport,train,1.1950088234782712,0.066
consumption,electronics,8353.013747453153,584.139
energy,renewable,972.5956674140872,19.133
food,red-meat,2.6728040357025864,73.231
food,red-meat,2.525350226863653,68.301
food,red-meat,2.767166443349589,74.315
food,red-meat,0.8177565344268509,22.022
energy,renewable,557.3215647289238,14.259
consumption,electronics,4777.035851499926,333.827
travel,flight-long,212.64120497989063,32.132
consumption,services,3391.07650585322,35.138
travel,flight-long,155.45428052687754,23.604
food,beef,1.3119091241612508,35.4243
travel,car-electric,175.68912543964316,8.77
energy,natural_gas,354.710497792739,159.138
energy,electricity-grid,1.2393003254725463,0.8807
consumption,other,7101.849370053751,141.616
consumption,services,4564.849914491017,47.628
food,fish,2.2079389080995453,11.457
consumption,services,8707.549310523838,87.352
consumption,home-goods,9437.10966728959,282.842
energy,electricity-grid,583.0460173943252,413.174
consumption,services,2598.0798410723164,25.755
travel,bicycle,34.52052455793933,-0.489
travel,bicycle,201.0248569650563,0.163
energy,coal,574.7132875151208,602.44
travel,flight-long,277.5590305518763,40.909
energy,electricity-grid,0.7437367909588948,0.5375
energy,electricity-grid,1.0158395272208551,0.7312
travel,train,25.87117186368784,0.924
energy,renewable,725.3860487733828,15.521
consumption,services,4602.810034356018,46.571
consumption,electronics,4731.852451163235,332.228
consumption,clothing,1.0344939501188786,0.0087
consumption,clothing,5932.86691221861,89.157
energy,renewable,44.996339009075925,2.964
consumption,clothing,6953.76159340905,105.671
transport,car-gasoline,1.0804219949242275,0.204
food,other,2.071057072294182,5.486
energy,renewable,843.9112889433063,19.266
travel,car-gasoline,43.17398683266028,8.179
food,vegan,0.8512475244887934,1.349
travel,car-electric,287.1101537942947,14.469
energy,renewable,46.106213047879656,-1.519
energy,coal,529.1956946793373,555.363
consumption,home-goods,2071.381675040183,61.882
travel,car-electric,94.98619279903512,4.223
transport,car-gasoline,0.6264232370327965,0.11
energy,electricity-grid,981.2763198138856,694.773
travel,motorcycle,273.77746187370644,30.242
travel,motorcycle,129.82845384139344,14.455
energy,renewable,798.7572822924684,15.275
food,fish,0.9383356034421498,4.642
energy,natural_gas,424.1243680759045,189.46
consumption,home-goods,1825.0626066893813,56.113
consumption,other,5365.758751667812,107.596
energy,electricity-grid,1.287438609300015,0.9099
consumption,clothing,0.7747943220349327,-0.0005
energy,natural_gas,582.4880609930993,264.418
consumption,services,2667.362564418776,26.749
consumption,home-goods,6245.128972251098,188.558
food,vegan,0.6814369951117769,0.823
consumption,electronics,7927.366237057379,555.665
energy,coal,989.7666569959252,1039.145
energy,electricity-grid,1.0290443336944877,0.7221
consumption,other,8272.313689321822,165.396
travel,walking,406.67988361933067,-0.817
travel,bus,216.33254342508485,23.1
food,red-meat,1.5986634358961054,41.882
energy,natural_gas,506.5386477194248,226.971
food,beef,1.8528742667225515,50.0343
travel,motorcycle,249.78682895334887,27.968
food,fish,1.6304573484002698,8.296
food,beef,0.8824182431143135,23.8273
energy,natural_gas,195.0792974307996,90.294
consumption,electronics,8356.286546147274,584.738
consumption,clothing,1.3135107622620048,0.0275
consumption,other,8449.88537847351,170.235
transport,car-gasoline,1.1164207604105454,0.2012
energy,natural_gas,555.1330220703062,251.31
travel,motorcycle,362.867588465668,39.893
energy,renewable,28.07954568389687,0.296
consumption,clothing,1642.7373495929696,25.301
energy,natural_gas,251.9180982808529,112.619
travel,car-electric,258.6338738022965,13.143
food,beef,0.8319508090912426,22.4419
consumption,services,2987.8432693554405,30.62
transport,train,0.7123865616150027,0.0266
food,beef,1.2679771104642483,34.2379
consumption,clothing,0.931019695188684,0.0241
consumption,clothing,0.0929101727459819,0.0209
energy,electricity-grid,0.641247351426251,0.4533
travel,bus,425.7359561655326,45.217
transport,car-gasoline,1.1370996021741704,0.2242
consumption,clothing,1.139972797897777,0.0299
food,red-meat,1.9376760477135373,52.934
food,white-meat,1.283693399616126,9.658
energy,electricity-grid,0.8586203885000523,0.6058
travel,car-gasoline,467.5622214875439,89.221
consumption,clothing,0.989707297644259,0.0049
consumption,electronics,5669.9506707196415,395.625
energy,electricity-grid,388.5847816434885,275.401
food,beef,1.24167861965988,33.5259
food,beef,0.7680256337138037,20.7365
consumption,clothing,1.188633621851608,0.0275
travel,flight-short,377.92534374850857,95.682
consumption,electronics,1346.7672276674386,92.735
energy,electricity-grid,995.5733315901972,704.498
consumption,electronics,7801.721767876723,547.663
food,fish,2.277804542538215,12.179
energy,coal,7.040996140794439,7.898
energy,renewable,430.178983540231,9.843
consumption,clothing,5071.178506683349,76.137
consumption,services,9761.338559708,97.22
energy,electricity-grid,1.34112236022271,0.9569
travel,bicycle,43.58948437124329,-0.815
energy,coal,426.5715219489597,448.045
consumption,other,1734.8519811990686,32.419
consumption,other,1695.4357338562,34.152
food,vegetarian,1.707025233320926,3.873
travel,bus,41.68171828666093,3.378
travel,flight-long,196.1937132741095,29.511
consumption,electronics,1395.5171170038805,97.049
food,other,1.4918190011709649,4.843
transport,train,1.2189751085662204,0.0366
consumption,home-goods,3720.381089481097,109.731
transport,train,1.5320226392848202,0.0539
energy,electricity-grid,322.745467660534,224.835
energy,renewable,823.9226415628497,12.686
food,other,2.706237762670341,6.809
consumption,other,6244.032890706524,125.316
travel,bus,495.262065858336,51.109
travel,flight-long,216.0128743072412,31.76
energy,coal,43.69686645588942,45.697
consumption,clothing,0.5996763223829225,0.0151
energy,natural_gas,237.8476238088228,108.434
energy,natural_gas,195.57872418953863,86.801
energy,electricity-grid,675.987239304866,480.341
food,beef,0.8859222101232863,23.9252
transport,car-gasoline,0.8158372314012106,0.1626
energy,electricity-grid,204.8835734946045,145.381
travel,flight-long,386.350139879032,58.244
transport,train,0.9023810508478374,0.042
consumption,clothing,6022.517677688375,91.941
food,other,2.177162217504765,6.245
energy,electricity-grid,1.2089187366466367,0.8507
food,beef,0.3166564135043439,8.5353
energy,electricity-grid,934.7951855728128,664.01
consumption,clothing,9711.204532107598,145.297
energy,coal,152.28088205559334,160.716
travel,flight-long,160.70475091427525,25.733
energy,renewable,967.3039191799272,18.741
travel,bicycle,26.062779720522908,-0.081
food,fish,0.8781607111566898,5.224
consumption,home-goods,9749.981707640867,292.866
consumption,clothing,4719.358667296402,71.692
energy,natural_gas,558.1310024942672,251.999
food,fish,1.0256904447546535,6.231
energy,electricity-grid,0.7641522949758054,0.52
travel,car-electric,179.72319629838742,9.152
energy,coal,68.16694591047059,69.903
food,fish,0.5811769292293707,3.399
consumption,other,831.3455001186495,16.827
food,vegan,0.8006274664268366,1.686
energy,natural_gas,61.166717955397154,27.792
consumption,electronics,8027.38679761532,562.699
consumption,services,7170.573728049736,71.133
food,red-meat,2.7405906228653327,74.324
transport,car-gasoline,1.0366182576178913,0.2065
energy,electricity-grid,524.6720747922441,369.042
food,vegan,1.6769059809690074,2.627
energy,coal,96.54505532769222,99.472
energy,electricity-grid,1.1413266829006774,0.7947
energy,renewable,978.3764322697998,20.02
food,other,2.7364946833774297,8.409
consumption,services,1929.2503590147087,18.749
consumption,home-goods,1487.9264778741551,45.183
consumption,other,241.5271902964949,4.421
travel,car-electric,310.7820365266236,14.965
travel,walking,148.34386632093472,-0.283
consumption,clothing,5405.03399825981,80.313
food,other,2.8899501470651807,8.895
travel,bus,336.056012512427,35.659
travel,flight-short,354.3282163202267,90.107
energy,natural_gas,155.2613417816738,69.264
energy,electricity-grid,586.9252692564113,418.756
energy,natural_gas,373.1607404857913,167.735
travel,flight-long,181.77177546219696,26.903
food,vegan,0.6805329633379699,1.288
transport,car-gasoline,1.1950861704794726,0.2338
energy,electricity-grid,707.3082789783182,502.903
energy,natural_gas,775.7297914222804,349.762
consumption,clothing,9595.829551150127,144.219
travel,walking,336.628456994338,0.537
travel,flight-short,318.5786945222747,81.101
energy,electricity-grid,0.2529128007361274,0.1592
travel,train,147.92999714272327,6.588
food,fish,1.5201011540070417,7.443
travel,motorcycle,329.6951799749372,36.454
transport,train,1.317358080710223,0.0504
travel,train,422.4301498690001,17.66
consumption,services,6277.174327203569,61.265
consumption,electronics,2286.8883501263363,160.082
energy,coal,706.2502803434271,744.149
consumption,clothing,1.016625117053422,0.0175
travel,train,124.42281759372258,5.798
travel,train,232.3855040650511,9.159
transport,train,0.4212093137955358,0.0081
travel,bus,103.4611364146931,10.033
food,vegetarian,2.095561037601529,4.632
consumption,home-goods,2975.333716519784,89.871
energy,natural_gas,909.5200741821906,406.891
travel,flight-long,94.032692809983,13.786
energy,natural_gas,843.9690507946478,377.991
consumption,clothing,2.170462935407317,0.0205
consumption,other,6881.535696038608,138.945
food,fish,2.1761166632062734,10.583
consumption,home-goods,8357.947017337798,249.103
consumption,clothing,1070.2186542208078,16.746
travel,bus,282.92719447995154,29.811
food,beef,0.3786231261002374,10.2216
energy,coal,214.78068401961525,227.018
energy,natural_gas,739.7297640054885,332.477
consumption,home-goods,3178.131158621212,94.739
transport,train,1.218163509533251,0.0323
consumption,home-goods,1210.199515966567,36.643
consumption,home-goods,6372.798937207956,191.668
energy,renewable,932.6120447630984,15.14
energy,coal,835.5371577539619,876.785
transport,train,1.5233896676800651,0.0498
consumption,services,3682.5825491797873,36.878
energy,natural_gas,207.37443520555905,95.388
energy,electricity-grid,818.4895098576276,581.16
energy,natural_gas,471.83696629954704,207.73
energy,coal,451.8153474590413,474.584
transport,train,0.5561116686827061,0.0204
travel,car-gasoline,355.73147362447725,68.247
consumption,home-goods,1200.9684752987598,37.419
travel,car-electric,133.70302455715523,6.022
food,vegetarian,1.5059839120360752,3.439
food,beef,0.8566448127290719,23.1408
food,beef,0.2280764348435735,6.1572
food,red-meat,0.9369624697084148,24.669
food,red-meat,1.781440539810529,47.934
food,fish,2.764779178086619,14.021
energy,natural_gas,577.2805237515676,258.345
consumption,home-goods,2783.6257003981946,85.185
consumption,clothing,3527.377563965605,53.647
transport,car-gasoline,0.6929047925482472,0.1254
food,fish,2.164644415540693,11.082
food,other,2.9589932493469355,8.718
consumption,electronics,7023.138728254859,491.428
consumption,home-goods,1601.0129404215668,49.223
transport,train,0.3121489925337858,0.0095
transport,train,1.404425235157161,0.0568
consumption,clothing,8755.586577288956,131.534
consumption,other,7138.320583305571,144.181
food,white-meat,2.352208016804964,15.622
food,fish,2.4542177444159936,12.999
food,other,1.5401766760217157,5.228
energy,natural_gas,275.96394185597126,124.216
energy,coal,242.7800579008964,251.87
consumption,clothing,1.307472854754688,0.0275
consumption,other,4242.7005650778565,85.644
energy,electricity-grid,0.5002094045832396,0.3476
consumption,electronics,3496.316855929518,245.386
transport,car-gasoline,1.5904760398919218,0.306
transport,train,0.8066123920089999,0.0399
transport,car-gasoline,1.442192540936846,0.2521
energy,electricity-grid,1.457110106667021,1.0282
food,vegan,0.7392252901450029,0.586
energy,renewable,953.1669942797436,19.545
energy,electricity-grid,0.9417820105440916,0.6528
consumption,home-goods,242.21811516668745,9.899
food,beef,0.0751251988246811,2.0224
travel,walking,263.98502400971915,-1.099
food,other,1.8175190614538344,4.83
food,beef,0.678728021680812,18.3174
transport,train,0.858866437659457,0.0473
food,white-meat,1.4218128886771149,9.368
travel,bicycle,303.93769978065825,0.611
consumption,home-goods,4792.410397060858,145.027
energy,electricity-grid,0.792263475647548,0.561
food,vegan,1.2134034649946366,2.051
travel,flight-long,247.64265121899743,37.569
travel,car-gasoline,464.1137365226989,88.812
consumption,services,2264.9061835853154,22.735
transport,car-gasoline,1.087359858164309,0.2061
energy,natural_gas,184.917222037596,83.605
travel,walking,268.37801455206755,0.347
travel,bicycle,66.195519567908,0.885
energy,renewable,911.427850888552,20.553
travel,flight-short,410.1863019305586,104.225
consumption,clothing,5164.606653784901,78.223
consumption,clothing,0.9572565196843568,0.0259
energy,electricity-grid,0.5701289608067575,0.4101
energy,electricity-grid,562.3733182661437,398.664
consumption,electronics,8515.485886412653,597.898
travel,train,31.011028957791822,1.328
energy,natural_gas,602.8673608727516,269.85
consumption,services,5676.290842437376,57.162
travel,bicycle,410.8073950313344,-0.019
transport,train,1.1646900428964968,0.0376
travel,bus,85.0537481862171,9.565
consumption,clothing,1688.4691119476856,25.55
energy,electricity-grid,25.08608321525816,17.406
food,red-meat,2.667880377502805,72.561
energy,renewable,907.8276977443352,16.758
consumption,electronics,5224.822698005009,364.965
consumption,electronics,3909.590363069712,275.156
energy,coal,677.2638422138405,706.814
energy,electricity-grid,236.1478786364592,168.573
energy,coal,184.25875420703107,189.854
energy,renewable,538.002603496706,13.249
travel,car-gasoline,154.72233513434222,30.024
consumption,clothing,0.6240531119914074,-0.0012
travel,walking,21.933660492386498,0.728
energy,renewable,997.6745910013946,20.438
food,beef,1.205711813067393,32.549
energy,coal,903.6548849890978,949.454
food,fish,1.519735591950476,7.86
food,beef,0.8276160373199386,22.3207
energy,coal,839.260599100812,878.862
consumption,services,5544.611687729774,55.603
transport,car-gasoline,1.164171954900361,0.2312
energy,renewable,362.1798573552845,7.593
food,red-meat,0.8630625497881226,23.577
energy,natural_gas,772.3798755882223,348.343
travel,motorcycle,313.34389538068484,34.332
food,red-meat,2.183549322278582,59.387
food,beef,0.9033288141946916,24.3934
consumption,home-goods,8504.150607477257,254.919
food,fish,2.060480182240676,10.697
consumption,other,4452.788570996972,88.967
food,other,1.7492080757072603,5.315
food,vegetarian,1.874692302890526,4.517
travel,bus,26.859944874391022,2.39
travel,flight-long,425.4574128627278,64.633
food,white-meat,0.5132854228871551,4.153
travel,bicycle,318.69817140143647,0.607
energy,renewable,821.3212822956269,16.332
travel,flight-long,223.5568807060199,33.622
transport,car-gasoline,1.1073062838128809,0.2147
food,other,2.15947905985361,6.647
food,beef,1.080335895477642,29.1655
transport,car-gasoline,1.5254802447167743,0.2716
energy,electricity-grid,223.06048387194667,159.257
energy,electricity-grid,794.1411983183995,563.154
energy,natural_gas,862.6271322764026,389.881
transport,train,1.1308042919902452,0.0411
travel,flight-short,398.9155847818572,102.042
transport,car-gasoline,1.5828892300263826,0.3091
consumption,clothing,1.0144264241529293,0.008
travel,motorcycle,416.9913310068552,45.931
energy,electricity-grid,0.746413349747999,0.5342
consumption,clothing,0.7650271942844022,0.0004
energy,renewable,509.6262775086776,9.744
energy,coal,648.9903178120468,680.467
food,white-meat,1.4701461856523923,11.155
travel,flight-long,15.594394234245014,2.579
food,white-meat,2.1539776648981634,14.697
consumption,electronics,8950.661579793881,627.436
energy,electricity-grid,973.2876221474612,688.695
consumption,clothing,495.2767675660696,7.502
consumption,services,6493.476608577982,66.687
food,vegetarian,0.7048460975953653,1.318
consumption,other,4365.284484414247,87.358
energy,electricity-grid,884.4707953052978,628.707
food,white-meat,1.9842644573785864,13.999
consumption,clothing,0.2343253309036781,-0.0108
energy,natural_gas,263.2081145361433,116.45
consumption,clothing,0.8102803336721704,0.0078
consumption,clothing,5084.534125112781,78.58
travel,motorcycle,365.073482990694,39.596
food,beef,0.6499487888157265,17.5489
food,vegan,1.3558352061524768,2.204
energy,electricity-grid,0.9244157985334276,0.6672
consumption,home-goods,4584.571349384423,137.79
travel,train,288.1616147600636,12.278
energy,renewable,638.7122268430113,14.363
consumption,other,7927.575867463501,159.081
consumption,home-goods,9277.295774142456,279.224
energy,renewable,929.2103804954472,18.982
transport,car-gasoline,0.8797423841056139,0.1499
transport,train,0.4886807944605329,0.0085
consumption,clothing,0.7414167161918763,0.0052
consumption,services,2277.866709039132,22.918
travel,bus,34.18163741602197,3.634
energy,natural_gas,89.06400597850781,41.088
travel,flight-short,206.41894596440653,52.881
energy,electricity-grid,1.5994364387342812,1.1397
energy,electricity-grid,70.23846526525654,53.403
travel,train,325.3320014581048,13.816
food,beef,0.7614400376080771,20.5592
travel,car-electric,159.0640768566958,7.786
travel,flight-long,465.1150849043596,69.633
consumption,other,8363.57823761826,166.155
consumption,home-goods,6606.480799650691,198.828
energy,coal,584.1298741436326,612.178
consumption,clothing,0.8283402025333584,0.006
travel,flight-long,79.47933088167797,11.77
food,other,2.5445551839154765,7.634
travel,bus,119.47930071902832,13.42
food,other,1.6204271175532965,4.241
travel,bicycle,227.5468089768613,-0.405
consumption,services,5076.381982018483,50.837
food,fish,1.218875098563608,5.812
travel,bus,26.8985708500672,2.714
travel,flight-short,420.3793763582311,106.883
travel,walking,483.596181014326,0.133
food,beef,0.8910481507659096,24.0759
consumption,clothing,8351.065095601783,124.477
food,fish,1.98708178471876,10.65
consumption,other,539.1273100332045,11.899
transport,train,0.9920448824591444,0.0278
travel,motorcycle,295.58349753892765,31.628
travel,walking,385.71262279732593,1.686
food,other,2.922360992935728,8.029
food,vegetarian,2.194203852794246,4.472
consumption,clothing,6504.515673203703,98.368
energy,renewable,789.307015537108,19.1
energy,coal,259.53361595615945,275.177
food,red-meat,1.871949648157529,50.731
food,beef,0.8714515592591233,23.5288
food,other,2.178420022241989,7.009
food,red-meat,2.9584680511514314,79.893
travel,motorcycle,12.424018663084004,1.105
consumption,services,1623.0187559643452,16.029
consumption,other,4006.0390996409337,81.399
travel,bicycle,295.72827916332426,-0.376
travel,bus,12.65269606776477,1.199
food,vegan,0.7926126817658153,2.141
consumption,home-goods,1707.128606508323,51.962
consumption,clothing,0.7101740969835262,0.0258
consumption,electronics,2490.6364317542475,173.766
energy,renewable,555.9417828894618,8.413
consumption,home-goods,4141.961364864747,124.055
consumption,clothing,1.2605383909806591,0.0128
energy,electricity-grid,356.73699208125527,250.256
energy,electricity-grid,50.56475896549861,37.186
energy,coal,461.4374398683753,485.919
energy,electricity-grid,230.3685625932147,161.823
energy,renewable,30.474551090060725,-1.337
consumption,home-goods,8324.403049588711,249.761
food,red-meat,2.0225723617672893,54.459
transport,car-gasoline,1.1658010882251464,0.2112
food,white-meat,0.5275333958390187,4.326
transport,car-gasoline,0.6931714594724514,0.1431
energy,coal,285.92059687773366,300.499
food,fish,0.5522737808380874,1.99
consumption,home-goods,2774.733065037629,83.449
consumption,services,5964.373368900277,58.653
energy,coal,966.3080234504376,1011.8
consumption,clothing,0.1337524024608792,0.0108
consumption,other,9948.389641572534,199.925
consumption,clothing,0.5758736039875834,-0.0075
energy,coal,425.3585581826621,444.523
food,other,1.282955126759088,3.131
consumption,home-goods,4227.710199233599,126.917
consumption,electronics,2797.3803928124084,195.624
energy,coal,183.56841482144847,191.126
travel,car-electric,224.25877104490388,11.773
food,fish,2.608433301687514,12.83
transport,train,0.8366871945742576,0.0319
food,red-meat,1.6423471247456225,45.022
food,fish,0.6412085600087052,2.73
energy,electricity-grid,599.6999877193823,424.065
consumption,services,5820.679811021271,60.072
transport,car-gasoline,1.5934252966503837,0.3038
food,vegetarian,1.1442391204729492,2.385
travel,flight-long,135.15452448396883,20.111
consumption,clothing,7198.678774315509,107.765
travel,motorcycle,136.4999149940512,14.991
energy,coal,440.41578407412106,459.491
consumption,clothing,1.344844551613494,0.0081
energy,renewable,169.89271666127655,5.88
food,other,0.713001193899155,2.379
travel,train,498.3517300726354,21.193
energy,electricity-grid,541.4618960287348,380.578
energy,renewable,323.4038461539118,4.164
transport,car-gasoline,0.9734534712915788,0.1861
energy,natural_gas,113.28463014883695,53.589
travel,walking,39.41275406541817,-0.273
transport,train,1.1012741740562366,0.0383
energy,electricity-grid,0.4759184633845078,0.3335
transport,train,1.0288552215406666,0.0653
energy,electricity-grid,941.7502946713726,666.049
energy,electricity-grid,0.8336735160485382,0.5995
energy,electricity-grid,1.6933813866419207,1.1927
consumption,services,7360.3446554582915,72.956
food,vegan,2.956631028733923,4.512
travel,flight-short,442.21529008762,112.352
energy,coal,122.1816950075286,128.554
energy,coal,606.3909703037544,634.191
travel,car-gasoline,254.21573669375127,49.234
travel,motorcycle,486.7552375981104,52.914
travel,walking,75.46965119713788,0.366
energy,natural_gas,329.242062099562,144.885
consumption,electronics,6021.81034592754,421.516
energy,coal,759.4797406773381,796.068
energy,electricity-grid,227.7515609320495,157.27
travel,walking,247.4132061880074,0.784
travel,motorcycle,182.1780659029189,20.573
energy,natural_gas,555.9940203157342,250.517
travel,train,296.8824748660288,11.991
energy,natural_gas,889.1116102038512,396.683
food,vegetarian,1.472128741185291,2.311
food,fish,1.2976098246820185,6.509
food,vegan,2.5273379816815265,4.08
transport,car-gasoline,1.3111751070321227,0.2503
energy,coal,766.0927852408572,801.61
consumption,other,7016.873179975828,139.781
energy,coal,627.1758274347791,658.023
food,vegan,2.431306479406361,3.784
food,red-meat,2.570945364004116,68.249
food,vegan,2.9315665110813813,3.929
travel,train,299.1404554533331,12.214
travel,car-gasoline,162.48149935562108,31.979
travel,bicycle,8.182350826248179,0.114
travel,car-electric,163.22690370041778,7.929
consumption,other,1033.7866373192128,20.322
transport,train,1.4010017819528156,0.0505
travel,train,87.42773308509757,3.884
energy,renewable,936.3443408474576,18.621
food,red-meat,0.633586505977543,17.131
consumption,clothing,0.6395380194644181,0.0072
travel,car-gasoline,305.69940117837467,59.014
consumption,other,9454.638123213716,188.505
energy,electricity-grid,0.9609540484406184,0.6652
consumption,other,9932.599369441465,196.906
food,vegetarian,1.3985595670770428,3.486
consumption,services,8518.552717183169,85.697
consumption,clothing,8360.531443917847,125.188
travel,bicycle,422.9565771319635,-0.07
food,red-meat,1.3694252440110946,38.042
transport,car-gasoline,0.610468665636718,0.1098
transport,car-gasoline,0.8045378413553066,0.1518
energy,electricity-grid,0.7956569297590464,0.5776
food,white-meat,0.8785261098402126,6.475
consumption,other,7326.883697093453,147.055
energy,coal,4.698704425584433,4.038
travel,bicycle,413.9414098878703,0.439
energy,renewable,618.9085316594674,11.353
food,beef,1.5984658107067518,43.169
food,vegetarian,1.2082413199942557,2.785
energy,electricity-grid,0.7457473536553608,0.5116
consumption,clothing,0.9071058154705988,0.0091
energy,natural_gas,732.6560581509573,328.665
food,vegetarian,0.6308679460782827,1.584
consumption,home-goods,3423.921751963666,102.618
food,vegetarian,2.3221762737214897,4.565
travel,bicycle,456.6697103765638,0.798
food,red-meat,1.603074172729292,42.756
food,vegetarian,1.0606835456047632,1.441
energy,electricity-grid,126.42424010857862,90.917
consumption,clothing,2614.664395499691,38.746
food,vegan,1.964135838571998,2.505
food,white-meat,1.0403149958719056,7.039
consumption,home-goods,117.51625211943454,5.239
travel,walking,24.810347718132743,-0.592
energy,coal,760.2748669013707,795.589
travel,motorcycle,13.880141567794006,1.781
consumption,home-goods,3427.9644548464303,102.797
consumption,home-goods,4630.253498539437,139.118
travel,train,282.9775709139254,12.19
consumption,electronics,1350.8106576056073,95.446
food,vegan,0.8189411722917324,1.72
travel,motorcycle,199.8538624642893,22.755
travel,walking,421.195144261891,-0.11
consumption,home-goods,1493.851818041971,44.133
energy,electricity-grid,1.0261939437828846,0.719
consumption,clothing,0.9271939724068644,0.0086
travel,flight-short,21.794777400589748,5.676
energy,natural_gas,936.2403876023388,419.755
energy,electricity-grid,1.5655098909971707,1.1043
energy,renewable,613.1830397009738,10.739
food,other,1.3937833210680923,4.612
travel,walking,71.26067149744537,-0.308
food,white-meat,1.95184284949338,12.897
food,red-meat,2.263266606339818,61.473
travel,bus,246.93942763927583,26.335
energy,natural_gas,718.2147582491617,321.275
energy,renewable,494.0074911622538,11.714
energy,electricity-grid,2.1578736521893336,1.529
travel,bus,110.38777969166412,11.349
consumption,services,5879.681153359931,59.364
food,vegetarian,1.771764960540667,3.665
food,red-meat,0.5224966432081395,13.817
energy,electricity-grid,1.1099253844789951,0.7821
food,other,2.7466692538816595,8.518
consumption,other,1587.2077002500798,30.064
consumption,electronics,7006.106743726993,490.223
food,vegetarian,0.7831743826617145,1.359
energy,renewable,350.58791571714335,9.906
consumption,home-goods,2119.844399195826,63.526
travel,motorcycle,35.895871249007634,3.276
food,vegan,2.631356612188751,4.101
consumption,other,6417.310340132721,129.699
energy,electricity-grid,0.5224183111819067,0.3578
food,red-meat,2.474661552588847,67.478
consumption,clothing,0.92803654767939,0.0113
travel,car-electric,102.81378167982052,4.715
food,red-meat,1.3525504306400846,36.547
food,fish,2.226556855203354,12.445
food,vegetarian,1.1168685516684522,1.362
travel,car-electric,387.7912788571962,19.759
consumption,services,4021.137530596389,40.312
travel,bicycle,186.5944012905156,1.597
travel,walking,328.4247570028547,0.091
energy,renewable,522.3624438297852,9.346
transport,train,0.6989911541672618,0.0302
food,red-meat,2.45488154243038,66.111
transport,car-gasoline,1.132277290662742,0.2053
travel,bicycle,414.83687016550056,0.151
travel,car-electric,317.57764849800526,15.736
energy,electricity-grid,49.03088951796376,34.031
energy,coal,255.0069702134197,268.302
travel,flight-long,488.0194339497974,72.825
food,white-meat,2.4260294676716097,15.769
consumption,other,6443.191761626695,130.18
energy,coal,765.5509832258609,804.956
consumption,clothing,0.9402423145590302,-0.0011
travel,flight-long,466.62355234043525,69.311
food,other,1.8795718338354213,4.962
travel,car-gasoline,127.703791553238,24.928
food,fish,1.0403395307773018,5.705
food,beef,1.0829682339845732,29.2217
consumption,services,6209.976297947641,62.612
transport,train,1.566298643064045,0.0744
consumption,home-goods,6960.692641670877,207.184
travel,flight-short,374.1879304420221,95.734
transport,car-gasoline,0.925076655356784,0.1753
consumption,clothing,4429.270580635948,66.401
food,beef,1.076582454459974,29.0751
consumption,services,3106.142004390024,30.878
consumption,other,2211.37978655326,45.501
travel,car-gasoline,222.19327063436552,42.692
food,vegetarian,1.4713278700151051,3.469
consumption,clothing,6160.202842858232,91.511
consumption,services,4690.616492735787,47.506
energy,electricity-grid,1.5308319005573618,1.057
travel,bus,447.70821200591246,48.549
energy,electricity-grid,0.5855312898930672,0.4127
consumption,electronics,6081.625697370197,424.406
food,white-meat,0.8170044978169001,5.154
energy,electricity-grid,927.1835182295688,651.586
consumption,clothing,0.723141179849571,0.0237
energy,electricity-grid,551.1127160614107,392.879
consumption,clothing,0.7213180930804879,0.0233
consumption,clothing,217.23243422036785,3.935
travel,car-gasoline,421.1746138938342,81.248
food,vegetarian,0.8222564626837474,1.441
food,vegan,1.2404419138974965,1.047
energy,renewable,294.9724699004772,5.508
consumption,clothing,6358.802557651858,94.622
energy,renewable,107.10761376086776,1.813
travel,walking,368.0172976372813,-0.097
consumption,home-goods,3035.303281925192,91.793
food,vegetarian,1.9839381360357449,3.868
consumption,electronics,7572.912521706527,529.984
food,fish,1.8011402303484576,9.052
energy,electricity-grid,257.3905599789097,183.039
transport,car-gasoline,0.9443737606123168,0.194
consumption,home-goods,8180.166223376018,246.569
energy,electricity-grid,649.7294414163858,456.728
food,vegetarian,2.886600401790578,6.878
consumption,clothing,1.0547767133872414,0.0102
food,vegan,2.816663884717175,3.232
transport,train,1.0130744937754306,0.0418
food,vegan,0.6408331944980995,0.939
transport,car-gasoline,1.0532960215899247,0.2219
consumption,clothing,0.7744282080870847,0.0082
energy,electricity-grid,980.4551347001014,692.128
energy,natural_gas,843.4828416200953,382.818
food,vegetarian,2.574171700662738,4.651
travel,bus,169.65958326891638,18.14
consumption,clothing,5669.887171807513,85.292
travel,train,278.5346857848388,11.015
travel,bus,249.6295854494633,26.507
food,red-meat,0.6590035909444933,18.395
travel,train,312.7671475319118,12.915
food,other,1.7713185794339312,5.887
travel,flight-long,216.0616250361348,31.72
travel,flight-long,424.36426416617184,63.08
energy,electricity-grid,590.6424264917418,416.571
energy,electricity-grid,1.0281148268356537,0.7034
transport,train,0.9201345303254336,0.0452
consumption,other,462.9180786378292,9.293
food,vegetarian,1.7903370116862445,2.519
travel,bicycle,465.94510599697537,-0.39
food,vegetarian,2.3754020823865023,4.743
travel,motorcycle,422.3341842870684,45.803
energy,electricity-grid,403.8074225506389,283.904
consumption,home-goods,9800.861767506738,294.218
food,beef,1.2872403155496084,34.7521
consumption,services,7717.893143796882,76.735
food,red-meat,0.7546181628559568,19.953
travel,flight-short,424.7624818365948,107.904
energy,renewable,976.5844622995812,19.929
energy,coal,41.29351828631352,41.382
consumption,home-goods,6905.11011220314,208.427
travel,flight-short,247.61201117789963,63.683
energy,electricity-grid,320.4234522122872,223.233
travel,train,121.27170754697984,4.826
food,red-meat,0.5878981256779854,16.116
travel,car-gasoline,425.5130025482109,81.3
consumption,clothing,1.5992337446822824,0.0147
consumption,services,4536.491348276824,46.482
energy,coal,500.04878686946654,523.491
food,other,2.514482164895587,8.447
consumption,services,8887.490031993662,89.445
food,vegetarian,2.9054896906949783,6.192
energy,electricity-grid,705.7845346484436,500.874
travel,car-electric,473.70164623991263,23.889
transport,car-gasoline,0.8788286936777494,0.1707
travel,bus,446.3691216874682,46.814
travel,train,270.38154667518853,11.436
consumption,home-goods,5517.4212564426125,166.49
energy,renewable,611.8521476144351,11.435
food,vegetarian,0.6772904785964238,1.643
energy,electricity-grid,440.631003991432,309.003
energy,electricity-grid,310.1033820755739,219.606
consumption,clothing,6441.080527208655,97.86
energy,natural_gas,157.320239287597,73.119
travel,walking,174.69970099097574,-0.371
consumption,home-goods,9018.92941523087,270.834
transport,car-gasoline,1.243391872522595,0.2381
consumption,electronics,9250.393748501378,647.273
energy,coal,451.0280928991247,474.165
consumption,other,1063.8119277337894,22.36
energy,coal,554.2696171930918,578.355
food,red-meat,0.7349773235415051,19.806
transport,car-gasoline,1.1635372847258014,0.2184
food,beef,1.2218656389475304,32.9771
food,white-meat,2.16280044528404,15.453
travel,car-gasoline,306.83718027011264,59.188
travel,car-gasoline,188.99274599903245,36.052
travel,motorcycle,299.89027558042807,33.381
food,beef,0.598109508941818,16.1522
food,beef,0.7916270558872867,21.3777
energy,natural_gas,167.08907501935093,75.134
food,fish,1.7505786973145048,8.734
energy,electricity-grid,1.6610741858727778,1.1685
energy,electricity-grid,1.511145734956052,1.0738
travel,car-gasoline,274.8804738736006,52.276
travel,walking,17.37200244017561,-0.515
travel,bicycle,438.4487301522721,0.863
energy,electricity-grid,894.5099842598587,635.977
consumption,clothing,2189.4745650940367,33.137
energy,electricity-grid,953.9912672812824,675.872
food,vegan,1.710461245806492,1.81
energy,natural_gas,708.8749622220574,315.125
consumption,electronics,6945.06934804799,485.606
travel,motorcycle,135.22770881311374,14.377
energy,natural_gas,202.062524346338,90.93
energy,natural_gas,822.5167723453906,370.247
energy,renewable,233.6462670056632,3.143
food,vegetarian,1.7096931614106476,3.664
transport,train,0.7239842856029528,0.0286
food,other,1.142075094312963,3.91
travel,motorcycle,118.61018128643488,13.418
food,white-meat,1.7939986626345192,12.1
consumption,clothing,0.6031641279601512,0.0007
transport,car-gasoline,0.8859034638770499,0.1627
consumption,home-goods,9770.861993531296,293.811
food,red-meat,2.9525737227876903,79.59
food,other,1.4079728092905626,4.292
energy,electricity-grid,314.5129814161912,225.686
food,white-meat,2.5595043748013446,17.385
food,fish,0.9391807449214612,5.661
energy,coal,328.8513033148144,346.134
food,vegan,0.7642515096982517,1.242
consumption,clothing,1.3185051198107651,0.0214
transport,car-gasoline,0.9382543708904468,0.1905
travel,flight-long,137.7617230817533,20.396
travel,car-electric,198.9280371529751,9.07
food,vegetarian,2.952465756996708,5.663
travel,flight-long,182.81276497568777,27.76
travel,train,9.27732663500022,-0.395
energy,natural_gas,51.299177442383886,24.599
travel,flight-short,213.3211738895896,53.784
consumption,home-goods,2703.6991348402817,81.189
energy,electricity-grid,0.3065719086314185,0.1958
consumption,services,192.055967774032,0.573
food,fish,0.8963403962498089,5.06
energy,renewable,523.8837778824044,11.446
consumption,other,5609.357963069163,111.402
transport,car-gasoline,0.9051424362255296,0.1771
food,other,0.5424228232886661,1.989
transport,train,1.1234873576775362,0.0427
energy,coal,523.8779695510863,551.199
transport,car-gasoline,0.8386016823749487,0.1761
food,other,1.394533199256524,4.665
travel,car-gasoline,221.7337626358211,42.413
travel,flight-short,105.38354723855598,26.658
consumption,home-goods,2947.672019853848,88.118
energy,renewable,685.4893387645028,11.874
travel,bus,101.4547418033942,10.42
consumption,home-goods,384.8208047438136,10.623
energy,natural_gas,244.4645036924383,109.673
travel,car-electric,13.175989996712472,0.7
food,white-meat,1.5069403358708329,10.216
consumption,services,448.1306488244872,5.342
food,other,1.5447687094885236,3.847
consumption,clothing,1.388354355635263,0.0154
food,beef,0.900853176301894,24.3188
energy,electricity-grid,16.49282229596559,9.883
consumption,clothing,1.2529834744592705,0.0236
transport,train,0.3908182112174208,-0.0035
transport,car-gasoline,0.6368524766090362,0.1268
travel,walking,223.50545048199743,-0.033
food,white-meat,1.4348467840094363,10.146
travel,train,145.15358451567366,5.708
energy,coal,328.09353777471455,343.731
food,other,1.6058386451255386,4.203
food,beef,1.1990920438235968,32.3702
food,other,0.6300593875736172,1.915
energy,natural_gas,56.4695077763414,29.236
energy,electricity-grid,802.5936345230789,566.116
energy,renewable,598.9644302245422,13.447
consumption,services,7267.850625770056,72.893
consumption,clothing,1.4546598825502182,0.0134
travel,train,51.80003779181892,1.361
travel,bus,301.456375692035,31.796
travel,walking,81.2191881281058,0.319
consumption,services,6584.39092924447,66.918
travel,flight-short,306.3583121633281,78.203
food,vegan,2.1238573965091514,3.168
travel,car-electric,137.03937636603334,6.612
consumption,home-goods,8963.198632212974,267.947
travel,flight-short,44.50255444808376,11.429
energy,natural_gas,696.4962578507888,316.052
food,vegetarian,1.8421478662565456,3.596
consumption,electronics,8653.358183204422,608.503
energy,natural_gas,269.2936052861889,118.638
travel,train,251.78047215525777,9.79
energy,coal,521.5521173178795,550.306
consumption,services,9975.261769335864,100.214
consumption,other,9769.500938542882,195.436
consumption,electronics,5785.235236963652,406.324
travel,train,105.04674666431058,4.088
food,vegetarian,2.87678576602479,6.401
food,white-meat,0.8899863008405067,7.664
food,fish,2.665440364437338,15.173
energy,coal,969.9399423098323,1019.204
consumption,electronics,1859.158423710651,129.57
energy,coal,432.51307362347364,453.215
transport,bus,191.8485336423142,20.12
transport,bus,340.4734617553021,36.105
transport,walking,7.6192156187733975,0.095
energy,coal,16.95028596799398,18.462
energy,electricity-grid,241.7844405599857,172.132
consumption,home-goods,9097.738000683881,274.513
consumption,electronics,6642.096729322121,465.156
energy,electricity-grid,185.6696010700015,129.494
food,white-meat,2.4378320584027864,17.56
consumption,services,500.01152465985376,5.171
consumption,other,3917.339032410346,79.12
energy,coal,281.65357517769337,295.198
consumption,other,1452.1960384988884,29.626
food,fish,2.4281758667148643,13.271
transport,walking,325.8874357254703,-0.896
food,other,1.3129583050668676,3.827
food,vegetarian,2.093893678388033,4.116
transport,bus,380.6317392598318,40.97
energy,renewable,771.1962127746065,18.796
food,white-meat,0.5635478168602379,2.968
transport,bus,16.68316365768039,0.333
consumption,services,9080.286415564626,91.845
food,vegan,1.8496027282541827,4.397
consumption,electronics,6262.322778931243,439.186
energy,coal,106.38876557044034,110.226
consumption,home-goods,3277.232959002476,98.088
food,vegetarian,1.3907445951924373,2.523
food,other,0.5013009424882895,1.965
transport,flight-long,153.0858478208565,23.09
energy,coal,692.7435968573801,726.131
energy,electricity-grid,244.8813967255264,172.893
consumption,clothing,4068.169902027506,60.453
energy,coal,254.66149852041033,268.212
food,red-meat,0.8702173248834997,22.441
consumption,clothing,2704.4710920390858,40.503
food,vegan,1.3626781200667075,2.389
transport,bus,340.6720203258286,33.272
energy,electricity-grid,593.1040271555141,421.398
food,fish,1.424136140153511,7.991
transport,train,491.72814730652664,19.542
energy,renewable,816.6154413461645,15.89
food,other,2.2395320169772046,7.097
food,vegetarian,1.314897263004712,3.348
food,fish,1.3716649682293234,6.044
food,vegetarian,2.85130816122401,6.131
consumption,clothing,6773.116664540843,99.127
transport,flight-long,105.32673874811913,17.671
food,vegetarian,0.9373873177398404,2.271
consumption,clothing,5190.527118146592,77.921
consumption,home-goods,1927.6357279967249,58.331
transport,bus,350.4785571564129,36.909
energy,electricity-grid,887.8823286621988,628.726
consumption,home-goods,9359.568192498427,281.44
energy,renewable,372.91048379518134,8.561
transport,bus,486.8582545409033,50.135
energy,natural_gas,448.97571884326106,200.945
transport,flight-long,88.78670108599535,13.313
consumption,services,3696.3644065994563,36.58
consumption,home-goods,6593.248278388416,196.93
food,other,1.1630059192043136,3.635
energy,natural_gas,973.0375441976931,438.746
food,fish,2.487028258854121,12.444
energy,coal,577.3269807417328,604.787
transport,bus,286.43009540538236,30.041
consumption,clothing,483.85752895661585,7.246
energy,coal,883.6105282439927,927.982
consumption,clothing,9533.064877888335,143.602
food,fish,2.950828959290114,13.105
consumption,other,3881.7223995891563,77.188
consumption,electronics,5590.172561460584,392.168
food,other,2.2400744916874324,5.836
consumption,electronics,2578.9283082439006,180.679
energy,natural_gas,323.2282134743619,145.902
energy,renewable,420.3610755898302,10.186
energy,coal,611.9021971548149,641.314
consumption,services,8871.840632059066,89.213
food,vegetarian,1.9471622387688967,5.784
food,red-meat,0.8876040418193605,23.29
energy,coal,839.094568567294,880.637
energy,natural_gas,303.9622491585496,137.379
food,vegetarian,1.3166281044901023,2.092
consumption,other,4599.788358056599,92.773
energy,coal,195.18565396087814,206.609
consumption,services,1370.8169513175496,12.969
energy,electricity-grid,714.8805090757721,506.028
food,vegetarian,2.3601066074977886,4.234
energy,coal,185.14934065703866,194.271
consumption,other,629.0262753090138,11.787
energy,coal,442.90987750137333,464.736
transport,flight-short,467.3723846725152,118.975
transport,walking,328.89855292158325,1.655
food,vegetarian,1.9150930262351906,3.367
food,vegan,0.8004116195141054,0.521
food,red-meat,1.2785332734782355,34.257
energy,electricity-grid,176.15493961944918,124.168
energy,natural_gas,650.1239089601206,293.653
energy,natural_gas,949.1965858597946,426.814
energy,natural_gas,933.5028717714035,420.601
consumption,clothing,5416.805611580622,82.225
consumption,electronics,313.78753988913707,23.51
consumption,home-goods,8019.445482089877,241.332
transport,car-gasoline,405.7908841912655,79.721
food,vegan,2.064849175253932,3.599
food,vegetarian,1.1849028183028345,3.43
consumption,electronics,437.6831664868246,29.094
energy,electricity-grid,386.0112243445995,274.413
energy,natural_gas,341.2839448947758,153.549
energy,coal,348.98826784874416,364.721
food,vegan,0.5979658166891156,1.346
consumption,electronics,4263.535875965779,298.369
consumption,home-goods,9905.526162906699,295.378
food,other,1.904666730359434,4.493
consumption,clothing,6814.455560007446,101.354
energy,coal,534.7931460570329,562.323
consumption,clothing,3234.493530254587,48.278
consumption,other,9058.550665371673,182.025
consumption,clothing,3227.170694024628,50.32
transport,motorcycle,147.3121750773342,17.27
transport,train,336.58670958244215,14.571
transport,walking,46.51184542129649,0.667
energy,natural_gas,58.50120125662764,24.236
food,vegan,1.3772875313801967,3.836
energy,renewable,143.84869037078303,3.491
transport,bicycle,42.96929625138372,1.358
transport,flight-short,37.308740175732574,10.073
transport,motorcycle,117.38080813983937,13.784
consumption,other,3737.8893633155644,74.039
transport,bicycle,352.8370977840333,-0.213
energy,natural_gas,330.9222764900794,147.329
energy,electricity-grid,571.9015521798057,404.484
consumption,services,7683.588788430288,77.391
food,vegan,1.0937661782311747,2.374
transport,car-gasoline,42.36276952498376,5.569
energy,electricity-grid,977.9227680855166,693.512
transport,motorcycle,22.65699086578821,3.336
transport,car-electric,83.9415005227172,3.131
transport,car-gasoline,314.15148196194764,61.189
transport,flight-short,197.8663775054568,50.639
consumption,services,3389.8176447297838,34.361
consumption,electronics,2332.4777197642493,162.233
consumption,services,3635.4336972924193,36.031
food,red-meat,1.1994087679223644,30.724
transport,train,301.78815912962597,11.727
food,vegan,2.8513295678384587,3.873
food,vegan,2.0335379898394748,3.751
energy,renewable,46.17345143608322,0.791
food,red-meat,2.4440057093380636,66.329
food,vegan,2.37394574994018,3.547
transport,bicycle,414.7529461325507,-0.694
transport,bus,67.79220728151596,7.228
transport,walking,432.49646575127156,0.005
transport,motorcycle,472.4380992113316,52.015
energy,renewable,248.10075364145445,3.894
food,vegan,2.0154365861272003,2.881
energy,coal,672.0289837214509,704.096
consumption,electronics,5006.743607126635,351.75
energy,natural_gas,831.5401185724387,375.13
consumption,other,929.6618224881835,18.024
food,red-meat,1.9748897428440901,50.713
transport,motorcycle,320.0413171301469,34.549
food,fish,2.7578776466915658,14.268
energy,natural_gas,637.0076773006602,286.703
food,fish,0.7275052276283257,4.07
transport,flight-short,455.3251679232332,117.827
energy,renewable,524.0786737389961,11.45
energy,electricity-grid,842.249323603691,596.958
transport,train,230.1087423628924,9.428
transport,bus,269.09444494032095,28.658
food,fish,0.8470679316235253,3.219
consumption,clothing,8973.044678564818,135.083
food,fish,2.168894346302568,10.615
food,vegan,0.9223376576804114,0.908
consumption,electronics,1811.2543185536308,125.354
energy,coal,503.913853584002,528.918
transport,flight-long,47.0530025281443,9.022
consumption,home-goods,9212.680385291542,276.183
transport,car-gasoline,139.16194642545466,27.333
transport,train,105.46531234501845,5.082
food,other,1.0902913327935109,3.463
energy,coal,63.27902114873021,68.04
food,fish,2.283373964711381,11.674
food,vegetarian,0.7679300283494401,2.504
energy,natural_gas,533.0846491885682,239.078
transport,walking,161.71750362600596,-0.905
food,other,1.3187433804447866,5.643
food,red-meat,1.746105497322643,48.026
food,vegetarian,1.8427663545463695,5.209
transport,bus,190.0075403496934,20.49
transport,bicycle,449.9240511753611,-1.415
food,vegan,1.325871203202285,2.584
transport,car-gasoline,4.759647203903295,0.297
consumption,services,8515.634302469654,83.898
energy,natural_gas,806.0590218544023,362.901
food,vegetarian,0.5132500159940135,1.934
energy,coal,491.2580304795257,516.637
energy,renewable,535.5016953128656,11.277
energy,renewable,838.7439761439222,15.865
consumption,clothing,5321.90823065211,80.467
transport,bicycle,291.0378724898835,-0.066
food,fish,0.6295588420560673,2.0
energy,electricity-grid,135.28026226203528,96.785
transport,motorcycle,2.3527388077505056,-0.318
transport,flight-short,303.44483864686345,77.165
transport,car-electric,63.02431451928682,3.311
consumption,home-goods,9386.487545369326,282.083
consumption,other,1440.7351474315806,30.395
transport,motorcycle,101.61203270382453,10.859
transport,bus,332.93341312740387,34.639
energy,natural_gas,359.471653639379,161.492
consumption,home-goods,6259.810364609284,188.742
transport,walking,219.93359301878118,-1.861
food,white-meat,1.8588821527849715,13.823
consumption,home-goods,5451.3506406034185,161.673
food,white-meat,0.8481801816584682,5.088
food,vegan,1.7385590660099142,3.087
transport,bicycle,376.44915689937255,1.583
transport,motorcycle,389.50739758632477,42.494
energy,natural_gas,494.48750564373177,222.094
energy,coal,103.81311471340086,106.759
transport,flight-short,302.37497816418374,77.781
food,vegan,1.8496515927820918,0.202
transport,car-electric,7.0893330867042135,-0.031
food,fish,1.9137708683074346,10.478
consumption,home-goods,9592.794205912076,289.351
consumption,electronics,9475.469229137563,663.563
energy,natural_gas,611.8427811992132,274.204
food,vegetarian,1.982407263147054,5.17
food,white-meat,0.672303848418047,5.311
food,vegan,0.7606174151295237,0.812
energy,natural_gas,187.13455861462657,83.74
food,red-meat,1.3303660316373473,34.865
food,vegan,1.4482642459638722,1.443
transport,flight-long,103.58432437944312,16.013
food,vegetarian,1.8434890073448071,5.006
food,other,1.3658649859149032,5.368
transport,bus,124.86499493581879,12.292
transport,walking,83.59114539655893,-0.718
energy,electricity-grid,213.46810355688507,152.041
transport,walking,487.7951165256954,2.277
energy,electricity-grid,535.5346492147249,377.529
consumption,clothing,3030.9793220764464,44.594
food,fish,2.4994550551856736,11.135
energy,electricity-grid,468.76359661293793,330.451
consumption,home-goods,703.8009623121061,22.579
energy,renewable,453.8355459132796,6.426
energy,natural_gas,560.0806909769096,253.128
food,vegetarian,0.9548203262381778,0.502
energy,natural_gas,409.3254369269983,183.419
food,vegetarian,2.5994721486414263,4.942
transport,walking,127.69039345760883,1.024
food,fish,1.7637696977650845,7.287
transport,bus,443.84278077423795,47.614
consumption,electronics,8062.883925211156,564.415
energy,renewable,962.6866692363199,19.315
consumption,other,1453.76439533825,27.382
energy,renewable,633.6075341360496,11.772
transport,walking,424.2159196379749,1.367
transport,motorcycle,171.5668584972401,19.831
energy,renewable,380.31271575909966,6.05
transport,motorcycle,205.29641444342897,23.189
energy,coal,436.69040260618135,458.736
energy,electricity-grid,140.97306259068608,99.712
energy,natural_gas,487.9437670512641,219.689
transport,car-electric,12.212184851738582,0.761
energy,coal,542.0925804462061,567.849
energy,natural_gas,835.0953065624998,376.536
consumption,electronics,5280.617313911724,369.103
food,other,2.7857470164012477,7.579
transport,train,249.54728600199186,10.083
energy,natural_gas,720.4823790506634,323.538
transport,bicycle,69.30592940433483,1.621
transport,motorcycle,88.51026803310134,11.307
transport,car-gasoline,209.9664919211445,40.697
consumption,electronics,1704.51951912299,116.947
food,red-meat,0.7069966698128162,17.655
transport,flight-short,219.15950478226452,56.467
consumption,clothing,7229.251968162961,108.98
food,other,0.8375031935530173,2.645
consumption,clothing,2735.6166628023393,39.802
consumption,home-goods,8471.758100679845,254.298
food,vegan,0.8866803522080906,0.85
transport,flight-long,176.4185404059752,28.761
transport,flight-long,352.75784929478755,51.969
food,fish,0.6944133601973927,5.844
consumption,services,9678.60891266051,97.772
transport,car-gasoline,475.16843955658044,90.638
food,red-meat,0.9628323220965491,27.061
consumption,other,7602.406663111556,152.168
transport,bicycle,318.97855831495394,1.355
transport,walking,499.6773962833516,1.029
energy,coal,473.73690796325207,496.691
food,red-meat,0.9814975694640761,26.139
consumption,electronics,4246.5384643186,297.915
consumption,home-goods,3225.0497087703934,97.543
energy,renewable,37.97062708077713,-0.646
consumption,other,815.6843562106311,16.815
transport,flight-short,221.07504871233266,57.818
consumption,clothing,5407.094829288836,79.202
energy,coal,738.1179111396185,772.377
consumption,electronics,292.7877764875533,21.225
energy,natural_gas,22.248141439536752,10.094
consumption,home-goods,746.7955721873367,23.469
energy,electricity-grid,53.63115214125136,40.569
consumption,clothing,7694.320467951956,114.764
transport,walking,261.737076625627,-1.861
energy,electricity-grid,715.8377619190077,506.513
transport,flight-long,139.35555720269002,20.658
consumption,services,9566.336190716278,94.78
transport,motorcycle,45.616090153817495,6.002
energy,electricity-grid,467.93410973861984,331.083
transport,car-electric,84.34993909994554,4.384
transport,bus,256.8315669972378,27.46
energy,renewable,177.35150397350276,2.924
food,other,2.501924217824688,6.95
energy,renewable,217.10769901351696,6.844
transport,bus,379.36099937634157,40.303
energy,coal,154.7420104335152,161.927
consumption,other,5392.895507789465,108.491
transport,train,290.4630177110678,11.296
transport,bus,477.87009761664694,49.789
consumption,electronics,8104.684943512537,567.986
food,white-meat,1.5211330326767467,12.506
food,other,1.1493844594008156,3.415
energy,coal,220.96301874786153,233.806
transport,motorcycle,495.74619223737903,55.44
food,white-meat,1.859447269993498,12.866
transport,car-gasoline,439.43636319122385,84.962
transport,flight-long,167.6704304938737,26.259
transport,flight-long,465.1150849043596,70.085
consumption,other,8814.664054029337,175.664
energy,coal,30.21803575152459,31.562
food,vegan,2.3587706407290194,3.685
food,white-meat,2.5449175602976553,17.589
food,white-meat,1.217595332937282,9.68
energy,renewable,981.204991849396,18.264
consumption,other,7809.461681753879,156.935
energy,renewable,761.266874599526,15.763
food,vegetarian,2.0815547328348702,4.211
energy,coal,103.40721826268857,108.753
energy,electricity-grid,301.66260337986944,213.986
transport,bicycle,354.57743029671207,-0.695
consumption,home-goods,8531.525859026544,255.904
energy,electricity-grid,676.3762049295677,480.895
consumption,other,3866.941991035937,76.599
transport,car-gasoline,162.48149935562108,32.762
energy,renewable,446.4568036703716,8.863
energy,natural_gas,997.1273756575534,447.259
food,vegan,2.2342055644537213,1.153
consumption,electronics,7739.5866611672045,541.287
food,red-meat,2.9080916336003297,78.164
consumption,services,7326.137166388172,71.415
energy,electricity-grid,724.6982499415028,512.52
energy,coal,201.15878440516394,211.619
energy,renewable,472.0609276424102,10.131
food,vegetarian,0.9638137892578029,2.27
food,fish,2.611958070292219,13.778
consumption,home-goods,7978.138387247074,239.858
energy,renewable,186.27341580197768,3.469
food,red-meat,0.5030795879160648,15.221
consumption,services,5606.2060922028195,57.563
consumption,clothing,1650.2134173279912,23.427
energy,electricity-grid,433.81350222268395,308.295
consumption,other,1538.3273945422793,32.729
energy,natural_gas,974.7251520188191,438.241
energy,electricity-grid,657.3268737069286,465.645
food,red-meat,1.1051125396563186,30.307
transport,bicycle,309.45971142474144,0.525
consumption,electronics,3298.2900170277194,232.662
energy,coal,88.77863264568852,92.948
consumption,electronics,3999.386598205881,279.871
energy,natural_gas,567.9733074132965,256.577
energy,natural_gas,168.3150996768107,76.365
transport,flight-short,318.5786945222747,83.05
consumption,electronics,6271.781369128781,439.383
consumption,home-goods,4869.764553361704,146.744
energy,natural_gas,784.0487208654431,354.798
food,fish,0.6018852652311819,2.848
energy,natural_gas,593.6853696618685,265.944
consumption,other,4818.825339334058,94.819
energy,electricity-grid,744.5347865293606,528.185
transport,walking,217.39401164423805,0.506
food,fish,0.7038162238810668,1.592
food,fish,1.0514028123058081,4.017
food,vegetarian,0.935483341445634,1.501
transport,flight-short,213.3211738895896,53.171
consumption,services,449.0864545542007,3.026
transport,bus,289.7590288776243,32.109
consumption,services,8740.561218912522,86.947
energy,electricity-grid,422.29920594658194,299.64
energy,coal,211.4515268166609,220.448
transport,car-electric,316.14854982616777,15.182
consumption,services,9094.873580623127,91.345
food,white-meat,1.093858312309694,7.522
energy,natural_gas,870.8791513712389,393.068
food,other,1.7870433848242255,6.51
energy,coal,391.69045511510893,409.535
transport,car-electric,429.1351407074302,21.474
consumption,services,9699.71939853152,96.903
food,fish,2.7092741741518815,11.899
transport,flight-long,216.01287430724116,31.744
consumption,home-goods,9488.404380771766,283.91
consumption,clothing,6075.104668566584,89.822
food,vegan,1.8337798132492389,3.458
consumption,services,8648.950967857982,87.46
energy,electricity-grid,540.3659336627103,382.257
energy,coal,640.3629638700768,671.93
food,other,0.9500260936818088,4.566
consumption,other,4824.975961841129,97.271
food,fish,0.5434494754636991,1.227
food,white-meat,1.3566337203022885,9.864
energy,electricity-grid,126.61577029484218,89.708
consumption,electronics,1924.0733834677344,134.806
food,vegan,1.6093755482614278,2.223
energy,coal,838.2771743584622,880.408
energy,renewable,683.5647802613562,16.075
consumption,clothing,352.3512439835268,5.228
consumption,clothing,6910.791172764033,102.585
consumption,other,6686.366594059527,134.396
transport,car-electric,499.7074491595626,25.991
transport,motorcycle,283.9411142323472,30.981
transport,train,325.6053122480662,14.251
transport,flight-long,159.2806626659339,23.753
transport,car-gasoline,60.98431862993361,11.536
food,red-meat,1.4161538371784947,38.252
food,vegan,1.4510492605819942,4.389
consumption,clothing,4471.973554874456,68.192
energy,natural_gas,587.4746459934498,264.815
energy,natural_gas,500.94486382161074,224.376
transport,flight-short,260.0218107829728,65.851
energy,coal,380.8154231670712,399.836
energy,electricity-grid,580.5921968581049,413.388
consumption,electronics,7169.134525637781,502.565
food,vegan,2.5559835470426453,4.751
transport,flight-long,327.6918476342427,48.994
food,vegetarian,2.8360900670137856,4.918
transport,train,129.13150729253346,5.014
consumption,home-goods,9299.578480348793,281.443
energy,electricity-grid,717.9181501227209,509.265
energy,coal,976.7485134239163,1025.677
food,vegetarian,0.9535958692390674,3.222
transport,walking,148.34386632093472,-0.567
consumption,services,4274.047880703801,43.269
energy,renewable,815.9328948607766,16.796
food,fish,0.5064600371124559,0.306
energy,natural_gas,515.6599951633979,233.372
food,white-meat,0.9369336070684429,6.887
transport,flight-short,385.2024054255878,96.608
consumption,electronics,7332.982772477064,513.684
consumption,services,6730.675461829614,67.893
energy,coal,424.52086810038867,446.428
transport,car-gasoline,368.69999872714686,70.436
transport,bicycle,12.795654437121861,0.454
food,fish,2.0177350902219517,8.754
energy,coal,594.8818588509869,624.894
energy,coal,987.7977346946724,1037.602
food,white-meat,1.5704990373140368,10.064
food,red-meat,2.231090378310924,60.542
energy,electricity-grid,274.88650589324607,194.085
energy,electricity-grid,86.5725913468341,60.193
transport,walking,35.64249753030059,-0.711
transport,car-electric,335.131705450847,16.953
consumption,electronics,6817.312714479342,476.61
consumption,other,4595.743516559668,90.415
food,white-meat,1.6158808779941054,9.82
consumption,services,933.2355713722961,9.443
food,red-meat,0.9261948454347939,25.385
energy,natural_gas,423.26642428279337,188.134
food,vegetarian,2.935411571570039,5.372
energy,coal,737.4430447822359,773.562
energy,coal,93.83621523501054,99.317
energy,natural_gas,788.1140863039727,354.949
consumption,services,7102.009742542616,72.022
energy,electricity-grid,303.8252275893833,214.322
transport,car-electric,468.54195369250033,22.096
transport,car-gasoline,153.45663101835376,28.36
consumption,electronics,5181.010305580153,360.518
food,other,1.7424087072645755,5.309
food,other,2.6949358011126736,7.986
energy,natural_gas,806.1194747175035,362.086
transport,motorcycle,12.424018663084004,2.359
food,white-meat,1.0590360862407782,7.395
energy,coal,575.5881871461283,604.914
transport,bicycle,157.55011790585394,-1.023
consumption,other,3209.4379063735337,64.49
food,red-meat,2.5630019185389203,68.402
transport,car-electric,253.5476698685287,13.029
food,vegetarian,0.6999134858982549,0.988
consumption,other,9367.669280142423,187.655
consumption,electronics,2813.638606305148,197.004
food,fish,1.466152102897868,7.247
transport,bus,96.69944534033843,10.074
energy,coal,619.87825365618,649.392
food,red-meat,1.575842943772303,41.839
food,vegetarian,2.0451291857179648,4.945
consumption,clothing,2364.823108698676,34.88
consumption,services,8487.758058231544,84.37
energy,renewable,792.3015401267827,17.561
food,fish,1.5353243813223176,6.771
energy,renewable,733.8807661808406,14.101
energy,natural_gas,260.5533955362892,114.658
energy,renewable,137.97259602327006,1.281
transport,car-electric,315.0201041993574,15.934
transport,car-electric,33.24372324219899,1.54
transport,motorcycle,422.33418428706835,46.022
food,vegan,1.7206028425544455,2.138
consumption,electronics,4786.380387219227,334.162
transport,train,429.9230505918259,18.121
transport,flight-long,51.97261529911151,7.679
consumption,clothing,9431.169857061954,141.793
consumption,services,7822.645716679846,78.06
consumption,home-goods,4979.748429436769,148.444
transport,car-gasoline,34.259368239784294,4.416
consumption,other,1544.1815581295646,30.972
transport,flight-short,21.794777400589748,7.28
transport,walking,358.44537064327847,-0.802
energy,electricity-grid,350.3535265161037,249.349
food,fish,2.153426527676036,10.531
transport,motorcycle,330.4910571309677,35.918
consumption,electronics,258.40236225758247,19.084
transport,flight-long,191.58788018679505,27.981
energy,renewable,122.26503174124703,3.773
transport,flight-long,265.62076449133,40.399
energy,renewable,968.5202888167894,18.727
consumption,electronics,6038.721816881405,423.638
transport,car-electric,64.91977743673381,3.803
food,red-meat,1.4304175595937834,38.411
food,other,1.5985124742361305,5.375
energy,electricity-grid,122.37987492461714,86.793
consumption,home-goods,8874.90275708223,264.907
consumption,clothing,2621.39462190359,40.234
food,white-meat,2.090176909324563,14.795
food,vegetarian,0.6346455174950654,2.868
consumption,home-goods,2729.8464181051495,83.625
energy,coal,685.6127180997576,720.194
consumption,home-goods,9653.040934163615,288.395
consumption,other,4163.493670487851,83.23
transport,car-gasoline,254.6719129112237,49.463
transport,walking,289.00921886048747,-1.761
transport,motorcycle,80.87574584233192,8.646
transport,motorcycle,440.84393905783566,48.473
consumption,home-goods,4044.868442819818,120.766
energy,coal,733.3382247336451,770.594
food,fish,0.9700618365385403,6.144
consumption,services,102.03465475198172,0.411
energy,natural_gas,36.27604358529883,15.539
energy,coal,368.5728105507824,387.65
food,fish,2.6049259287417716,13.517
energy,electricity-grid,385.99050716431447,269.93
consumption,services,7814.977772665381,77.692
energy,coal,2.878003641385731,2.664
food,vegan,0.5726784508598843,0.465
transport,train,201.76123521859142,7.86
food,vegetarian,1.775274281247063,3.013
energy,renewable,703.2404975376982,14.368
consumption,electronics,6013.721208346192,420.654
food,red-meat,2.091226627622885,56.529
food,other,2.238539120820133,7.269
food,vegan,0.8686313167657098,0.809
food,red-meat,1.5850484154346882,42.714
food,vegetarian,2.3391577855979744,4.557
food,red-meat,2.8327833283588943,75.461
consumption,services,7867.233599898308,80.526
food,other,2.9778160795532593,9.784
energy,electricity-grid,203.7334312073273,145.119
consumption,other,9797.48481458714,196.461
energy,natural_gas,586.8926130965183,263.246
energy,coal,929.6873059528085,975.76
transport,motorcycle,240.97209437578175,27.036
transport,motorcycle,353.3034848243483,38.377
food,white-meat,2.7734754800209904,19.279
consumption,clothing,119.9405779455106,1.525
consumption,clothing,9568.315479780407,142.525
energy,electricity-grid,57.99766643010306,40.086
food,vegetarian,2.4678165065040103,4.043
energy,electricity-grid,371.8358867961083,264.42
energy,electricity-grid,157.22542259904452,111.076
consumption,home-goods,673.3993743807775,17.778
food,other,2.7495833642181813,9.133
energy,electricity-grid,664.1258964894135,470.268
food,vegan,0.6306446982150594,1.462
consumption,clothing,4970.087256386175,73.714
transport,bus,155.04067294322442,16.89
transport,flight-long,92.32470667312884,13.026
energy,renewable,545.560422732439,10.747
consumption,other,2312.7244838207203,47.267
food,other,1.8720966418001468,3.332
energy,natural_gas,226.9209045383508,101.878
transport,car-electric,332.42976933820324,17.772
transport,car-electric,49.68369260941057,2.361
food,other,1.2264688995158877,4.799
food,other,2.5160090430820987,6.901
food,red-meat,1.003409455339936,27.033
food,vegan,0.9117658835807397,2.53
energy,renewable,205.67639287656183,3.345
transport,bicycle,81.64828583164984,1.583
transport,car-electric,33.53709103898554,2.057
energy,renewable,909.3109856556986,18.006
energy,renewable,657.1233246195698,16.336
transport,car-electric,47.6105780156725,1.023
consumption,electronics,985.6592391209502,68.733
consumption,services,7586.944753654703,74.926
transport,flight-short,260.57507110252567,65.323
consumption,services,5600.310909695554,56.383
transport,bus,448.6959841413448,45.994
food,other,0.8517788201218961,2.009
transport,motorcycle,220.72138576580613,23.764
energy,natural_gas,84.38062090439391,38.163
energy,renewable,967.1594886439112,19.584
food,vegan,2.9602757975912444,5.589
consumption,services,8825.181195131208,89.684
food,fish,0.9055835144561983,4.651
transport,train,359.9574575622101,14.491
energy,natural_gas,80.3271780583865,35.342
transport,flight-long,409.7126934169664,62.053
energy,natural_gas,710.5325558246882,319.436
food,vegetarian,1.6481629929330348,1.341
transport,flight-short,247.61201117789963,62.643
energy,electricity-grid,712.30200631045,505.303
consumption,electronics,1051.3429113091565,73.029
transport,bus,225.7251384738009,23.29
energy,renewable,651.4964372967925,11.511
transport,bus,16.526684358761486,2.979
transport,car-electric,163.22690370041778,7.697
food,other,2.6393431472644657,8.119
consumption,clothing,8378.559196167254,126.55
consumption,electronics,5150.914793793277,359.218
energy,renewable,213.43173199472503,4.783
consumption,clothing,7672.344526526261,115.265
food,vegetarian,2.162462258689988,4.735
food,fish,1.9011015774511,9.454
food,white-meat,1.6176388595160636,12.269
consumption,home-goods,4156.973236196959,124.589
food,other,1.697675157758378,5.044
energy,natural_gas,966.2771672960914,434.522
energy,electricity-grid,707.9806380042882,502.094
transport,walking,311.05090412951125,0.495
transport,walking,266.80526749401594,-0.776
consumption,other,5429.9498426168575,110.69
consumption,clothing,2456.8435911754477,36.833
transport,motorcycle,149.32166604659997,16.122
food,other,2.3579829968290085,7.502
energy,natural_gas,892.4101956415126,402.484
food,vegan,2.595380458879811,3.335
food,other,2.6392402345938484,6.226
food,vegan,0.6591022732166059,1.336
transport,motorcycle,47.83478512685475,6.425
transport,flight-long,334.93093120610115,50.893
food,vegetarian,2.776691448587849,8.241
energy,renewable,138.38625104219838,1.781
energy,electricity-grid,948.1602118512708,670.829
energy,electricity-grid,789.0134616414542,560.023
consumption,services,2380.1352458140823,24.91
consumption,other,9709.12375442409,193.286
food,red-meat,1.7656651487380068,46.742
food,other,0.6773305403344336,1.29
consumption,electronics,9078.432638892828,634.17
food,vegetarian,1.6741044367017726,1.933
food,other,2.0269501776894208,3.488
transport,train,104.28929664077496,4.071
energy,coal,219.8497402927559,230.849
food,vegetarian,0.7700643853267284,2.625
transport,bicycle,465.94510599697537,-0.578
transport,flight-short,44.45929063108998,10.451
food,fish,1.768529846794522,9.288
transport,walking,247.2797435897192,-0.399
transport,flight-short,211.49226109087687,53.278
consumption,other,7154.624812445221,141.511
transport,walking,477.06253066493525,0.895
transport,flight-short,431.5773709532938,109.675
consumption,clothing,4589.553264107643,69.419
energy,coal,121.90397548470786,129.521
transport,bus,178.03087462615613,18.202
food,white-meat,2.1714316168072854,13.892
food,vegan,0.5253279600693584,2.199
energy,renewable,913.3736606286606,19.221
consumption,home-goods,7422.763440232056,222.97
transport,bicycle,414.67984854020006,0.317
food,red-meat,0.7109809513613559,21.097
food,white-meat,2.7753365919553357,18.58
transport,walking,408.54487807671376,0.618
energy,electricity-grid,388.0051930829907,274.412
transport,walking,271.72464989759345,1.084
energy,natural_gas,590.6952574102065,265.251
food,vegetarian,1.948165884551317,2.568
transport,walking,160.11454234224828,-1.836
transport,bicycle,353.0873454592685,1.171
transport,flight-short,187.90189062304054,47.662
consumption,other,8906.465500078893,176.915
transport,train,170.54464474840782,4.643
food,fish,1.46468625723779,7.804
food,other,1.9899721054587045,7.192
consumption,services,5618.900026137502,56.3
food,vegetarian,0.9183993328465698,1.865
transport,train,50.55179917409278,2.491
energy,natural_gas,925.7116926953105,414.803
energy,renewable,147.9147887160218,1.507
transport,motorcycle,417.9046379547815,44.566
food,other,2.007357191198654,4.569
consumption,clothing,9840.93097394412,146.074
consumption,services,9802.084474516982,96.535
transport,car-gasoline,266.5965080433391,50.67
food,fish,1.3904641177939854,6.415
energy,electricity-grid,709.3047105627447,502.218
food,vegetarian,1.0875930370095628,0.853
food,vegetarian,1.368192597576269,1.664
food,vegan,2.0655858035526595,3.338
food,vegetarian,1.5044470016358107,4.11
energy,renewable,202.11079571461082,6.001
transport,flight-short,20.69030691255876,7.92
food,fish,2.773636527343105,12.643
food,other,1.8334665719134065,5.139
transport,flight-short,138.6080165574271,35.625
energy,natural_gas,944.0980517315725,424.72
consumption,services,4859.903987932808,47.426
consumption,electronics,4939.61086640914,348.446
food,fish,1.7781886555018778,10.026
transport,bus,289.0622355873325,31.545
food,vegetarian,2.5164733558156924,4.696
food,red-meat,0.6486789221682019,16.491
food,other,1.1401189127623859,2.626
transport,walking,10.53893112045225,1.957
food,fish,2.23133107884277,11.138
energy,electricity-grid,300.09619278330956,213.613
consumption,home-goods,2146.5143904786714,63.864
transport,bus,498.91260698530715,53.339
food,other,0.5357881941676499,2.12
transport,train,417.2381539033372,16.465
consumption,other,8228.1700276023,164.995
transport,car-gasoline,423.1147983991883,80.471
transport,car-electric,39.747018001130925,2.199
consumption,services,4100.709566799995,40.816
food,other,2.5205880250230552,7.013
transport,car-electric,4.038285371679696,-0.514
energy,natural_gas,242.98898660674234,109.681
energy,electricity-grid,146.05131637177564,104.386
food,vegetarian,2.6585019171425044,6.553
food,other,0.8808239736613386,3.793
transport,flight-long,110.41770700001398,16.842
transport,motorcycle,108.09940855614262,13.372
food,red-meat,2.299478633386715,61.607
consumption,electronics,5879.354645112516,410.906
consumption,electronics,2457.2202191395195,172.195
consumption,services,3066.7808916374083,31.192
consumption,other,9172.077322488234,181.703
consumption,electronics,4044.3840275862767,283.663
transport,car-gasoline,159.4758108352972,31.432
food,red-meat,1.7778228480930744,47.673
energy,electricity-grid,4.816102735924525,3.565
transport,flight-long,42.27501530065239,6.526
energy,electricity-grid,572.2373544435466,404.091
energy,renewable,943.0408329992265,16.981
consumption,services,6767.643608439197,66.487
transport,walking,247.4132061880074,1.569
consumption,electronics,1434.202696466321,99.066
transport,motorcycle,437.88010204975546,47.587
food,red-meat,2.190270578536028,58.307
transport,flight-long,53.57709620317738,8.652
energy,coal,360.69041543507734,379.929
consumption,services,8664.910643962434,85.653
consumption,home-goods,3729.6418970724076,111.828
consumption,clothing,1900.928850056373,26.349
energy,electricity-grid,371.7904531709561,264.566
energy,renewable,730.7658645978314,15.765
food,vegan,0.5898466873038833,1.458
transport,flight-short,465.47284136092844,119.068
energy,electricity-grid,53.14643041592666,37.04
consumption,clothing,8907.639276229935,132.736
transport,car-gasoline,56.644593948316924,9.463
energy,coal,268.3250840512435,280.216
energy,coal,125.2440306015097,130.372
energy,renewable,493.37171986299916,10.646
energy,electricity-grid,10.913897306707796,5.317
food,red-meat,2.9087481022189707,80.554
consumption,services,2709.1636664462735,27.308
transport,flight-short,66.62761519127258,17.222
energy,renewable,383.1977432470648,8.762
transport,car-electric,91.68785616402202,2.697
transport,car-gasoline,369.77425233619135,70.272
food,vegetarian,2.1046498971383887,5.98
transport,train,274.6426360616313,13.098
consumption,home-goods,284.7698982230148,8.716
transport,flight-short,229.53988374278217,58.777
energy,renewable,303.6128131043594,5.969
food,vegetarian,1.6845245709948666,1.726
energy,electricity-grid,957.8320111872157,678.166
food,vegetarian,2.4423200258180637,5.115
transport,walking,71.26067149744537,1.282
transport,bus,74.33439208451662,8.363
transport,flight-short,318.34139887470053,82.758
food,red-meat,1.3629805212355262,35.785
consumption,services,5411.18943994421,54.278
energy,coal,930.6761980416904,976.827
consumption,services,2340.996661069621,23.309
energy,renewable,761.3272177178517,14.683
consumption,other,9493.258403332697,189.973
energy,natural_gas,761.0934901699811,342.904
energy,natural_gas,181.12762748735534,83.796
energy,coal,481.8520431591292,504.388
transport,car-gasoline,69.36253246378202,13.328
food,vegetarian,2.1477844111738165,4.481
transport,train,475.7634753705543,19.554
food,vegan,1.5924897141640522,2.721
food,other,2.0558581615431155,6.593
food,vegan,2.63555476585217,3.972
energy,electricity-grid,310.6899372346175,219.728
transport,train,282.9775709139254,10.056
energy,coal,499.396768871406,524.985
energy,renewable,634.7293251828155,12.487
consumption,electronics,3250.616397112509,228.013
food,other,1.571755052466084,5.429
transport,bus,447.42675599123965,46.973
transport,walking,186.49030913476926,0.615
consumption,services,7554.936484802875,73.683
energy,coal,251.75038187903795,265.345
consumption,other,3617.855692172488,71.146
energy,natural_gas,918.3208475887617,413.975
consumption,electronics,8406.170813348033,587.628
transport,car-gasoline,74.94078618674278,15.135
consumption,other,2287.6576573183293,47.437
consumption,home-goods,4303.643221714711,128.582
consumption,electronics,8404.613574302464,588.105
food,white-meat,2.731395568716186,17.736
transport,train,411.75725452372075,16.995
transport,flight-short,93.88181297892062,24.923
food,other,1.017689523027138,3.064
food,fish,2.58956481977629,13.916
transport,train,347.1154106794238,14.912
food,white-meat,2.6897077087926426,19.751
food,vegan,1.2061810659250092,1.305
energy,coal,765.781203765345,803.989
transport,flight-long,31.604146865998025,6.107
consumption,other,3074.2279969375218,60.64
food,fish,0.6297523589682725,2.618
food,vegetarian,2.3547408173967876,3.744
transport,walking,305.20587481679405,-0.854
transport,bicycle,203.46983313891545,-0.924
consumption,other,5447.586484453428,108.598
food,white-meat,2.273302071181524,14.648
food,white-meat,2.451579293563893,17.484
energy,natural_gas,266.0608114179115,119.833
consumption,services,6339.987016905251,63.572
transport,car-gasoline,354.53635904890587,67.012
food,vegetarian,2.931049997600258,4.656
food,fish,2.508795271087336,12.614
food,white-meat,2.322452654139541,15.602
food,red-meat,0.98810150739123,27.355
transport,bicycle,168.4696166806515,1.058
food,vegan,2.8677266677712976,5.239
transport,car-gasoline,190.87833722507736,37.103
consumption,services,3874.332633315142,38.209
food,fish,2.597493319295027,13.187
consumption,home-goods,5035.824408608861,151.53
energy,coal,534.7562613417821,559.161
transport,bicycle,60.12768702543189,1.35
consumption,home-goods,9527.047811044076,286.232
transport,train,338.89905381637914,13.592
consumption,electronics,8720.569640199,611.5
food,other,2.0621852490174972,6.804
food,white-meat,2.5820759419706776,17.447
transport,motorcycle,154.08152316154846,17.092
food,vegetarian,2.0532311226240254,5.324
energy,coal,69.28484710964865,71.881
food,red-meat,1.214395811481765,34.602
transport,car-electric,103.49530283053664,4.517
food,vegetarian,2.9551238425399062,6.611
food,other,2.4524897340374787,8.213
consumption,other,1058.6603306539337,20.209
energy,coal,980.3883722012429,1028.451
energy,natural_gas,519.1822933862144,233.402
transport,car-electric,352.5726595856952,16.704
transport,car-gasoline,173.91555980840639,31.895
energy,natural_gas,483.5566578613311,216.95
consumption,electronics,2910.2435657276387,203.924
food,fish,0.6889590346351675,3.583
energy,electricity-grid,297.9934995170263,211.177
consumption,home-goods,6502.622960180947,194.266
energy,coal,16.09557353026056,18.09
consumption,clothing,5281.274384613392,80.233
food,vegetarian,0.5050462943705848,3.165
food,other,2.847642739917968,7.565
transport,flight-short,294.2053496835915,76.07
consumption,clothing,203.17917232851934,4.217
consumption,clothing,5442.801245153171,82.4
consumption,clothing,5005.501910915847,76.542
food,other,1.3176116103795446,4.303
consumption,other,5151.627622904672,103.33
food,white-meat,2.990655716312192,20.899
transport,car-electric,357.31230896568525,16.341
consumption,clothing,8192.777186489306,122.818
energy,coal,78.06802337104229,81.729
energy,electricity-grid,355.5059699154017,250.291
transport,car-electric,186.7279955207844,8.965
food,white-meat,2.7124107704514695,18.582
food,vegan,2.4669237583928183,1.293
food,white-meat,1.7840276163608113,13.287
transport,flight-long,103.9024851369858,14.833
food,red-meat,1.3340169725726079,35.598
energy,renewable,638.316308422054,14.129
energy,natural_gas,499.9323380969685,223.816
food,vegetarian,1.548474029167429,3.211
food,other,2.462744285239269,6.097
energy,electricity-grid,408.2252251216761,289.451
food,other,0.5707781860066694,1.031
food,other,0.5287311832452883,0.684
transport,car-gasoline,462.08940834244066,88.764
transport,motorcycle,373.6415431273253,40.097
food,vegan,2.566220225489406,5.209
transport,train,462.3559666330256,18.717
food,white-meat,1.8388845371991813,11.337
consumption,clothing,8289.76244861311,123.024
energy,electricity-grid,809.5150738869771,573.706
transport,walking,116.66001155438566,1.233
transport,motorcycle,451.87566327283264,50.015
transport,walking,419.11627905105,-2.157
food,fish,1.5362901620419807,5.513
consumption,services,2334.5016995019882,22.279
food,vegan,0.9132112253573936,1.482
energy,natural_gas,84.47078317317906,39.756
transport,bus,121.52688400913921,11.981
consumption,electronics,5216.284479263041,364.852
consumption,home-goods,2491.2555259538,74.592
food,other,1.0488848080745048,2.554
consumption,home-goods,5590.940509562354,166.142
food,fish,2.241074517590268,9.55
food,white-meat,0.9292347692636239,3.776
energy,coal,631.787502297158,663.38
consumption,other,6981.441348613031,140.386
food,white-meat,1.7807118931087127,12.279
transport,motorcycle,382.6356852571794,43.182
food,vegan,2.4412232566275454,4.378
energy,coal,857.45159345848,899.418
transport,motorcycle,111.72832993140206,14.0
energy,electricity-grid,881.6818914858162,625.146
consumption,clothing,4677.299720591412,71.233
energy,electricity-grid,204.23303866095512,144.209
food,other,1.7764044885233452,4.656
food,white-meat,1.5114216410100436,10.103
energy,natural_gas,648.1264587173918,291.646
energy,renewable,281.60108322105754,4.294
consumption,services,8486.882443445318,84.782
consumption,clothing,9817.988058085359,148.056
energy,renewable,232.31688752908377,1.733
transport,bus,110.83555162647181,10.383
food,other,1.4362009999200425,2.838
consumption,services,500.92682566090133,5.591
energy,renewable,831.536338515748,16.427
consumption,clothing,3763.7495059733765,55.693
consumption,clothing,5831.100179082339,87.715
transport,motorcycle,261.0155220636855,30.05
consumption,clothing,195.55117583287335,1.804
food,vegetarian,2.355632967997718,4.268
consumption,other,1628.854793212365,32.098
consumption,home-goods,4359.9729575859055,131.329
transport,bicycle,379.3753787359735,0.412
consumption,electronics,4178.963593230778,291.722
consumption,home-goods,1894.4591518709892,58.339
transport,car-electric,213.00057059117538,10.666
food,red-meat,1.961670225414562,53.867
energy,electricity-grid,444.4153292328798,315.212
transport,bicycle,267.0924482402721,-0.061
food,other,2.3705820783297398,7.272
consumption,services,4657.991402683239,45.049
energy,coal,655.0543662809428,688.421
consumption,services,7747.942520711875,78.008
consumption,services,1548.5506270218264,15.296
energy,natural_gas,415.8257313617064,185.634
consumption,home-goods,8252.05257419873,248.542
consumption,clothing,8984.295910228775,135.12
food,vegan,1.5910489968239825,1.717
consumption,home-goods,8136.500517935967,244.37
transport,bicycle,48.36405047401318,0.757
energy,renewable,997.6306691047544,20.565
food,vegan,1.29526111725868,1.647
energy,renewable,81.14202420925837,2.722
transport,bus,8.855713584842814,-0.102
food,fish,0.5133654021359111,3.732
food,vegan,2.6610831171709104,5.626
transport,bus,221.7046089201165,25.034
energy,coal,389.8412412200967,409.833
consumption,home-goods,9294.938224153855,277.449
food,vegetarian,1.8191936655542373,4.264
transport,car-electric,181.85322998529873,9.978
energy,natural_gas,110.9532209169141,50.131
food,red-meat,2.1106418091270287,57.64
transport,flight-long,35.83052665269983,6.983
food,vegetarian,1.5345686633019895,3.424
consumption,services,471.30567378521914,3.392
energy,natural_gas,61.544302807194875,29.931
energy,electricity-grid,25.94125589793711,18.187
consumption,services,9611.155461941806,94.844
food,vegetarian,1.7212390816497634,2.339
transport,car-gasoline,139.22924963866342,26.419
consumption,electronics,7418.618996432124,519.498
consumption,other,4262.184684324316,84.408
energy,coal,607.2401085845989,636.471
transport,flight-short,99.1301388915264,25.901
transport,walking,143.97325491463434,0.289
consumption,other,670.8209825528585,13.491
consumption,services,716.8145506245392,6.962
energy,renewable,211.58230844847859,3.485
energy,renewable,469.6381038365311,8.902
consumption,other,5322.318547830835,106.161
transport,flight-long,483.9129711695114,70.885
consumption,home-goods,3296.2264845094105,98.424
consumption,other,2363.4346224679202,46.887
transport,train,337.32310986471947,13.25
consumption,services,2144.544049670162,21.066
consumption,electronics,8301.676629551306,581.449
food,vegetarian,2.0430470146947517,4.01
energy,electricity-grid,304.32031420569643,214.241
consumption,home-goods,81.25201517881506,2.554
transport,walking,492.13301511798255,-0.101
energy,coal,715.471268325461,750.381
energy,coal,347.7153061308956,363.718
energy,renewable,991.7811080982701,18.757
food,vegan,2.973627827412641,5.05
transport,flight-short,186.36216404956403,47.473
consumption,clothing,4951.062253995311,72.861
consumption,home-goods,6597.921718254444,198.143
consumption,services,4190.646408024037,41.644
consumption,other,8904.343078411192,178.13
transport,flight-long,256.93563070388586,39.885
energy,renewable,403.373057399667,7.189
food,other,2.6367586252329938,8.872
transport,bus,110.13619036146802,12.006
energy,electricity-grid,927.1966580825849,656.025
consumption,clothing,7867.148880114816,117.702
food,vegan,2.489815967858756,4.474
energy,electricity-grid,673.0918497980542,475.867
energy,electricity-grid,250.41928378748992,176.62
energy,electricity-grid,1.6527373705382553,1.466
consumption,services,7515.14435119148,75.527
energy,electricity-grid,458.86527099298786,324.162
energy,electricity-grid,920.8189106922928,651.678
transport,walking,146.43899583340314,-0.656
food,vegan,1.6701726355857254,1.772
transport,flight-long,351.54168245264594,54.103
food,red-meat,2.2602081783033476,61.633
transport,car-electric,199.53498580569615,9.592
transport,motorcycle,23.680797717462184,2.988
transport,flight-short,114.14385101906534,28.729
consumption,other,549.9179477386722,13.024
consumption,clothing,8537.170853539385,128.707
consumption,clothing,3393.270236951582,51.656
consumption,clothing,7745.141425433385,116.402
food,white-meat,1.4802339422614317,10.699
food,fish,2.128789208322231,11.135
transport,motorcycle,417.697906782055,44.519
consumption,electronics,3214.593246881641,224.589
consumption,clothing,2863.871250171472,44.523
food,fish,1.23129106369063,5.047
consumption,home-goods,6389.092273203203,190.67
food,red-meat,2.1334587461967014,56.995
energy,renewable,600.0279408914614,11.084
consumption,services,3536.6118376014642,35.114
transport,train,339.3788016461502,14.564
transport,flight-long,174.0961022058284,27.504
consumption,home-goods,1465.4396357793134,43.659
consumption,home-goods,8502.865444104618,255.415
consumption,electronics,9289.87409304817,650.319
consumption,home-goods,968.9872547082163,29.394
consumption,other,4494.809546222277,88.748
energy,renewable,247.41195718960108,7.024
energy,electricity-grid,754.1142146272031,533.541
energy,renewable,904.4554152188633,18.655
consumption,clothing,118.43572408551067,2.476
consumption,clothing,6652.05975943885,98.074
food,white-meat,2.7389071203295967,17.345
food,vegetarian,1.2846951912875682,1.465
transport,car-electric,93.13159621633724,5.581
energy,coal,430.52766216004187,452.283
energy,coal,493.3267649482918,519.706
energy,natural_gas,596.4858732830677,267.21
transport,motorcycle,178.21069222915247,19.365
food,vegetarian,2.332500268056558,5.208
consumption,home-goods,5687.722326109357,170.831
food,fish,1.5271427296012412,8.453
consumption,home-goods,8019.757969013481,240.684
transport,motorcycle,232.5268673852768,27.094
consumption,home-goods,6604.240505333871,198.729
consumption,services,1077.4868383067317,11.033
food,vegan,1.1156104024265003,0.432
consumption,electronics,7946.028012661076,555.647
food,vegetarian,0.5681250298770377,0.716
transport,walking,109.91167647417102,0.03
transport,bicycle,448.97403968835295,0.197
food,red-meat,0.6910996525986192,18.801
energy,renewable,52.73410284408405,1.244
energy,natural_gas,156.87977552863694,70.155
transport,bicycle,283.27839789836185,1.041
energy,renewable,140.4592684924403,4.303
transport,car-gasoline,138.60294481619937,27.048
consumption,home-goods,216.725229699205,5.968
food,red-meat,2.0042054100457403,54.339
food,vegan,1.2795053423894216,2.684
energy,natural_gas,332.77767352481646,148.509
transport,walking,209.41583091268038,0.267
food,vegetarian,2.2333378843367666,3.56
food,fish,1.0787002397824705,5.911
consumption,other,4409.858330830235,88.366
food,fish,2.905653616522892,16.415
energy,natural_gas,538.2451518066351,241.854
transport,train,278.60767562128257,10.985
consumption,other,7115.641925055929,141.775
food,other,1.2942367438679054,4.777
food,vegetarian,2.7910513613301657,5.085
energy,coal,630.190833780273,663.165
energy,natural_gas,677.7606331570662,304.431
transport,walking,366.0167355575264,-0.299
transport,bicycle,471.6442366576812,0.274
transport,train,384.2959610120602,12.913
food,white-meat,1.7852386063781494,12.339
transport,train,108.3870353868632,4.597
energy,renewable,713.1331498650941,15.253
consumption,services,3277.2407865658042,32.05
consumption,home-goods,9470.224634687795,283.442
consumption,home-goods,4571.311387075531,136.961
energy,coal,305.1880402162019,319.083
transport,walking,33.780366128339956,-0.197
consumption,clothing,1644.2447297162375,25.613
transport,flight-short,209.65424929323703,53.851
transport,walking,402.67690146922797,0.251
transport,bus,301.6222715413273,31.187
food,vegan,2.5873680142360094,3.269
transport,walking,68.59430886055071,0.491
consumption,clothing,4225.292458927763,63.021
energy,renewable,40.35244185912658,-1.102
transport,bicycle,391.02612411900316,1.318
food,white-meat,1.9708805524578832,13.943
energy,natural_gas,275.96394185597126,124.109
food,other,0.9861191110792216,2.775
food,red-meat,1.0544549454807965,27.636
transport,flight-short,130.43481197085492,31.819
food,other,2.3811708439662356,8.001
transport,train,246.77515497643034,8.186
consumption,services,1655.605215964412,15.881
energy,coal,805.6268969706863,845.302
consumption,clothing,2718.3349590618877,41.231
consumption,electronics,4114.133035014402,287.599
consumption,other,3408.4480355439982,68.327
energy,coal,247.273385732345,258.373
transport,walking,56.45743651867419,-1.093
energy,natural_gas,875.2429265134889,393.421
consumption,services,1100.635882467568,11.361
transport,train,328.53654383299886,12.635
consumption,other,9898.07631342288,198.032
transport,flight-long,78.94455245736904,12.447
transport,motorcycle,433.1846711435395,48.766
food,vegan,2.420013588283024,1.945
energy,electricity-grid,665.6998432104855,469.251
consumption,other,4324.747495773599,85.837
transport,train,301.9928906417191,11.989
food,white-meat,1.133960292490923,6.958
consumption,clothing,6538.3259657224235,94.835
transport,walking,127.26014411920636,0.9
consumption,home-goods,6781.013307730014,203.882
transport,bicycle,301.97190994135053,0.736
energy,electricity-grid,276.6467716861663,197.648
transport,flight-short,162.58596787631328,42.698
food,vegan,2.126063122059661,4.5
transport,bicycle,61.88169937486764,-0.657
consumption,electronics,1875.3513914447817,131.617
transport,car-electric,206.2759111348821,11.509
consumption,services,4852.999057115498,49.008
energy,coal,673.1742863550562,706.774
energy,renewable,805.7203876624809,17.904
energy,coal,806.1729219667161,845.314
food,vegan,0.6734852147604584,1.332
energy,coal,601.311093653427,632.005
consumption,services,9914.963000035781,98.91
energy,natural_gas,784.984912143163,354.117
consumption,electronics,5832.894466023517,407.805
food,vegan,1.1798863984954968,2.422
consumption,home-goods,5954.940757912002,177.511
food,other,2.321945136126619,8.131
energy,coal,343.3881945024793,359.312
consumption,services,9246.330032301004,92.38
transport,train,322.8065497408856,10.047
consumption,home-goods,3022.8895669898034,91.271
energy,natural_gas,93.00665544539021,39.949
consumption,other,9578.43488041225,192.177
energy,renewable,549.3239287410572,13.752
energy,natural_gas,607.5281456026934,271.999
food,red-meat,1.2872961114722394,34.162
food,fish,2.574307165804061,13.063
energy,natural_gas,66.7459489298859,30.364
consumption,home-goods,8134.114519389508,242.816
transport,car-electric,336.5811240741509,15.754
energy,electricity-grid,315.9241952148014,224.013
food,vegan,1.9462312705733251,1.981
consumption,services,7021.084389124794,70.743
energy,renewable,730.5189403400416,14.972
transport,flight-long,142.98615145278995,23.534
energy,renewable,197.04947098945948,2.926
consumption,electronics,5259.4576163220645,367.18
transport,flight-long,43.930046359438656,5.531
food,fish,1.9639692096815313,8.467
energy,natural_gas,820.2474345535937,369.369
energy,natural_gas,498.63181360449437,223.292
energy,coal,614.0242650863944,645.56
transport,bus,405.1522857311468,44.131
consumption,home-goods,9081.96756011625,273.033
consumption,clothing,7019.296401607214,104.59
food,vegan,1.824284915270919,3.899
transport,flight-short,462.1297502397285,118.47
food,other,1.2680974046193012,3.991
consumption,clothing,2546.2470439124672,38.412
food,red-meat,1.4445980343179667,38.025
energy,coal,339.9659620422579,355.714
energy,electricity-grid,997.7516396211904,706.43
consumption,services,4037.006460002943,38.576
food,vegan,1.6050835523278089,1.052
consumption,electronics,661.3905868013356,46.698
transport,flight-long,301.30156023877817,45.326
transport,car-electric,201.32942776543257,9.233
transport,car-electric,20.00506399906032,0.639
consumption,home-goods,6997.0743852311725,209.143
consumption,other,2579.8992528764024,51.337
consumption,electronics,5323.204893163135,373.505
transport,car-electric,86.87093019386059,6.037
transport,bus,76.57131544574331,10.013
transport,walking,469.8447259235577,-1.386
energy,electricity-grid,587.037294365379,417.894
energy,electricity-grid,783.6860904892185,554.445
transport,walking,339.56709315664006,-0.983
consumption,home-goods,5187.018827016856,153.992
food,other,2.8398431206213988,8.297
transport,bicycle,309.3478483633027,2.047
food,red-meat,2.684687388802546,70.555
energy,electricity-grid,25.086083215258157,18.631
consumption,electronics,6014.63833960423,420.79
transport,car-gasoline,417.8508926118388,81.035
food,white-meat,1.6028763805765809,10.419
energy,coal,69.04091569879901,71.676
energy,electricity-grid,935.4427831458102,659.859
transport,walking,124.45247378211454,-1.51
food,other,0.9115710706466719,2.501
transport,flight-long,11.48953225638236,1.683
energy,electricity-grid,825.0289137196165,583.432
food,white-meat,1.8574953315131733,13.732
energy,renewable,625.7046297445288,11.655
food,other,1.462756507057574,5.202
energy,coal,952.462890690647,999.742
energy,electricity-grid,474.96045872711426,336.847
food,vegan,0.5645234821579543,1.902
food,red-meat,1.8946841891501829,53.907
transport,motorcycle,25.298729351564955,2.958
transport,car-gasoline,165.86534535914262,30.509
consumption,clothing,818.0159257533562,12.179
energy,natural_gas,519.0431269770683,233.489
transport,train,179.71171854804308,8.346
energy,renewable,5.183256184329908,-2.002
transport,bus,166.24209809291074,16.985
consumption,services,5817.2100174199595,59.622
consumption,clothing,1029.320681558619,15.55
consumption,other,2407.3937392723988,48.655
transport,train,90.33678708335032,4.325
food,vegan,1.68772468216692,3.572
food,vegetarian,0.6818373694466711,0.466
food,fish,2.981286550404928,13.892
transport,bicycle,365.39142384457614,2.307
food,other,0.9522297534472458,2.678
energy,renewable,334.8585214589368,6.143
food,red-meat,2.581529433315328,71.3
food,vegetarian,2.6660579588492506,5.492
energy,renewable,416.4027494503926,7.962
consumption,other,6205.172376484693,123.436
consumption,home-goods,3990.2096155368713,119.81
energy,electricity-grid,159.5780266109352,112.399
consumption,home-goods,7022.218936778425,209.493
consumption,other,5958.117287837349,117.982
transport,walking,277.1824163287151,0.264
transport,car-electric,35.50763029153212,1.239
food,white-meat,0.6082881831357798,4.913
food,other,1.326402505765727,3.434
transport,flight-short,305.4438530960811,79.411
transport,car-gasoline,67.45788070809418,12.42
transport,flight-long,92.19283182773052,12.261
energy,natural_gas,416.09854899900387,187.043
energy,coal,319.37091438653306,335.659
energy,electricity-grid,129.46788947459197,90.992
food,white-meat,2.2860352536762445,15.887
consumption,other,1297.484724877039,26.7
transport,car-gasoline,430.9707774648514,81.445
food,white-meat,2.726646138654606,20.067
food,red-meat,2.374649828220672,64.507
food,red-meat,1.9303074093055157,51.546
consumption,electronics,3098.8337210428117,216.128
transport,bicycle,295.2370940806223,0.56
energy,natural_gas,715.1846345572224,321.023
energy,electricity-grid,15.594388111773977,12.273
consumption,clothing,3122.582639728673,45.198
energy,electricity-grid,266.7316953995653,189.508
transport,walking,331.6213909516538,-1.929
food,white-meat,2.7147849887435624,17.898
transport,flight-short,319.60590361476864,82.174
food,other,0.6427929084261081,1.536
transport,flight-short,21.104183921536514,4.019
food,white-meat,2.201198656310935,15.366
consumption,other,9348.71161311938,187.612
energy,natural_gas,782.1090220838928,352.709
energy,electricity-grid,394.16178077020925,280.121
transport,car-electric,482.63960963432186,26.058
food,other,1.417403517518001,3.204
food,white-meat,1.016452540554452,8.048
energy,renewable,7.807883202227991,-1.264
energy,renewable,921.5918785155104,18.897
food,red-meat,1.3093270640260593,35.798
food,other,0.9570334713480648,2.747
food,red-meat,0.6560783181944508,18.172
food,other,0.7725340391023218,1.507
consumption,home-goods,8761.11207143917,261.719
food,vegan,2.6467453031114347,4.378
transport,bicycle,345.47110060346375,0.551
food,other,2.2063511969178924,6.626
consumption,home-goods,5130.17556684861,151.819
food,other,1.2801601116300516,4.214
energy,renewable,952.4343656463259,19.361
transport,bicycle,331.4945556266293,0.731
consumption,home-goods,8042.286801414823,241.859
transport,car-gasoline,299.32215343599677,57.7
food,fish,2.0958764435510795,10.033
transport,flight-short,429.98011295508616,110.184
transport,car-electric,201.49477441960283,11.053
transport,flight-long,154.62918851190935,24.648
consumption,home-goods,7108.418777152643,213.139
energy,renewable,839.0150080421648,17.998
food,red-meat,1.2606046595679894,35.094
consumption,electronics,4107.391442341319,287.59
consumption,home-goods,6314.802032138997,189.631
transport,flight-long,67.01168587786808,10.112
consumption,services,5465.360503301746,55.001
transport,car-electric,185.19896071079305,7.892
energy,natural_gas,441.22421854086923,197.298
transport,walking,253.25487507002165,-1.138
consumption,home-goods,2537.2302641448555,76.141
transport,motorcycle,331.9099782386292,34.957
transport,motorcycle,408.9940657739386,46.735
transport,car-electric,324.7248098336141,15.037
energy,renewable,752.3622183642779,12.731
transport,walking,161.10641683217196,0.793
consumption,home-goods,594.5904339036096,17.716
consumption,clothing,4216.016676110457,62.526
energy,renewable,68.53714472291077,1.892
energy,renewable,928.8791527271974,17.582
consumption,other,3520.87747921337,70.236
food,fish,2.053326560389268,9.886
consumption,services,9943.586511722862,99.765
consumption,electronics,585.6137228391678,42.246
transport,car-gasoline,222.6475200323049,42.3
food,vegan,1.7722351751747005,2.936
consumption,electronics,9869.61465661356,690.851
consumption,electronics,5407.030043905229,378.781
energy,coal,7.975279618467769,7.811
consumption,electronics,2385.8064961634645,166.481
consumption,home-goods,55.94949140621332,2.708
transport,bicycle,121.34144193957322,0.235
food,vegetarian,1.5434869558228699,1.761
energy,coal,876.0290200748947,919.815
transport,car-electric,420.1588825415674,21.924
energy,electricity-grid,709.1902136605428,503.016
consumption,home-goods,6367.32125857397,191.479
food,red-meat,0.6763390939823914,18.442
transport,car-gasoline,477.76864752759565,93.035
food,vegan,2.6491133633815163,4.231
consumption,electronics,5142.215542866333,359.714
transport,train,467.4629632288989,19.002
food,vegetarian,1.2224213123026462,2.657
energy,coal,393.9273497148035,412.406
food,white-meat,0.9189163482612662,6.5
transport,car-gasoline,252.16922017247086,49.071
consumption,clothing,1599.9439427726932,24.81
transport,bicycle,396.7711404435651,-0.622
food,white-meat,1.0247440739655769,6.517
food,vegetarian,2.924039847260845,6.75
food,fish,2.8694492449230746,15.694
transport,car-electric,381.9944059904379,20.415
energy,renewable,628.0412082816499,11.995
food,vegan,0.8650525482424063,1.577
energy,renewable,69.96789997446353,2.261
transport,train,318.187015654354,12.076
energy,natural_gas,814.5695367484124,366.159
energy,electricity-grid,133.13644638338323,93.646
energy,renewable,643.1522754358028,12.153
consumption,clothing,5284.521058253159,80.069
consumption,home-goods,8019.340279337232,241.558
energy,renewable,110.75325062704216,1.887
food,vegetarian,0.5633715106598463,1.928
food,white-meat,1.2902532788674264,9.046
food,vegan,1.4670181051297,1.623
transport,flight-short,74.43446229637772,18.445
transport,flight-long,4.017474548805231,0.339
transport,flight-short,154.53186564949632,39.725
food,vegan,1.8849831387578273,4.481
transport,car-gasoline,98.53354218383154,17.821
transport,train,476.07916087286236,18.042
consumption,home-goods,592.3936780063716,17.763
consumption,other,8732.62756058467,172.664
energy,electricity-grid,487.8970572303708,344.337
transport,car-electric,414.8631899210449,21.622
food,white-meat,2.7930514795621573,17.461
consumption,clothing,3156.30924367456,47.828
food,fish,2.4907516585378304,13.16
energy,natural_gas,545.0508532620387,246.586
consumption,other,7461.009501522635,148.851
energy,electricity-grid,388.0789973579349,274.718
consumption,other,4668.82929207366,92.988
food,red-meat,1.0478151616770022,30.643
energy,natural_gas,596.8375206710343,268.109
consumption,home-goods,9674.348344184462,290.215
transport,car-electric,214.12541763481127,11.656
consumption,clothing,7087.425173461388,106.252
consumption,electronics,6683.9787220830185,465.127
consumption,electronics,269.7541607467384,19.306
food,vegan,2.158276773760005,3.419
consumption,services,7294.758551494855,74.163
food,vegetarian,2.2521642478135715,4.253
food,white-meat,2.841811389633725,20.703
energy,natural_gas,497.7566327042871,224.352
transport,bus,96.67637247774297,11.235
consumption,home-goods,3433.0436412959266,103.529
food,fish,0.913749436659139,5.088
food,vegan,1.8383694201541418,1.59
transport,motorcycle,374.2600222730018,41.689
transport,bicycle,429.10952208466705,-0.732
energy,renewable,719.525955375256,16.281
consumption,services,972.5123675621854,11.039
transport,car-gasoline,396.1537705740689,76.193
food,fish,1.7056850002038588,9.732
transport,train,291.76038713073683,12.974
food,white-meat,0.8035372637624303,4.71
transport,bus,244.11879145403503,26.216
transport,flight-long,204.53691464513275,29.992
consumption,electronics,8140.81916892145,569.44
consumption,services,895.4145844001908,10.878
energy,natural_gas,277.4773778193573,124.09
transport,car-electric,35.789993491031005,1.544
transport,car-gasoline,362.62343087665045,70.485
energy,natural_gas,862.6271322764026,389.032
energy,natural_gas,50.61182996825916,22.331
food,white-meat,0.6577659227888656,5.72
transport,flight-short,90.62029093860787,21.909
transport,walking,242.2655444682951,-0.76
transport,train,418.8987872897685,17.048
consumption,electronics,1989.834801411374,140.864
consumption,electronics,5789.238800400645,405.276
food,white-meat,1.5057676034559297,8.485
food,red-meat,2.6099836798550617,69.249
energy,renewable,422.2909049083905,8.385
energy,coal,571.3361466983927,599.351
energy,natural_gas,316.2176474824724,142.022
energy,renewable,766.8293487673395,14.521
food,white-meat,2.9251861416667673,20.464
consumption,clothing,2887.79773667012,44.333
food,white-meat,1.6391238735996936,12.931
energy,electricity-grid,318.7215720828254,225.542
consumption,electronics,609.4317337671738,43.534
transport,bicycle,125.62234543544825,-0.03
transport,bus,426.1721594865418,45.449
consumption,electronics,209.48015672847507,17.478
consumption,electronics,3801.0123645040744,265.333
transport,walking,466.3507876442745,0.181
consumption,services,1304.847457635335,14.511
consumption,other,5396.537943589653,108.379
food,white-meat,2.298086047610367,14.941
food,white-meat,1.6908058805172608,10.528
food,vegetarian,2.190995922275015,3.468
transport,bicycle,237.60481499366077,-0.576
food,vegetarian,2.041554945413188,3.99
consumption,other,1522.1854243885882,30.198
food,vegan,0.8258828251081638,1.872
consumption,other,3213.1515040441714,63.565
consumption,services,3852.2224428185787,35.966
consumption,services,8304.180022712268,83.183
transport,car-electric,467.76185034423156,22.289
energy,natural_gas,276.2912095328693,125.752
transport,walking,350.7034005828684,0.595
energy,renewable,64.73076169734426,0.705
food,other,1.2069136426502465,4.972
transport,walking,189.2236894463617,0.886
consumption,other,4373.583084879729,87.271
food,other,1.0469292710271991,3.373
food,white-meat,2.3904805852669515,18.053
transport,car-electric,371.44259860780113,17.042
energy,electricity-grid,59.39952924964013,41.812
food,white-meat,0.7955959811803512,3.6
food,fish,2.6639280502369114,15.382
energy,coal,339.60583057310026,357.383
food,other,0.6937074344809647,2.717
food,white-meat,2.834944935361298,17.938
consumption,home-goods,5169.171543004786,154.968
energy,electricity-grid,536.6192308664833,381.076
transport,train,469.4996105959942,19.026
food,other,2.2228027262393955,4.801
energy,coal,996.8123715004278,1045.702
transport,flight-short,363.71157616374603,92.568
consumption,electronics,8273.32286444722,578.483
consumption,other,4046.884082959776,81.022
transport,car-electric,419.8871638705658,22.189
energy,natural_gas,513.6767018181199,232.72
consumption,services,9733.945786153392,97.143
energy,coal,8.1349396864768,7.871
consumption,electronics,3325.8446226468755,232.738
energy,natural_gas,352.53294951265946,157.997
consumption,home-goods,5239.4322899141225,158.462
transport,flight-long,24.48213135054943,4.326
energy,coal,189.605233745671,199.761
food,fish,2.458753756469772,12.407
transport,flight-short,446.7589424002732,115.208
energy,electricity-grid,389.8194100048154,273.566
energy,coal,894.0395771593205,939.839
food,other,1.7723976010551188,3.752
consumption,clothing,9590.77513824458,144.105
energy,coal,279.7292820574488,292.626
consumption,clothing,9987.989711365763,149.93
transport,flight-short,78.10589416526896,19.291
food,vegan,1.7761503283661033,1.807
transport,car-electric,152.30667213828102,6.489
food,other,1.3371957253424624,4.859
transport,car-electric,468.8822501989931,23.591
consumption,electronics,9609.425712574986,672.339
food,white-meat,1.624859185672149,11.236
consumption,home-goods,7344.945762461156,222.337
consumption,other,604.2830193466896,14.366
transport,motorcycle,29.81279865405096,2.762
transport,car-electric,46.189174332859324,2.011
food,vegetarian,0.8333170408564379,1.978
food,red-meat,2.7393158887877864,74.307
consumption,services,2434.4755603276885,24.282
food,other,2.4916121725378453,7.297
transport,train,119.9065456059927,4.941
food,fish,0.5227175873780407,1.123
energy,renewable,511.5827276509256,10.725
food,vegetarian,2.658578944473461,5.26
food,red-meat,1.9230161578235692,52.155
energy,natural_gas,372.6715242443952,168.738
energy,electricity-grid,458.44239483194434,325.575
energy,electricity-grid,966.767493307573,684.185
food,white-meat,1.1190791076785969,8.481
consumption,clothing,8895.671291604047,133.143
energy,renewable,173.8508458814132,2.902
transport,bicycle,54.099469688519456,-0.352
food,red-meat,1.3836829801518014,37.262
transport,car-electric,4.39147774446978,-1.775
consumption,services,5165.115111623544,51.773
consumption,electronics,7873.999971180652,552.697
food,other,0.5067703745511303,1.166
food,white-meat,0.6602367775904388,5.596
energy,coal,739.8415960445209,777.342
energy,natural_gas,843.9690507946478,379.356
energy,electricity-grid,218.37035199171285,155.813
consumption,electronics,1300.152749502524,89.484
food,red-meat,1.17785563345147,32.601
transport,bus,70.52042170664514,8.34
energy,electricity-grid,871.7142969795442,615.74
transport,flight-short,358.5865431810555,89.334
food,vegetarian,1.5805776487612706,3.385
transport,bicycle,343.9299373868808,-0.37
consumption,clothing,656.010155190068,8.119
food,fish,2.4156136819009473,11.403
food,fish,2.5290675361121338,12.433
consumption,other,6944.556280786646,137.103
food,vegan,1.0629025605398297,2.678
consumption,electronics,1605.8033093665067,114.01
consumption,other,70.66135012080801,1.544
energy,renewable,174.98253570300093,1.791
energy,natural_gas,714.745224201896,321.196
transport,walking,148.9259989843324,-0.051
energy,coal,125.48877229264903,131.313
consumption,clothing,5562.095897839802,83.585
food,red-meat,1.6376890888009612,43.714
energy,natural_gas,302.4982558052939,135.26
consumption,services,1183.9605768364495,12.875
transport,car-gasoline,323.5572802388164,62.569
energy,natural_gas,529.1786125641686,238.227
transport,motorcycle,218.07228257577148,23.664
food,white-meat,1.1627831260378718,7.742
energy,renewable,489.05392397381684,9.583
energy,natural_gas,667.2684821396599,300.688
consumption,other,1334.4076416674948,26.452
consumption,other,799.0232306841526,15.373
transport,bicycle,193.96152854374353,-0.404
consumption,electronics,9696.434449091472,679.213
food,red-meat,2.830870354084277,73.388
energy,coal,171.4305234970227,178.628
consumption,other,9310.188942845863,183.791
transport,bicycle,348.64780494872525,0.763
food,other,2.939004797891631,9.328
food,vegetarian,2.5545983068822564,6.44
food,fish,2.1254679161141334,12.161
food,red-meat,2.7795464238486174,74.506
food,white-meat,2.565975779001388,17.634
consumption,other,4620.469373159866,92.305
consumption,other,9471.457953593184,188.794
energy,electricity-grid,398.5623860343764,281.982
consumption,clothing,9811.396379431933,147.706
transport,motorcycle,331.4538470064669,35.469
consumption,other,1296.249749407269,26.846
food,red-meat,0.5297949574456052,14.734
transport,flight-short,491.5492851077954,124.628
food,vegan,2.6733807524808686,4.018
energy,renewable,138.08991947025422,4.491
transport,flight-short,122.34681015184874,29.842
transport,flight-short,455.6491301945868,116.414
food,vegan,2.400087254507935,1.663
consumption,clothing,958.9647650993804,13.623
energy,natural_gas,582.8526418114076,261.789
energy,coal,57.94538516438205,60.345
food,red-meat,2.6008704439712704,71.491
transport,flight-long,175.45758500505335,26.607
food,fish,1.1855322228103675,7.235
food,vegan,2.1880770939050938,5.131
food,white-meat,1.3812026173583778,10.38
transport,walking,314.54521165717273,0.418
consumption,clothing,1101.2209372168604,16.841
energy,coal,781.6806266659545,822.048
energy,natural_gas,834.6237946032405,375.12
transport,car-gasoline,157.7668698546491,31.048
transport,motorcycle,17.678362645316376,0.75
energy,renewable,176.71439313524343,3.82
energy,electricity-grid,494.87644023471233,350.793
consumption,services,9122.261868198626,90.645
consumption,home-goods,6476.982535579241,193.72
transport,car-electric,297.24862533445787,14.404
food,white-meat,1.2736564411154558,6.619
energy,renewable,292.9567077826485,4.665
food,red-meat,1.3863705220715183,35.848
food,vegetarian,1.1642139121656587,2.741
energy,coal,104.37158858293807,110.281
food,vegetarian,1.864171662421587,3.994
transport,train,95.92373747924864,1.263
food,other,0.7325435231566875,4.0
transport,walking,53.22555973289409,1.359
consumption,home-goods,1346.688310064742,40.046
food,vegan,0.9929574549201656,2.836
energy,natural_gas,677.4471392190814,303.59
consumption,services,6305.90344984693,64.032
food,fish,2.5809776042547696,13.052
energy,coal,164.452587934138,173.766
food,red-meat,2.964001834882001,81.228
food,white-meat,1.1090369799554858,7.47
food,fish,2.775490310361741,14.293
consumption,services,6324.821185081651,61.526
food,vegan,2.4053240511258114,1.675
energy,electricity-grid,940.8101083752266,666.226
transport,car-gasoline,127.16586294445435,24.301
consumption,electronics,2716.5728054995607,190.393
energy,coal,257.89519875798675,271.511
consumption,electronics,329.8089874653414,24.536
transport,car-gasoline,411.67878364902043,77.616
consumption,home-goods,6540.19707254354,197.835
consumption,other,5816.987437756106,114.732
energy,renewable,178.17401029808312,3.411
transport,train,457.9913597471812,18.028
consumption,electronics,7961.34731114091,556.698
consumption,other,8168.760104681306,163.076
transport,flight-long,171.77053686467337,25.794
transport,bus,84.10271823513773,8.935
consumption,home-goods,8217.447642168132,246.185
transport,car-electric,122.61039774026699,5.958
transport,motorcycle,223.4974233100441,25.606
food,red-meat,2.38211868772846,65.236
energy,renewable,128.68403251602234,0.881
food,white-meat,2.087324325294359,15.098
consumption,other,3480.459180653748,70.487
consumption,clothing,7163.780594340183,107.21
food,white-meat,1.5434573545011832,9.917
food,vegan,1.3000402827184794,1.28
consumption,electronics,1666.98509970969,116.423
food,fish,0.5215475064794507,3.696
consumption,electronics,4381.162605666959,305.264
transport,walking,373.46349517491467,0.119
transport,bus,439.11121286732987,44.952
consumption,other,4429.7942705370715,88.176
transport,motorcycle,289.53097223042147,33.354
consumption,clothing,5435.32023361661,82.145
transport,car-electric,102.9239775002618,3.682
food,red-meat,1.7004587881547195,47.227
transport,car-gasoline,283.3600419179253,56.154
food,red-meat,1.7309176217531224,46.344
energy,coal,464.472327191436,487.978
energy,natural_gas,952.311750518839,428.368
food,vegetarian,2.078860946690401,3.083
food,white-meat,2.824838985185214,19.616
transport,flight-long,91.63407951753211,13.495
consumption,electronics,8538.625310506854,597.594
energy,renewable,932.6696052961402,18.359
energy,electricity-grid,855.3101796265013,604.623
food,red-meat,2.2872460951932214,59.984
consumption,other,9646.65783898735,192.291
transport,train,388.63386225290026,16.967
energy,electricity-grid,79.54808427876829,57.884
energy,coal,249.0391921512151,262.389
energy,coal,239.75868253133976,252.877
energy,renewable,411.7161509811198,6.963
food,white-meat,2.200626720825935,13.937
food,white-meat,2.9506530195412477,21.635
consumption,clothing,1259.9723305131681,19.69
energy,natural_gas,899.1249586668345,403.644
transport,motorcycle,422.24876201621674,46.773
food,other,1.8005799012600636,6.612
energy,electricity-grid,216.39415547780172,154.309
food,vegetarian,1.042758073674726,2.58
transport,flight-long,470.49725747985974,70.619
transport,bus,284.15416080359154,30.218
food,other,1.499145005214384,4.397
food,vegetarian,1.841175977971183,1.98
consumption,clothing,193.01087018888754,2.914
energy,renewable,599.7592285486669,12.375
transport,train,249.98500416617574,10.117
energy,electricity-grid,684.7509257082381,486.396
energy,coal,150.23225459020566,157.763
transport,car-gasoline,87.02079469047794,16.999
transport,flight-long,481.2066906831222,73.139
consumption,other,5870.062395088281,117.691
consumption,other,4576.820953290984,90.636
energy,coal,133.33818568558465,142.004
energy,electricity-grid,418.56610142140664,298.373
transport,walking,481.5839713180034,0.115
consumption,services,1332.5807214813144,13.507
energy,renewable,102.06445399349012,0.544
energy,renewable,234.45675837653823,5.97
food,vegan,1.0892063364397124,2.306
transport,car-electric,433.4312486091562,22.056
energy,coal,127.98338037615694,133.199
energy,coal,759.1092662835317,796.812
energy,renewable,506.6337128419497,10.778
energy,coal,394.796304105308,414.556
food,vegan,1.7324567761452228,1.503
energy,coal,832.1096001463641,870.538
energy,coal,333.9665600106545,353.42
food,other,2.4848877117889767,7.149
transport,car-electric,167.68872866155985,8.119
transport,car-gasoline,18.544465885325884,3.161
consumption,home-goods,5463.880808197712,161.866
transport,motorcycle,482.79344119914845,53.846
consumption,clothing,1885.1301463134362,26.485
transport,car-electric,39.23457859410915,1.942
transport,bicycle,210.04755601398907,-0.675
transport,motorcycle,103.2846371801295,12.517
energy,renewable,53.22682416549086,0.709
energy,renewable,353.1767120592168,7.478
energy,renewable,319.9060724884023,6.369
consumption,electronics,2000.0028377825313,138.672
transport,bicycle,367.6448851358399,-0.106
energy,natural_gas,914.77986577672,411.61
transport,bus,494.57353423525797,52.799
food,other,0.7841150967417985,1.166
food,fish,2.998651702649183,15.881
consumption,home-goods,1555.0796304036255,47.272
food,fish,1.4399280548228477,7.591
energy,electricity-grid,19.010979949953327,15.061
food,vegetarian,1.5262467842434484,3.239
energy,renewable,466.908219910044,9.927
consumption,electronics,1128.583708530396,79.297
food,other,1.7806514096906514,5.735
energy,natural_gas,625.4664611338421,281.57
consumption,home-goods,550.7131826999063,17.138
energy,electricity-grid,188.1594445354621,132.54
energy,coal,155.63124881126586,163.828
consumption,electronics,7312.73901689392,510.48
food,vegan,2.1238573965091514,2.947
energy,coal,460.52168800842276,482.715
food,white-meat,2.7138986089640786,17.319
energy,renewable,882.5267772573447,15.806
food,vegan,1.0252944398505364,2.324
food,other,2.9252922160460804,8.094
energy,renewable,146.483018058718,3.897
transport,flight-short,321.7604889520007,81.197
transport,car-electric,421.2546717056842,21.538
transport,flight-short,351.93674696708297,90.493
energy,natural_gas,91.3285588138691,40.924
transport,car-electric,158.46118374711233,8.581
energy,coal,692.8214987484317,728.508
consumption,home-goods,9320.00953510224,279.301
consumption,electronics,1556.5339171640462,108.448
energy,renewable,707.5211000070879,13.654
consumption,other,1257.6506492587657,24.0
consumption,electronics,7817.78664314423,548.577
consumption,other,5563.28783993847,109.405
food,white-meat,2.930198338686393,19.788
consumption,home-goods,3937.4006941544403,117.116
food,vegan,1.038782143869422,2.283
transport,bus,303.75138478303194,31.012
consumption,other,7984.33451171956,159.238
food,fish,0.5452027305142135,3.019
food,vegetarian,1.874692302890526,5.284
food,other,1.0386572681893251,4.238
energy,renewable,851.6856347260277,17.037
energy,natural_gas,98.2793523788962,45.456
consumption,services,6400.332929654084,64.591
energy,coal,549.8624202289036,577.15
energy,electricity-grid,653.0753956534469,461.638
food,other,0.9873569224253995,1.627
consumption,other,5648.421457882287,113.758
transport,flight-short,71.66700524832198,19.245
transport,flight-short,483.32879434143507,122.115
food,white-meat,2.8792560159763427,19.715
transport,bicycle,434.18098177366437,-0.327
food,other,2.311394772897046,7.765
energy,natural_gas,783.1406906433148,351.686
transport,bicycle,283.2361603462736,-2.829
transport,flight-short,182.0700426805566,47.515
transport,train,364.4828211624196,15.259
transport,flight-long,171.75101647357008,26.036
energy,coal,85.28652554206653,88.204
energy,electricity-grid,708.0454543977928,500.653
food,other,1.6058386451255386,4.605
transport,car-gasoline,158.39277923808305,31.191
transport,car-gasoline,489.48085850383,94.364
energy,natural_gas,267.99142646191467,119.738
consumption,clothing,1939.8506994271493,28.932
consumption,other,2898.4846280138117,58.703
food,other,2.561292674499823,6.41
consumption,services,777.1966557101949,9.37
food,vegetarian,0.5252860791520895,1.784
food,white-meat,1.6169591912705288,11.745
energy,coal,311.88354306620516,327.41
food,vegetarian,2.621205524834349,5.334
food,vegan,1.1422857117307335,2.61
consumption,home-goods,6339.61816306778,189.473
energy,electricity-grid,615.8359689640216,436.018
food,other,1.0233709984602468,3.303
consumption,home-goods,327.0184600627336,10.712
food,other,1.7708887189114806,5.047
consumption,clothing,7286.3212810017185,110.503
transport,car-gasoline,495.3307258489173,95.089
consumption,services,8576.653792200412,83.965
transport,car-electric,436.80719780287757,20.624
transport,flight-long,374.30472827585714,55.024
food,vegetarian,1.0130502182351795,1.77
food,white-meat,2.7148052861085628,18.52
consumption,clothing,7365.749602252595,109.833
consumption,home-goods,1416.1685826589637,43.328
energy,natural_gas,587.1613708483756,264.516
consumption,clothing,2719.457644256338,40.285
energy,electricity-grid,721.7277079524624,512.527
food,vegetarian,1.8817597251138503,3.849
transport,bicycle,135.1619109445243,0.086
energy,natural_gas,968.8458758872266,435.557
consumption,clothing,682.8342919590838,11.447
food,white-meat,1.5758579342226813,11.056
energy,renewable,906.7466436550469,18.587
food,fish,0.6027059123888883,1.865
energy,coal,265.9632939801719,279.575
energy,renewable,811.6544732125301,16.363
energy,coal,538.5828890297734,566.218
energy,renewable,647.8722757745929,14.148
food,red-meat,2.2848948696619287,61.725
consumption,services,1312.3846392277783,13.929
food,fish,1.7062326513191572,8.662
energy,electricity-grid,384.22543131480325,270.627
food,red-meat,1.1923865453115248,32.365
food,red-meat,1.471686876677376,39.376
transport,motorcycle,445.7656538676214,47.949
energy,coal,962.9950366539811,1010.874
food,red-meat,2.9584680511514314,78.602
consumption,clothing,2829.4846497657045,43.391
food,white-meat,2.8079217793854485,19.728
energy,renewable,91.78566183127873,1.559
transport,car-electric,105.49941774010527,6.967
consumption,home-goods,4743.4027305675345,142.567
transport,walking,34.26325508182974,-0.425
transport,motorcycle,277.75562511436135,31.611
energy,renewable,926.266793428212,19.323
transport,walking,357.566610700485,-1.177
consumption,electronics,9707.018973748534,677.558
energy,renewable,979.2840281131117,20.282
transport,car-gasoline,251.8889374814936,48.179
transport,car-gasoline,261.3936067772895,49.057
consumption,clothing,134.53100714173462,2.813
food,red-meat,0.6323398389220456,18.047
transport,train,477.6324050785881,18.817
transport,car-electric,288.891125549075,13.316
transport,train,178.74077778722835,7.878
transport,walking,210.7045513019634,1.801
food,vegetarian,1.6308825961967905,3.704
energy,electricity-grid,825.7778214821079,583.582
consumption,services,3793.482314693851,37.941
food,red-meat,2.7814983639784763,75.903
energy,electricity-grid,502.31855516497046,353.716
transport,car-gasoline,144.2064129363001,26.939
transport,flight-long,227.52545769088204,33.239
food,red-meat,2.3724975435123925,62.535
consumption,services,2557.3823053585133,25.723
transport,motorcycle,298.6004062465383,33.617
consumption,home-goods,5225.341735457615,155.07
consumption,services,9368.87366980485,93.512
food,fish,2.4102389664471984,12.583
consumption,clothing,3744.145659028668,55.655
energy,electricity-grid,725.7427002817127,513.601
energy,renewable,541.2862369075682,9.897
consumption,services,2894.1224142009237,28.735
energy,renewable,438.6735393822619,8.201
consumption,services,5515.797333600849,55.082
food,vegan,0.7135062107271846,0.315
consumption,electronics,7575.742744699161,530.275
food,fish,1.5264967430956664,9.241
consumption,services,8967.75432889221,90.497
food,white-meat,1.5950544908758233,11.43
transport,flight-short,215.03056078736142,55.466
food,other,0.6639476816165908,4.55
transport,car-gasoline,286.5696234564586,53.047
consumption,other,8940.424215363513,178.059
consumption,services,3353.406986070908,32.876
energy,natural_gas,346.2814099991228,156.289
energy,electricity-grid,247.10189899505957,175.309
consumption,electronics,482.1619044945927,34.719
energy,natural_gas,875.8867763202962,396.99
energy,renewable,298.0959387299277,7.596
transport,bus,37.29539462682105,3.275
food,white-meat,2.508030308110233,17.964
consumption,electronics,7421.787906883756,518.308
energy,natural_gas,295.4066685156424,134.296
energy,electricity-grid,745.652341402398,526.426
energy,natural_gas,818.1455308548044,367.247
transport,train,272.9966230170852,11.889
consumption,clothing,2359.181849768342,35.667
energy,natural_gas,823.9207174503873,370.507
food,other,1.1090964233639573,4.409
consumption,other,5933.446431786285,120.069
consumption,other,5519.361905882954,110.754
energy,natural_gas,474.62797376642465,212.445
transport,train,354.6908331881708,14.267
transport,car-electric,444.378110973718,21.096
energy,renewable,790.184525516756,15.621
food,red-meat,2.633663883006383,71.661
transport,bus,204.53922415331502,21.819
transport,bicycle,259.6410424921623,-1.212
consumption,clothing,1797.018787464432,27.28
energy,renewable,915.2519708365804,17.581
transport,bus,301.31134796789087,31.58
transport,car-electric,396.62718259149005,20.266
energy,electricity-grid,113.72770397236752,80.214
consumption,services,6379.251064704004,63.541
consumption,electronics,199.47429270663463,12.759
food,white-meat,1.9703592668239953,13.375
transport,car-gasoline,299.8426642839013,56.491
consumption,other,4030.2948780635993,80.8
food,vegan,1.3323915359285454,3.091
consumption,clothing,1110.184909800324,15.547
consumption,other,1025.5431542038514,21.378
transport,car-electric,29.492440144143007,1.239
food,vegan,1.5831273307725697,2.047
food,red-meat,2.3486866347102833,61.576
food,white-meat,2.4349877182350226,15.987
energy,renewable,13.80882786109522,0.165
transport,car-gasoline,118.54740136265613,24.203
energy,natural_gas,859.6434726492731,386.683
energy,natural_gas,975.2692907486746,440.725
energy,natural_gas,216.05377674004845,96.7
energy,electricity-grid,676.4169411304122,479.442
transport,flight-short,465.8406591461536,118.814
consumption,electronics,9045.930921771076,632.331
energy,renewable,367.27106239636,6.267
consumption,services,9151.75582084022,91.895
transport,car-electric,61.456575169231726,2.718
consumption,other,6010.1598899249975,118.904
energy,electricity-grid,227.53185878311544,162.185
energy,coal,909.6771083587236,953.685
consumption,electronics,2300.208418031078,161.217
energy,coal,201.4314580564269,211.743
food,vegan,1.2873801547968986,1.096
transport,bus,214.32627123873215,22.039
food,vegan,1.3407702360343743,0.802
consumption,electronics,1847.3351445160874,128.35
energy,electricity-grid,704.4713806384951,498.832
energy,natural_gas,5.879581554231691,1.85
energy,natural_gas,107.17223305896528,48.166
food,vegan,1.776707461117956,3.894
transport,car-electric,417.61481475383135,20.775
food,white-meat,0.7885073982860203,7.072
energy,electricity-grid,529.8612307261859,377.145
consumption,services,6307.287786912387,62.869
food,fish,2.4131763102923927,10.974
energy,renewable,377.8016129924593,6.708
energy,coal,70.6210060333895,72.917
consumption,services,9112.80055854805,92.651
consumption,services,8666.930747272216,86.965
consumption,services,5516.814692270735,54.892
transport,flight-long,191.7364226872312,29.742
energy,natural_gas,654.4234754027918,293.525
food,vegetarian,0.8973119171104289,1.716
transport,motorcycle,191.98186646756787,20.472
energy,natural_gas,306.34284833934726,138.806
consumption,services,770.274512729888,10.052
transport,car-gasoline,441.2353054293618,85.171
food,white-meat,1.10736340421761,6.882
food,vegetarian,0.5177413312372179,0.553
consumption,home-goods,6789.1418290398115,204.773
food,other,2.8899501470651807,6.286
food,vegetarian,2.1052755875638027,4.956
food,vegetarian,0.8161606135089279,1.221
energy,renewable,471.3456029465322,10.449
consumption,electronics,6036.781755773628,422.446
energy,electricity-grid,436.6109271444605,308.469
food,other,2.569812386363281,7.875
consumption,clothing,8357.819911768564,123.985
energy,coal,303.90498556591524,318.049
consumption,other,9471.683849632143,186.902
food,red-meat,1.0998722593090782,31.496
food,white-meat,1.3640504222519738,10.271
food,red-meat,0.5969986368222187,16.561
food,fish,1.3766067286428672,6.603
transport,bus,418.10831565499495,44.201
transport,bus,8.733622671268963,0.239
transport,walking,303.724103358158,0.75
energy,renewable,858.8932735835747,16.328
transport,flight-short,201.50491584224588,51.561
consumption,clothing,78.97159244619797,0.862
food,red-meat,1.2107207227386483,34.379
consumption,home-goods,8369.380224673174,252.751
energy,natural_gas,449.18395902611644,204.169
consumption,other,3978.3324646386477,80.036
consumption,clothing,1548.5789830317653,23.056
consumption,clothing,7963.114098024458,120.085
transport,flight-long,224.33740530347808,33.123
food,red-meat,1.7261227418398748,47.487
energy,electricity-grid,802.8535879080675,568.819
energy,coal,943.3668017622756,990.283
energy,renewable,677.4166909988608,13.101
food,fish,1.470246838360393,7.836
energy,renewable,924.5697884912788,18.168
food,vegetarian,2.932404087380104,5.879
transport,car-gasoline,30.079375478726664,5.601
consumption,services,4356.032462996527,43.586
consumption,electronics,6498.616166247661,453.383
transport,flight-long,461.68864974562905,70.201
consumption,clothing,1314.671007018867,20.845
energy,coal,44.61726778429552,45.105
energy,renewable,889.8592413050847,17.911
consumption,electronics,6657.801677921515,466.505
energy,electricity-grid,969.4720276631245,685.5
food,white-meat,2.2210032267733917,16.014
transport,train,394.05074332754134,15.052
food,white-meat,2.2525281677376014,14.337
food,vegan,0.8062035421257431,2.248
energy,natural_gas,482.5129228151342,217.224
consumption,clothing,4813.082119664856,72.728
energy,natural_gas,554.572037194916,248.867
energy,renewable,764.1992331292923,16.145
food,red-meat,1.6791579569629007,46.079
food,vegetarian,0.6160072150378142,2.686
consumption,other,817.5865221563071,17.781
consumption,services,6573.512650537459,64.938
energy,electricity-grid,584.7354120309463,413.045
food,fish,1.2961299170145109,5.686
consumption,electronics,747.5097286610479,53.331
energy,electricity-grid,500.06689691255684,356.096
transport,flight-short,66.88555326810778,15.921
energy,electricity-grid,276.65236965211284,196.964
energy,renewable,101.84673395440458,1.49
transport,flight-short,228.59366380463325,56.651
consumption,services,1390.7352880525286,12.951
food,vegan,1.7137441007066587,-0.0
energy,coal,145.78759458239105,151.102
energy,natural_gas,914.611627648254,411.875
transport,walking,443.4211290056884,-0.45
consumption,clothing,2284.366719225519,32.558
food,white-meat,2.6874692201316286,18.293
energy,natural_gas,915.1682500247167,411.741
food,fish,1.4579111713978143,5.558
energy,renewable,456.8605037304114,8.602
consumption,clothing,6135.97397267784,91.282
food,vegan,2.2867557909556444,3.03
energy,electricity-grid,972.0814211488647,687.488
transport,train,285.16878081684234,12.454
transport,walking,23.988515668058326,-1.942
transport,flight-long,306.9720100108154,46.42
food,white-meat,2.5485696341759128,18.437
consumption,services,5342.733126650275,54.284
energy,coal,812.6012439662766,853.629
transport,flight-long,457.25588089057527,69.039
energy,renewable,552.7856754420474,10.794
consumption,electronics,7217.713466685419,503.616
energy,coal,670.2835373683589,703.428
transport,bicycle,403.13969342923025,-0.32
food,white-meat,1.3017804124607348,6.577
consumption,electronics,1517.1533747252665,105.392
transport,car-gasoline,496.30626157224845,97.18
transport,bicycle,26.177329739441745,1.303
transport,car-gasoline,463.9095962082601,89.181
transport,flight-short,421.389589310952,107.07
transport,car-gasoline,246.8978915866129,47.607
consumption,electronics,9783.741362118268,684.817
transport,car-electric,320.0538243055949,14.77
consumption,clothing,4331.64845902179,65.545
consumption,services,9141.588565364269,91.084
food,fish,1.2439267911020386,6.373
consumption,home-goods,3657.702965317037,110.248
energy,electricity-grid,989.3601645279972,700.574
transport,flight-short,474.5091928761688,120.681
energy,electricity-grid,532.5547371140733,378.937
energy,renewable,194.5953408933315,3.728
energy,coal,738.412604086848,775.641
consumption,clothing,1924.4308428819866,27.564
food,vegan,0.701771135484965,2.342
food,red-meat,1.781440539810529,48.134
energy,renewable,455.4958260651577,10.961
food,fish,1.3233031937062607,6.487
transport,bus,248.6512676248192,24.852
consumption,home-goods,9850.044628992842,295.67
transport,bicycle,353.2892110780347,-0.777
consumption,services,3931.356085863126,38.417
energy,coal,731.9479191886943,768.673
food,vegan,0.7642515096982517,1.023
food,white-meat,1.797907598936351,11.75
transport,flight-long,132.24989203564922,18.128
consumption,home-goods,3659.532974717885,110.608
food,vegan,1.754600606389096,1.516
energy,natural_gas,841.4983792870421,380.532
food,red-meat,2.7371730017637996,75.149
food,red-meat,1.3715061736071141,36.629
consumption,services,7402.336546503002,74.235
consumption,home-goods,1329.3668061911078,40.811
consumption,other,5871.5242729135,115.964
food,vegetarian,1.7392269255717847,2.942
food,white-meat,1.5844456860178842,10.724
transport,car-gasoline,412.7423029550481,82.174
consumption,home-goods,1858.99423338615,54.775
consumption,electronics,6181.727703679584,431.392
consumption,other,1527.4076709025799,30.309
transport,train,264.04704243100707,11.164
transport,bus,92.51926895626009,10.36
energy,renewable,817.7477642150524,16.428
food,vegan,0.5136092729792264,1.993
consumption,other,9122.62485668559,182.184
energy,renewable,955.6838222616982,20.614
consumption,home-goods,8431.594771492304,252.3
transport,motorcycle,446.4130526940294,49.615
energy,renewable,677.2997755587174,12.633
food,vegetarian,2.959329634992515,5.912
consumption,other,3238.8446316726954,64.319
consumption,clothing,3866.168398718071,58.103
transport,walking,416.670101385342,-1.078
transport,bicycle,154.9261370787605,1.024
food,red-meat,1.956422273037028,53.62
consumption,electronics,5464.622332319177,382.971
transport,bus,48.45173020765401,5.114
food,vegan,1.5091167362336946,2.211
transport,car-electric,211.02736785085378,10.652
consumption,other,3401.634629399169,68.502
energy,electricity-grid,861.2524065413642,609.368
consumption,services,5088.188005144083,51.368
transport,car-gasoline,138.84323186994862,26.015
transport,train,127.55419819164351,5.913
consumption,electronics,5636.705540179934,394.011
transport,walking,480.83941076186454,-0.637
energy,renewable,488.82133318301925,10.381
transport,flight-long,29.134545072762556,2.38
food,white-meat,1.7645230564808243,13.849
energy,coal,613.0716603299326,644.167
transport,car-electric,274.2604342262198,12.392
food,vegan,0.7981791800993585,1.969
food,other,1.7504948388069632,5.744
food,vegetarian,2.5668560714396413,5.967
transport,flight-long,146.91512685823974,22.363
consumption,electronics,7496.643126830127,525.214
transport,bicycle,230.02588931460906,-0.872
energy,natural_gas,501.0803085588504,225.715
consumption,clothing,6324.357538220008,93.525
transport,train,264.76351651728373,10.638
energy,electricity-grid,735.7851850877876,520.166
transport,walking,196.90128743019451,0.326
food,red-meat,2.551603900886197,68.785
consumption,clothing,7475.822435062314,111.759
consumption,services,5828.928457042083,58.742
consumption,clothing,6734.203739035916,101.246
transport,bicycle,1.6409283378739055,0.094
transport,flight-short,111.81901191628593,27.477
transport,car-gasoline,38.01392160156179,7.734
food,white-meat,2.993956482364931,20.264
transport,bus,405.407856222197,41.259
energy,coal,305.27079092227984,319.922
food,white-meat,2.466314717758978,17.578
transport,flight-long,423.9725244251183,63.342
food,other,2.5143672304453,5.961
consumption,clothing,8414.00604659326,127.004
energy,renewable,40.03960731595323,0.328
transport,flight-long,95.55558280390251,14.479
consumption,other,968.0765953994895,18.507
energy,natural_gas,373.50363269297566,169.361
transport,flight-long,203.64888027077637,30.737
transport,car-gasoline,264.13252012033,49.76
energy,renewable,838.0353968492434,17.706
transport,flight-long,219.71100540854977,33.093
consumption,other,1688.94158208266,33.93
consumption,clothing,3229.914791286983,50.412
energy,electricity-grid,73.15711892420536,52.384
transport,train,55.97588800656292,3.023
food,vegan,0.8910672970540476,1.8
food,vegan,1.2475316990233651,2.588
energy,coal,671.5503347899713,704.831
transport,flight-short,264.37824203951476,68.591
consumption,services,5799.876960337046,58.048
food,fish,0.7341436315186862,4.467
food,white-meat,2.3680616127214673,15.214
transport,flight-long,71.61908002253011,9.649
food,vegetarian,1.9559887710212576,3.803
transport,train,133.060102994382,4.389
transport,car-gasoline,50.892638494404565,9.835
consumption,services,7968.077975206195,79.19
food,other,2.4050818025976275,8.437
transport,walking,119.29812519591485,0.134
energy,natural_gas,73.30401680092835,32.851
transport,bus,277.4751333466452,29.907
food,red-meat,0.5133724717355571,14.26
consumption,home-goods,7089.977605567165,212.945
food,fish,2.5162398652631133,11.264
food,other,1.9096675797294165,4.592
energy,renewable,727.2509416089025,13.368
consumption,other,1378.0153488571782,27.839
food,fish,1.6584775220116157,7.285
consumption,other,3061.2713893363048,61.58
transport,train,79.98324229898745,2.517
consumption,clothing,5672.073623510701,85.467
energy,natural_gas,961.4210876735715,433.842
consumption,other,3945.7941410362105,80.991
consumption,other,6611.261306156667,130.784
food,fish,0.7573653617507154,4.689
food,other,1.674946086644486,4.59
transport,bus,13.845462463860883,2.227
food,vegan,2.508261433795084,3.806
energy,natural_gas,31.793794080670885,15.263
transport,flight-short,147.52256348817724,38.69
transport,motorcycle,291.13102253967446,31.719
food,vegan,1.0483010030284552,3.465
consumption,clothing,57.13274413046883,-0.027
energy,natural_gas,165.36084702041958,73.639
consumption,other,9864.181733294412,196.413
transport,motorcycle,54.38863932613704,6.707
consumption,home-goods,258.04964773558794,8.19
transport,walking,29.20132970758191,-0.159
consumption,other,5887.130961360504,116.825
energy,coal,653.6362513604612,686.509
energy,coal,541.4452492925556,567.891
food,white-meat,1.8918307693980445,12.794
consumption,clothing,4081.8904768278226,59.928
consumption,electronics,8145.476473508157,570.216
food,red-meat,1.018673595147193,26.967
energy,natural_gas,838.7106578177683,374.957
food,white-meat,2.324983061612409,15.241
food,white-meat,2.2005943846094578,14.728
energy,electricity-grid,34.28987624006895,24.852
transport,train,60.06275169779771,1.185
consumption,home-goods,4981.756512788309,150.198
energy,natural_gas,411.1122615670764,184.49
food,white-meat,1.224701698834649,8.073
energy,coal,575.264198822015,602.339
consumption,electronics,4329.050684653179,301.717
consumption,clothing,134.09238582148237,4.303
energy,electricity-grid,387.6629619229521,276.333
consumption,clothing,495.44546745044437,7.368
transport,flight-short,444.02100252757367,112.566
food,vegan,2.5566198179847235,3.358
food,vegan,1.5003881821634975,0.946
consumption,clothing,5060.522240315372,75.642
energy,renewable,848.9188176960329,18.348
transport,bicycle,245.73674985137256,0.521
energy,coal,221.9264625005827,232.695
food,vegan,1.6966121763763122,2.457
consumption,clothing,8120.318099692571,121.595
consumption,home-goods,6708.377339381473,200.775
food,red-meat,2.0225723617672893,56.244
transport,walking,236.9399868232549,-0.798
food,vegetarian,2.929877113149514,6.152
energy,electricity-grid,316.6887181435274,225.247
energy,renewable,628.9154868479823,11.142
consumption,clothing,994.7887918123936,14.015
consumption,clothing,1262.7976601995717,20.118
food,vegan,1.9631521887746164,2.558
food,white-meat,2.119555762061089,12.42
transport,car-gasoline,73.40768112482867,12.867
food,white-meat,2.0075346584114704,15.153
consumption,home-goods,8273.213841927052,248.676
consumption,services,9819.95795675508,99.659
consumption,other,1328.7309010189585,27.219
transport,bus,130.34845155222123,13.84
food,fish,0.5897318779723311,2.768
transport,motorcycle,10.1674556145141,1.789
transport,bicycle,100.96957072712472,0.665
consumption,services,4853.960428617284,47.519
transport,bus,149.53918408083,14.821
energy,natural_gas,913.3864118884337,411.412
food,white-meat,1.8996384500861931,13.219
food,vegetarian,1.230977559619351,2.867
energy,electricity-grid,735.7011572982941,519.847
transport,flight-short,284.667628876253,71.282
consumption,services,7577.558905778302,76.637
food,white-meat,2.59852009402318,16.85
consumption,clothing,6385.09449786152,96.467
food,white-meat,2.5081585015678205,16.219
energy,natural_gas,723.2204809650576,324.789
consumption,services,5912.105955068193,58.346
transport,train,372.82726010408237,15.901
food,vegetarian,2.1055240925067435,4.74
energy,coal,110.17016592279177,115.564
energy,electricity-grid,855.2543125754427,605.604
energy,renewable,973.072304164647,18.536
food,fish,1.6790214268527308,8.449
consumption,home-goods,4418.462813770421,132.894
food,vegetarian,2.131211821015394,3.623
consumption,clothing,3615.7072297953937,54.731
energy,electricity-grid,860.213445470803,607.931
consumption,services,4362.963812344581,44.261
consumption,clothing,147.97590886950897,2.071
food,red-meat,2.550692149421636,68.203
food,white-meat,2.2885905081913513,15.045
energy,coal,331.8770940261931,348.911
consumption,electronics,3728.891218183253,259.287
transport,flight-long,157.57728950955863,23.269
consumption,clothing,6846.542273141735,102.238
consumption,home-goods,9508.533397219735,287.355
energy,natural_gas,532.7720594843181,238.362
transport,bus,42.43634014728303,4.199
transport,train,408.2976980795373,15.403
energy,electricity-grid,389.4626449776423,274.473
energy,electricity-grid,742.5679352881906,526.177
transport,car-electric,250.30958758738223,11.545
food,white-meat,2.3277574575089055,17.789
consumption,home-goods,1758.5143902881973,50.922
transport,motorcycle,59.85139876224251,6.844
transport,train,142.3649674708534,6.575
energy,natural_gas,970.9338067384195,436.214
transport,train,341.04884564606846,13.831
transport,bicycle,202.6700674567511,-0.641
consumption,electronics,4184.159297124348,292.438
energy,coal,708.9721576733932,744.326
energy,renewable,306.127333321783,5.531
food,fish,2.180501658912781,12.362
consumption,home-goods,9433.056060975076,282.441
energy,natural_gas,385.5737639149196,174.018
food,other,2.458225231097166,6.746
food,other,1.4079728092905626,1.606
food,fish,0.7704234688768983,2.805
food,vegetarian,2.7743170948354923,6.112
transport,flight-short,99.81744236891574,25.051
food,fish,1.059545215141072,6.125
energy,electricity-grid,990.9951833271886,700.182
transport,bicycle,198.10014500396719,0.115
transport,car-electric,104.43397875231804,3.715
consumption,other,2931.3479114737347,57.623
consumption,home-goods,6851.744630957597,205.331
energy,natural_gas,435.7954872914145,195.191
transport,flight-long,153.40133577283294,22.684
consumption,other,8986.332155393144,179.384
consumption,clothing,3701.6315653187967,55.842
food,vegetarian,2.316511093329672,3.969
transport,bicycle,82.39422288322271,-0.771
energy,renewable,582.0696813403338,10.418
food,fish,2.4036470835903962,12.539
transport,motorcycle,351.66641134550383,36.729
transport,train,25.52716173363048,2.294
energy,natural_gas,684.6443218048114,308.958
food,vegan,2.169515549966542,3.144
food,vegetarian,2.507515076147503,4.55
energy,natural_gas,205.03438194929456,91.885
transport,flight-short,249.3462918143383,62.767
food,white-meat,2.7537640486282577,18.967
energy,renewable,605.1969600821199,12.017
transport,flight-long,348.3196720875677,51.486
food,vegan,1.9723400564063696,2.652
transport,train,371.35830355144515,12.522
transport,car-gasoline,90.46882139476418,17.709
consumption,clothing,300.1402712753261,5.344
food,fish,0.8189203784107106,4.781
transport,motorcycle,484.7502484622633,52.873
transport,motorcycle,385.8902484652082,42.65
consumption,electronics,6196.061132576479,433.502
transport,walking,240.22848351492385,0.068
energy,electricity-grid,241.02232191443252,170.873
energy,natural_gas,993.1609494865704,445.926
consumption,home-goods,5109.961970402193,151.548
transport,car-electric,472.9465384742369,23.47
consumption,home-goods,8676.063376163598,260.898
food,vegetarian,0.8273281303169437,2.08
energy,electricity-grid,206.86770615723808,145.747
food,vegan,0.8148516026187514,1.126
consumption,other,8649.094492502494,174.644
energy,coal,803.2725666954071,843.195
transport,car-electric,199.80183283810277,9.173
transport,car-electric,304.37171606533866,14.685
energy,renewable,164.46037621002358,3.81
consumption,clothing,4922.555116985658,73.767
transport,bicycle,174.66545463117092,-0.074
food,red-meat,2.9992690945545775,81.958
consumption,clothing,3649.611557441151,55.724
transport,car-gasoline,309.5548072156833,60.759
energy,renewable,157.17510695444574,1.109
food,white-meat,1.9518428494933797,12.225
energy,natural_gas,171.58952316693524,77.617
consumption,home-goods,5173.528713163687,153.753
transport,flight-short,331.79021991993835,84.159
consumption,services,7045.784342406357,71.11
transport,flight-long,235.7154121250484,33.494
transport,flight-short,403.7982872162833,103.986
transport,motorcycle,159.18348389741766,17.685
energy,renewable,832.6662022849803,16.83
energy,renewable,424.5066044946366,6.365
consumption,home-goods,4549.220246633074,136.794
consumption,electronics,527.1794377480271,37.276
consumption,clothing,1541.1348489211887,24.572
transport,train,127.5675946963464,4.837
food,fish,2.964646101027344,14.357
consumption,clothing,352.2768205469019,5.263
consumption,other,4528.44792247905,88.825
consumption,home-goods,6709.1080711675,201.379
transport,flight-long,271.92026816079243,40.606
energy,coal,588.1024374322591,616.434
energy,renewable,896.5763844020361,17.14
transport,bus,221.33209715103538,21.971
transport,flight-short,371.70650823511755,96.321
transport,flight-short,135.9212344200175,34.254
food,fish,0.5381620991150744,1.156
transport,car-electric,28.819049636693677,2.383
energy,coal,782.1706643551797,822.456
food,vegan,0.5075521783904031,0.905
food,vegetarian,2.3014660484265934,4.518
consumption,other,960.2554313999888,17.631
consumption,services,8112.517826277159,81.207
consumption,clothing,4713.083788114033,69.446
transport,bus,212.82192350559103,22.557
food,other,2.817471187044488,9.703
energy,coal,117.23210140754638,124.176
consumption,other,9233.154277101035,184.538
food,white-meat,0.620989704864414,5.289
consumption,other,9561.39205962234,191.147
transport,bus,245.0778818262377,26.533
food,vegan,2.153400984153264,3.199
consumption,clothing,5322.458200711715,78.853
transport,motorcycle,317.9433374431036,36.408
transport,train,477.97915159099125,19.882
energy,electricity-grid,662.0316083898117,468.492
consumption,home-goods,5968.585503180665,179.251
consumption,services,8035.5171167688095,79.785
food,other,2.9820770636117424,8.759
consumption,electronics,5957.372540366774,417.631
transport,train,448.81210598900867,18.911
transport,flight-long,441.04554560952073,69.092
energy,electricity-grid,900.0096338113171,636.179
food,red-meat,2.8816053270021533,76.533
food,white-meat,1.201774356161485,8.074
energy,coal,268.74348901907774,283.368
transport,train,108.68632127878699,3.18
energy,renewable,313.3699823627644,5.908
energy,coal,797.7449365076731,837.934
food,fish,2.618387634773417,13.351
food,vegan,2.3507825771098787,3.515
food,fish,1.8241113175878336,9.593
food,white-meat,1.7427232733769928,9.872
energy,renewable,823.4453844616573,16.435
energy,renewable,80.44019358320226,2.658
consumption,clothing,1590.4167609737658,22.395
transport,car-gasoline,286.24667236909215,53.844
food,other,1.4862115783687633,6.68
transport,car-gasoline,422.41624412551374,81.281
consumption,clothing,9861.371428085538,148.978
consumption,other,3487.3384571092747,70.178
energy,renewable,431.0630898480785,7.026
transport,car-gasoline,271.73138328802236,51.971
transport,bus,404.6798970572406,42.291
food,fish,2.0106487899673127,11.654
food,vegan,1.5453267074273278,4.425
transport,car-electric,153.69448581800057,9.521
consumption,clothing,7200.1072198674465,107.382
food,white-meat,1.0694458540445035,6.794
energy,natural_gas,372.09187599513706,169.134
food,white-meat,0.8893790571638245,3.811
transport,car-electric,217.4281277128791,10.405
consumption,home-goods,5563.988730029451,166.831
energy,renewable,707.3241381535614,13.593
energy,renewable,947.2234462265505,18.224
energy,renewable,498.151904950713,9.099
consumption,clothing,5360.567866030872,79.985
transport,walking,5.61155261435167,-0.485
food,red-meat,1.342304782691864,36.704
consumption,home-goods,3190.753588474124,95.642
energy,coal,428.5913330872042,449.9
consumption,clothing,2674.8704457162576,40.135
transport,bus,32.517103553905514,3.107
consumption,services,4186.008986870543,39.773
energy,electricity-grid,784.6237085015855,554.951
transport,bicycle,374.35535207916865,-1.084
transport,car-electric,253.53546477451494,13.338
energy,natural_gas,833.098716744522,375.564
food,red-meat,0.5790500955936599,16.103
consumption,other,9011.627536880853,180.768
energy,renewable,726.9437987889544,15.487
energy,electricity-grid,832.35896115525,590.818
consumption,electronics,2876.836284812958,202.501
transport,flight-short,403.3950068040406,103.294
transport,walking,240.8543860402333,0.009
energy,coal,121.65874291014615,126.053
food,other,1.5796092307800742,4.152
energy,coal,517.029963878873,541.689
food,vegan,0.8089312264987263,1.23
food,fish,2.0242704888418994,9.7
energy,electricity-grid,957.8774691440545,677.415
energy,renewable,231.26434251416936,3.547
consumption,other,8069.81651936042,160.756
food,red-meat,1.1223224692864844,29.598
transport,motorcycle,199.88105284791968,22.135
transport,motorcycle,423.3711529773461,46.017
consumption,other,3424.687098624086,68.482
transport,flight-long,140.00540864962406,20.336
energy,electricity-grid,320.20193035566837,227.917
transport,bus,226.68498163228034,23.719
energy,coal,964.658232761401,1012.824
consumption,electronics,7180.487770185213,500.602
energy,electricity-grid,507.2632706770703,357.821
transport,bus,246.84449082519046,25.003
energy,natural_gas,753.0642090627209,338.461
consumption,other,5243.2528924425405,105.315
food,fish,0.5913009484534346,2.085
consumption,clothing,2978.2230511879707,44.838
food,fish,1.0920323186344232,5.307
consumption,electronics,4196.113654750994,294.413
consumption,clothing,5855.049051070867,85.534
food,vegetarian,2.1385392420071376,3.035
transport,motorcycle,399.33822527660647,45.01
transport,car-gasoline,176.79887483400321,34.477
transport,flight-long,42.2508519552846,4.551
consumption,electronics,1894.8475873803832,132.887
consumption,other,659.9230047697747,13.205
transport,bicycle,248.82596098236272,0.123
transport,bus,304.37089363912105,31.944
energy,coal,454.77359598306236,478.147
energy,natural_gas,824.3558196257331,370.466
food,other,2.5817080590501282,7.521
transport,walking,319.0588564696323,-1.398
food,vegan,1.0606459578780791,0.421
food,white-meat,2.7873248415732066,19.436
food,vegan,2.5435311381727765,3.91
consumption,electronics,122.3644365553924,9.414
energy,electricity-grid,429.4101762820933,302.799
energy,natural_gas,175.47541538991274,78.573
consumption,services,146.5185314842701,1.05
energy,coal,76.01855215950866,78.98
food,vegetarian,1.412709183211002,2.878
consumption,electronics,6086.859818833209,426.157
food,other,2.09500808804062,7.155
energy,natural_gas,732.5582768582703,331.737
consumption,electronics,244.24957844504152,16.849
transport,car-gasoline,367.75650284331783,70.84
consumption,clothing,430.117698386041,7.589
energy,renewable,594.7374021926692,12.294
food,other,0.9104624101408969,1.367
energy,natural_gas,667.9341118696518,300.038
consumption,electronics,6453.343623724804,450.163
food,vegetarian,1.4751651643690706,2.018
food,other,2.82315243799473,9.236
energy,coal,930.876864672417,977.007
consumption,electronics,5790.743543703742,406.15
consumption,electronics,5669.9506707196415,396.341
transport,train,14.274679234685374,-0.846
energy,renewable,785.170659671221,16.014
food,fish,1.62634134766769,8.324
transport,car-gasoline,296.36528780511594,56.644
food,other,1.563908414295879,6.613
food,red-meat,1.484944572293109,40.626
transport,train,84.94719075863786,4.504
transport,walking,186.89119894859465,1.362
transport,flight-long,324.69882622398467,49.506
consumption,services,6980.246475595047,71.862
energy,renewable,942.667100448497,19.196
transport,bus,340.2256349090638,36.967
consumption,services,2995.8518248875234,28.694
transport,flight-short,54.85435292753194,14.044
energy,electricity-grid,913.6644333912922,648.644
transport,car-electric,280.0337541099443,14.201
consumption,clothing,4052.979861225086,62.833
transport,bicycle,52.78357960873561,-0.533
transport,bus,329.8124541734366,35.264
food,vegetarian,1.2639411483195644,2.14
energy,renewable,382.57606102622356,6.672
food,vegan,0.6037482609642787,1.069
consumption,electronics,2480.1253186225813,173.229
energy,coal,392.37997026999113,412.047
energy,coal,702.7151106222143,737.64
energy,natural_gas,417.6361504992177,186.852
transport,bus,245.4242022128145,23.052
energy,natural_gas,927.6337874702232,418.135
consumption,home-goods,455.8108836834051,14.398
transport,motorcycle,429.7060495158654,45.494
energy,renewable,220.88972018914436,4.829
consumption,electronics,2797.3803928124084,196.344
consumption,home-goods,1361.5132162997188,41.155
transport,bicycle,330.39933259509087,0.476
consumption,electronics,7852.662433359192,550.474
transport,walking,373.18625494430114,0.931
transport,car-electric,374.1239695378777,20.363
transport,bicycle,489.9773019584078,-0.418
consumption,home-goods,6140.978656485129,183.487
energy,natural_gas,702.4621643196641,315.992
food,vegan,2.680265159366453,3.537
food,other,1.4454908738205474,4.09
consumption,services,1623.0187559643452,16.029
consumption,electronics,9308.766213356486,651.372
transport,car-gasoline,216.96797905193245,39.918
energy,coal,802.962905790576,843.06
food,fish,0.6045540594661634,4.103
consumption,home-goods,6456.744720643441,195.724
food,vegetarian,1.126453941485482,0.899
food,vegan,2.9022603853223985,2.427
energy,coal,719.4588460279276,757.143
food,vegetarian,1.1249968380595794,3.018
consumption,other,6911.599789054058,137.096
consumption,clothing,7969.335767080556,120.362
food,white-meat,2.483245191746837,17.68
energy,natural_gas,596.3520028418217,268.184
energy,natural_gas,171.09886799146565,75.878
energy,coal,63.90843732496674,68.956
energy,natural_gas,784.721096693921,353.608
consumption,clothing,6426.49865733522,95.264
consumption,home-goods,6578.305947257763,196.694
consumption,other,5591.404768782555,110.784
energy,natural_gas,933.3770699679903,418.897
food,vegan,1.1924945461367902,1.124
food,fish,1.3712728744552136,6.596
energy,coal,31.262933253146,32.202
energy,renewable,622.2027400258254,13.458
food,fish,2.8366298817680513,16.699
transport,bus,215.23206008639343,21.664
transport,flight-short,351.34649700136606,89.37
energy,electricity-grid,728.7424746130334,516.386
food,vegetarian,1.8444312281891087,4.09
consumption,home-goods,5080.579020284756,153.405
consumption,home-goods,4073.426078312419,121.975
energy,natural_gas,701.1171446760407,315.311
energy,coal,555.3120500821578,583.735
transport,bus,316.05734076131915,31.522
food,fish,1.1174080604045522,6.582
energy,coal,634.9003984327416,664.307
transport,flight-short,411.5455065356723,105.656
food,fish,1.7536185496041818,6.195
food,red-meat,0.80085110060763,22.732
food,fish,2.3936563083517215,11.749
consumption,home-goods,3419.500550906239,102.98
food,vegan,1.5362024481358998,1.164
energy,natural_gas,448.52721694638814,201.88
transport,motorcycle,100.49102868630287,10.898
consumption,services,2202.194355946812,21.956
energy,renewable,757.6447961326963,14.265
transport,bus,166.06670239574058,16.577
consumption,clothing,495.27676756606957,6.379
consumption,electronics,2927.3236258716092,203.94
energy,electricity-grid,522.3625774655508,368.715
transport,flight-short,168.7465039512104,44.57
consumption,clothing,285.9777850426166,4.139
energy,coal,721.7902680635802,757.107
transport,flight-long,366.41808453348233,56.141
energy,renewable,222.2795498029989,4.854
transport,car-electric,287.25294829138977,16.298
transport,bicycle,400.90698864340493,-0.634
consumption,services,1030.0216847100623,10.264
food,fish,1.7629142788068313,7.253
transport,car-electric,366.1562714237985,17.857
consumption,other,3531.123857513661,69.605
food,red-meat,1.4196179528570025,37.414
consumption,clothing,9477.96181479778,142.296
transport,train,105.6208001337385,4.601
energy,renewable,183.15284839464132,4.558
transport,bicycle,421.9498858511765,-1.165
transport,flight-long,185.1590235115602,26.263
transport,motorcycle,295.52536750577303,31.468
consumption,other,8847.86315070172,178.258
transport,flight-short,192.07175476171304,49.585
consumption,clothing,3280.3796084926807,47.757
energy,electricity-grid,407.2188920324339,286.817
food,red-meat,1.2390056937605531,33.788
transport,flight-long,417.9075916660048,62.9
transport,walking,415.2948461979111,-0.203
energy,coal,194.7999622671738,204.584
food,white-meat,2.513952066103084,15.511
consumption,electronics,5834.59724418552,407.792
food,vegan,2.4449610649711357,4.241
food,white-meat,1.9103173594049911,13.793
transport,train,15.708699710099381,0.867
food,fish,2.966119315066841,15.925
food,vegetarian,2.697775559732412,6.892
consumption,home-goods,6664.760436477495,199.392
energy,coal,719.9748768893767,755.767
transport,flight-short,189.63750005436438,47.461
consumption,home-goods,6884.92779690431,203.517
food,fish,1.8997327538398734,8.824
energy,natural_gas,233.04109142571025,104.351
transport,train,100.2154366129535,2.88
transport,train,377.2149045362706,15.496
energy,renewable,468.3346096253018,9.526
consumption,other,131.05516953263975,1.925
consumption,electronics,5850.834873197241,410.125
transport,motorcycle,422.2605833023398,46.325
energy,electricity-grid,828.8384763900604,586.36
transport,flight-long,146.030841683959,22.38
transport,bicycle,363.0585555324142,-0.821
energy,renewable,238.27860447346606,5.303
food,other,1.6897658186830018,4.102
consumption,clothing,4512.998366216171,68.877
consumption,home-goods,3582.200658331618,107.679
food,vegan,1.2621983934780177,1.367
transport,car-electric,342.16607331658577,18.474
transport,bus,361.06668651642843,37.855
transport,walking,159.10562688151467,-0.61
transport,walking,158.58202660961732,0.363
food,vegan,2.9471400379455863,4.06
transport,bus,146.32043597055977,15.986
energy,coal,804.5160057710754,844.992
transport,walking,216.8680616525067,0.809
transport,flight-short,319.1943590281467,82.444
transport,bicycle,416.16303650206333,-1.017
energy,coal,584.3059335486764,615.801
food,white-meat,2.8763361863204167,19.151
energy,electricity-grid,545.9112386970995,385.849
food,vegan,0.8548330268984965,1.413
energy,renewable,822.6952841963501,15.751
transport,car-electric,265.18843453009697,12.49
energy,electricity-grid,323.0161196228627,229.306
food,other,0.6868647590907888,2.214
consumption,other,8913.700108530744,178.088
food,fish,1.5459583442831788,8.473
food,fish,2.0856077274438567,9.387
consumption,services,4717.150385200479,47.543
energy,electricity-grid,108.25375733221709,77.254
food,red-meat,2.865661232507705,77.333
energy,natural_gas,637.861304131229,288.096
energy,electricity-grid,505.2495692419762,358.187
transport,car-electric,293.82340209170826,15.033
energy,renewable,340.93470725179685,8.736
transport,train,248.59178712445652,9.833
food,white-meat,1.016113081040501,8.204
consumption,electronics,7193.473385044566,502.818
energy,renewable,145.37070868304332,2.012
transport,car-electric,211.14679226500724,10.576
consumption,other,5126.618518957314,101.766
consumption,electronics,3999.0353833379436,279.198
energy,coal,343.7724009005924,359.562
consumption,home-goods,4015.0951865996044,121.642
energy,electricity-grid,494.01567347793934,350.43
energy,renewable,737.490449572577,13.711
consumption,home-goods,9720.649279488234,292.437
energy,coal,706.6624030784573,741.172
consumption,services,4449.453574222477,43.979
food,fish,1.4741435557202884,6.844
food,fish,1.9883893062757796,11.575
energy,coal,48.535609353566315,49.878
transport,car-electric,53.7565556551363,2.324
food,vegan,1.2154521769947684,1.779
energy,renewable,484.1094550562247,9.342
transport,flight-short,161.50957322597876,40.864
transport,walking,391.4155085135851,-0.954
transport,walking,159.66195599814924,1.094
consumption,electronics,7006.106743726993,493.521
consumption,electronics,3765.1166673915586,263.412
transport,train,132.0125647799801,5.687
transport,flight-short,153.41666904769235,39.833
transport,bus,228.20388662090227,22.992
transport,bus,194.58813215879113,20.096
consumption,electronics,9483.130154436258,662.698
energy,renewable,507.88669975111566,10.258
transport,train,157.19965199608907,4.378
consumption,services,5561.720251853643,53.852
energy,renewable,383.7183321569939,7.268
energy,electricity-grid,967.2459936014601,682.757
energy,natural_gas,427.4784153156673,191.184
food,fish,1.0773541614968611,5.714
consumption,clothing,2036.869990373383,32.225
consumption,services,6735.325555581907,67.358
consumption,services,4536.491348276824,46.247
energy,electricity-grid,555.3549239915835,393.526
energy,electricity-grid,227.20317548256233,160.57
transport,car-electric,249.92666084839286,11.795
consumption,clothing,7198.678774315509,107.104
energy,coal,462.86616896182335,487.004
energy,coal,966.2118468097023,1015.425
consumption,clothing,5774.031968804762,86.486
food,fish,2.605060545162377,12.203
consumption,other,7475.236198784544,151.113
transport,flight-long,156.57704575570597,24.389
energy,renewable,10.335608532757956,-0.925
energy,electricity-grid,792.664212470124,562.094
food,vegan,2.827548189699261,4.673
energy,renewable,779.7968724124082,16.595
food,vegetarian,2.963174970252254,5.687
transport,flight-long,288.1845882660959,43.084
transport,walking,363.15975243193094,1.26
food,fish,2.5512411116446376,13.863
consumption,other,9860.977885554476,197.769
food,white-meat,0.9390661639200057,5.82
food,fish,1.8334872287670114,7.658
consumption,other,4132.177926400583,82.744
consumption,clothing,9064.592048959561,135.888
transport,car-electric,384.4315645454411,18.679
consumption,other,2151.0224724476734,42.616
transport,train,259.1832436226581,10.628
energy,electricity-grid,265.2817399398157,190.53
transport,flight-long,164.39284091407927,25.179
food,vegetarian,1.0923148018286186,0.285
transport,bus,369.66371998926456,38.487
energy,coal,986.3957894572633,1034.714
energy,natural_gas,252.6015089833633,113.758
food,white-meat,2.694511996522462,16.807
food,vegan,2.378182792344365,3.581
energy,natural_gas,199.21169109236916,91.113
energy,natural_gas,537.0866564557583,241.659
consumption,clothing,6629.5897973376605,100.335
transport,motorcycle,497.762707846572,54.55
transport,train,8.460035581015212,0.056
energy,electricity-grid,811.2043595571373,574.777
food,white-meat,1.5218525918953065,11.035
consumption,clothing,8161.303456778216,123.376
transport,walking,295.9565948872714,2.218
energy,natural_gas,56.67979097490072,25.563
food,other,2.657571948125712,7.149
consumption,other,1587.2077002500798,31.708
transport,motorcycle,183.88029600142056,22.15
energy,natural_gas,728.6577999146317,328.588
transport,motorcycle,99.54565454436413,11.094
food,other,1.024661693197803,1.24
energy,electricity-grid,89.84059323226883,63.447
transport,flight-short,277.84857237870006,70.296
transport,flight-short,283.3100305480666,72.821
consumption,home-goods,6750.245216346861,202.329
energy,renewable,804.0808240265181,15.503
transport,flight-short,406.11898821645946,102.664
consumption,electronics,7309.586159891659,511.964
transport,flight-long,21.75638217197828,2.725
consumption,clothing,3761.420643791679,56.612
transport,bicycle,481.7786550494301,-1.15
transport,bicycle,315.6300499818385,-1.857
food,red-meat,0.8190579655943832,23.256
consumption,home-goods,4741.824259552244,141.795
consumption,clothing,3702.9717113371375,54.863
food,white-meat,1.2615895807339417,8.318
transport,flight-long,266.4234377437699,39.998
food,vegetarian,2.117919430127464,5.29
consumption,services,5699.380716497188,57.706
food,white-meat,0.5078041283910241,2.853
energy,coal,677.450361085328,710.996
food,vegan,2.1927531908934115,3.138
consumption,electronics,5138.792242700793,358.866
energy,coal,512.9161228252797,537.533
consumption,electronics,1703.6953412470175,120.834
consumption,home-goods,7430.974428699412,223.693
consumption,home-goods,5901.458146254242,178.218
transport,bicycle,428.8851416143739,0.63
energy,coal,304.4293559994568,321.152
energy,renewable,568.2602830611437,12.019
energy,renewable,390.3855443026651,8.285
energy,renewable,616.4224898116171,12.541
food,vegetarian,1.5972718505155972,2.19
transport,bus,304.49842291740805,31.86
food,other,0.6991040157225579,0.582
food,other,2.8696754215492,9.519
transport,car-gasoline,74.5589790333577,14.282
transport,car-electric,218.29729701091725,11.738
consumption,services,1839.968371411646,17.3
consumption,home-goods,4792.410397060858,145.027
consumption,clothing,8866.435972600475,133.683
consumption,clothing,9281.710113394578,139.266
food,other,1.9005235068523625,3.61
transport,motorcycle,483.06201024983426,54.585
food,vegetarian,0.5205578284722288,1.646
energy,renewable,152.99573903259702,4.371
transport,car-gasoline,487.80916221468493,94.83
energy,coal,936.2119564085102,984.081
transport,flight-short,260.09414535057437,65.584
transport,car-gasoline,113.22350605947322,23.27
food,other,1.0803347820003903,3.578
food,vegetarian,2.1068651151881985,3.892
consumption,services,4797.4411855870485,49.849
transport,bicycle,263.8576847274765,-1.126
consumption,other,6104.919700608522,121.245
food,vegan,2.134574909569194,4.323
energy,renewable,894.1605505986827,18.689
food,vegan,2.5184273494812235,2.362
energy,renewable,274.8620310247464,6.475
consumption,electronics,4449.433432176498,312.812
food,other,1.5402963610796498,6.72
energy,natural_gas,618.4256354446136,276.955
consumption,services,4893.730415983272,50.008
food,other,2.9136055518467763,7.168
transport,car-gasoline,135.12186778264046,25.382
energy,electricity-grid,607.2529479931276,427.358
energy,natural_gas,483.0230857907312,217.046
food,vegetarian,1.8539886569958572,4.805
energy,coal,556.496371855681,585.763
energy,renewable,25.2160187633673,-0.867
transport,car-electric,373.7572412988827,19.381
food,vegan,2.38570583258804,3.903
food,vegan,0.8637286181195659,1.876
energy,natural_gas,16.546983712457287,6.575
energy,electricity-grid,108.45383037866368,78.735
food,vegetarian,0.808264513303562,3.951
consumption,services,6802.561899969523,67.773
food,white-meat,1.2199465198312511,7.784
consumption,services,8887.490031993662,88.683
consumption,clothing,8458.56229546824,125.56
transport,bicycle,247.80428756406297,-0.081
consumption,services,4199.699600515421,41.264
transport,flight-long,417.1243836300574,61.828
consumption,other,6180.3024641364245,121.221
food,red-meat,1.5461169742905698,41.18
transport,car-electric,249.57720940532303,13.735
food,red-meat,1.7828537537831928,45.32
energy,natural_gas,185.14701763920306,85.242
consumption,electronics,6809.200819869858,475.541
food,white-meat,1.4697463223793246,11.626
consumption,home-goods,8498.86586748568,253.651
consumption,clothing,1405.52483287997,19.641
consumption,electronics,8891.994560161404,623.386
consumption,other,9296.3424842738,186.88
food,fish,2.291384099447499,12.475
food,fish,1.0294982214538693,5.017
consumption,clothing,7242.865024105391,109.772
consumption,other,6312.081679157937,126.425
transport,walking,350.40711476382177,-0.992
transport,motorcycle,83.98953840433211,8.196
energy,renewable,239.04948867162003,5.809
transport,flight-short,10.209753102468298,4.414
food,white-meat,0.9843473325620264,7.191
consumption,services,5150.2797064095985,52.366
food,fish,2.4989466102550075,12.339
transport,bus,174.17646595093473,18.005
food,vegetarian,1.1842747929321065,2.321
food,vegetarian,1.341026367958173,2.76
transport,train,375.28060074802926,17.165
food,vegan,2.5976229201983934,3.696
consumption,other,7940.4311832692565,159.295
energy,electricity-grid,666.6038667839268,472.333
energy,renewable,213.84749046651797,4.024
transport,train,152.81890943180574,8.104
food,other,0.721093968338756,2.288
consumption,other,4009.632909203268,79.712
consumption,home-goods,4351.72230379272,128.677
transport,motorcycle,248.88828645045461,27.473
transport,motorcycle,180.8710515454785,19.377
consumption,electronics,9970.366955388887,699.552
transport,car-gasoline,54.95355288607092,10.263
transport,bicycle,50.23003098967172,-1.014
food,other,2.7077985166869376,8.462
food,vegetarian,1.385049095080028,3.293
transport,bicycle,126.24225627606751,0.594
food,fish,2.551568483547592,13.892
energy,renewable,236.45142721637873,3.783
food,vegan,1.2737039479871675,2.192
energy,electricity-grid,224.27081994158414,160.616
food,red-meat,0.9770237286157677,24.762
energy,electricity-grid,29.602562641817173,21.305
energy,electricity-grid,243.06829578106027,170.646
food,vegetarian,2.6811638081463474,4.897
energy,electricity-grid,580.3820185545759,411.174
food,vegetarian,2.465918464904245,4.373
energy,natural_gas,417.63167959258,188.861
energy,natural_gas,566.0792375024038,254.35
energy,coal,705.0910402960544,740.204
consumption,electronics,129.9170455624482,9.972
food,white-meat,1.828402079238167,11.969
energy,electricity-grid,470.8769114544206,332.484
transport,bus,311.6903876535978,33.932
energy,electricity-grid,741.7757350746633,525.86
energy,electricity-grid,58.514293437494324,40.875
energy,natural_gas,448.62707643005274,203.195
consumption,services,6035.4076384780765,58.73
transport,bicycle,252.11094434767267,1.279
food,vegetarian,2.99378436415474,4.66
transport,train,407.1943510244451,16.668
consumption,electronics,7896.3885628292865,551.734
transport,motorcycle,10.605232960598087,2.024
consumption,other,9757.269437461666,195.253
energy,coal,545.8174892815081,574.107
consumption,electronics,7467.755699260088,524.949
consumption,clothing,9694.028931283961,145.49
transport,flight-short,200.30142771182562,49.89
energy,renewable,568.2731195911696,13.01
food,white-meat,0.9418921685586519,6.685
transport,car-gasoline,145.04448503505478,28.928
consumption,services,8265.430887495806,82.148
food,vegetarian,1.8982546801920677,4.036
food,other,1.6994283944559445,4.308
energy,natural_gas,346.76487610702105,156.703
food,fish,2.6173064988772676,11.876
food,vegan,2.9984123304816968,3.603
energy,renewable,989.9906343741916,21.044
food,white-meat,1.6398654644216533,12.168
food,vegan,2.2343532467458216,3.937
energy,electricity-grid,267.38953594037196,189.742
food,fish,2.033819710408933,11.008
energy,natural_gas,290.4478629283604,130.341
energy,coal,145.70797444097587,151.795
food,vegan,1.652430130639122,2.773
transport,flight-long,9.386832630750105,3.328
consumption,clothing,1077.4251538890214,16.359
food,white-meat,1.5901039572823756,12.04
transport,bus,104.97203374835381,11.408
energy,renewable,910.4359999623466,18.194
consumption,services,7360.3446554582915,71.545
transport,bus,126.91466820220059,12.543
transport,flight-short,5.969910860947356,1.362
energy,electricity-grid,627.9922541087232,443.487
consumption,clothing,2392.940599258228,35.099
transport,bus,306.47094414084967,32.288
transport,bicycle,149.72280747511036,-1.263
food,other,0.5931347015354902,2.806
consumption,other,4557.3311032581405,90.516
food,vegan,2.2825786409377598,2.816
energy,coal,327.6506456194965,343.669
transport,walking,165.72578712976534,0.614
energy,electricity-grid,224.68229571156706,157.188
consumption,home-goods,8741.918042612497,260.316
energy,renewable,582.971283204952,10.152
consumption,home-goods,8926.51455612626,267.924
consumption,other,3339.797900852443,66.205
food,white-meat,1.906635299178273,12.191
food,vegetarian,0.927150498466162,1.803
transport,car-gasoline,161.0289432356201,32.088
transport,bicycle,106.4206024220752,1.509
food,other,1.5047467698899166,6.322
food,vegetarian,1.7747248705140255,5.191
food,other,2.6457283388827655,7.777
transport,flight-long,352.8514601728585,52.684
transport,bicycle,295.55923680604417,1.031
energy,natural_gas,354.91145560629815,160.098
transport,flight-short,450.58078452334314,115.047
transport,walking,447.297155109556,-0.171
energy,coal,678.1907474416877,710.86
transport,bicycle,113.2500718946399,-0.084
food,other,2.4419206783751823,6.06
transport,flight-long,430.004662967614,66.255
food,other,1.8693497736728422,4.82
consumption,other,2145.7856366292945,43.127
transport,car-gasoline,455.71681976530976,86.174
transport,bicycle,374.4110817601229,-0.436
consumption,other,8914.026797050003,178.462
transport,train,199.20644484914172,8.065
consumption,services,9116.792383704547,91.164
energy,renewable,110.67317071673406,2.971
consumption,services,9624.80083964224,97.241
energy,natural_gas,209.11861991317969,94.554
energy,electricity-grid,555.5275188362134,392.485
transport,car-electric,182.64970713806858,9.849
consumption,clothing,4467.252355250854,67.82
food,fish,1.9296742234293303,10.667
transport,car-gasoline,238.12366200901778,46.163
food,white-meat,2.611065832800217,18.198
food,vegetarian,1.455911494791777,2.801
energy,electricity-grid,446.66819281806255,316.949
energy,natural_gas,471.03457391333484,214.085
transport,walking,2.690536143336929,-1.325
consumption,clothing,4164.058978013587,60.8
consumption,other,781.827265813978,15.376
food,fish,2.3714117961340673,13.852
consumption,clothing,197.94629473792105,2.431
transport,walking,72.38728042014914,-1.34
transport,car-electric,154.97468229686956,7.199
consumption,services,730.0662959095375,7.458
consumption,services,7458.340728190564,74.778
energy,coal,133.86558848756454,140.383
energy,coal,832.9422561961218,874.494
energy,natural_gas,728.1063284167923,327.918
food,fish,2.3743821967425953,11.422
energy,natural_gas,897.9854943867174,403.377
transport,train,289.6626975056986,10.62
food,white-meat,2.1969399588010723,15.212
energy,natural_gas,694.0641624287261,310.755
energy,coal,373.0964699731962,390.455
consumption,clothing,298.90076131399854,4.306
energy,electricity-grid,146.17113988028942,103.902
transport,flight-short,243.71814039655217,62.494
food,red-meat,0.9879365376000155,27.152
energy,electricity-grid,527.1156212616723,372.621
transport,flight-short,290.22583871491366,73.686
energy,natural_gas,606.5873438867162,272.932
energy,electricity-grid,651.6847696944053,461.81
transport,bus,170.20471901807733,16.887
transport,flight-short,467.33395383896044,118.322
transport,car-gasoline,59.68220868275218,10.582
energy,natural_gas,225.5880866106744,101.514
transport,motorcycle,2.089863158273059,0.283
food,other,1.175005111951451,4.575
consumption,other,4452.969339225828,89.635
energy,renewable,312.80734587386536,4.263
food,red-meat,2.1733279467568476,58.481
energy,natural_gas,233.03346007172772,102.059
consumption,other,7087.31579073107,142.128
transport,motorcycle,98.89412286205136,9.708
consumption,other,1014.6663566358113,21.104
energy,coal,837.4027595159439,878.391
energy,renewable,596.330885304617,10.484
transport,flight-long,59.87152071907583,9.5
food,fish,0.8897531088498671,5.379
transport,flight-short,361.28855053665444,91.276
food,vegetarian,0.7668908262360328,1.922
transport,bicycle,254.0947644471414,-1.058
energy,coal,969.2713669293627,1017.209
food,vegan,0.6496865668034641,1.032
consumption,clothing,5770.787257634932,87.103
energy,natural_gas,651.2279586582814,294.218
transport,car-gasoline,146.49680801830687,28.046
energy,natural_gas,855.4591498985754,385.885
energy,renewable,54.57476198107773,1.3
energy,coal,375.5895845254547,395.6
consumption,other,5590.143924513058,112.33
transport,bicycle,68.08111033503127,0.41
energy,electricity-grid,340.18939021156257,242.069
transport,flight-short,253.74409931742574,62.449
energy,natural_gas,622.5447572494342,280.576
transport,walking,141.16075326073226,-0.266
food,vegan,1.8594061397966393,3.346
energy,natural_gas,932.2295574944187,418.804
consumption,services,5160.844084622229,51.399
consumption,home-goods,602.0652235757108,18.909
energy,natural_gas,855.6304687412616,384.462
energy,natural_gas,834.6197606768045,376.852
transport,flight-long,34.01819214086524,3.524
consumption,electronics,1322.1454881915206,92.701
transport,walking,396.29239897775426,-1.971
consumption,services,4147.2311734834575,38.963
transport,walking,3.8547448394403476,-0.769
energy,electricity-grid,203.25972145519256,146.371
energy,renewable,717.0809189826713,14.233
energy,natural_gas,325.49928563880616,147.021
energy,coal,577.5003651891336,605.91
food,vegetarian,2.6590575022998832,4.088
food,vegan,0.9801049838975102,0.927
transport,bicycle,99.85399292630261,1.515
food,white-meat,2.7794332045967485,20.325
energy,renewable,825.9326991593514,17.236
food,fish,1.3751782806873822,6.751
energy,electricity-grid,547.3693764894391,387.222
energy,electricity-grid,661.3392985220321,467.075
transport,bus,372.3413275942267,37.968
energy,natural_gas,93.46289041516724,41.64
consumption,electronics,1447.9482828649764,99.954
transport,flight-short,461.4180355692994,115.907
energy,electricity-grid,893.9147346734139,632.545
energy,natural_gas,253.5561023870172,114.827
energy,coal,561.5586220459556,588.834
food,vegetarian,0.8268162914181866,0.047
energy,coal,254.47547025766036,266.276
transport,flight-long,418.01060100915333,63.238
consumption,home-goods,7001.636951808339,210.473
food,red-meat,0.8447470543258349,21.203
energy,renewable,315.470838093241,7.181
food,white-meat,1.3924592303502823,9.935
consumption,electronics,6773.680265454412,474.668
energy,coal,953.0631598644023,1000.918
energy,renewable,42.96376165139309,0.825
transport,motorcycle,283.6668363838375,32.109
transport,flight-long,47.63350242177008,7.048
transport,walking,8.820514570474163,1.875
energy,electricity-grid,86.54360149780703,61.016
energy,electricity-grid,530.3806979523882,375.062
consumption,home-goods,9685.891195130074,290.256
transport,flight-short,471.2590295137381,120.687
food,red-meat,1.2779174119285894,36.059
consumption,clothing,279.70053149011324,4.141
transport,car-gasoline,433.05530208604125,83.41
energy,electricity-grid,422.8698207229958,298.378
consumption,other,3754.182585258585,74.791
consumption,other,8140.395218752897,162.346
transport,car-electric,111.48354498680175,5.336
energy,renewable,552.4803434640102,10.55
transport,train,483.03087746175476,19.741
food,vegetarian,0.5331713521521876,1.586
food,red-meat,2.3582479307674475,63.473
consumption,clothing,3839.806964982246,56.414
energy,electricity-grid,470.764724649672,332.951
food,red-meat,2.882009620622933,78.054
transport,bus,268.7778232466002,28.322
transport,bus,494.67731012730934,52.459
energy,electricity-grid,875.1145055293971,618.925
energy,renewable,104.97188046182872,3.369
food,fish,1.8308265064677567,10.309
consumption,home-goods,2134.3879160600172,62.736
consumption,home-goods,4364.544739671655,131.952
consumption,clothing,5311.611920659826,79.862
consumption,other,4421.067559663569,87.633
food,vegan,2.085569997034037,3.785
transport,motorcycle,417.9322151328152,44.856
energy,coal,775.8789806907074,812.509
consumption,home-goods,3273.5622602873127,98.863
consumption,other,3133.802596830206,64.532
food,white-meat,2.2204360918056585,14.957
consumption,home-goods,8630.923305316237,260.953
food,red-meat,0.555754262246609,13.413
energy,renewable,832.2086984795571,17.964
food,vegan,2.85762202659405,4.807
transport,train,126.84538555253118,4.176
food,other,2.586996231449851,7.012
energy,natural_gas,62.61861595684236,29.326
transport,bus,243.42445887133914,25.752
energy,natural_gas,940.4609708899234,423.302
consumption,other,6022.175180066595,120.482
food,other,2.3095069415763083,7.059
transport,train,397.99454464736897,18.081
consumption,home-goods,952.0877806679163,29.426
energy,natural_gas,284.1142968760232,129.094
consumption,services,6235.214301529974,63.97
transport,bicycle,284.95278134783746,0.834
consumption,electronics,2310.1334339276154,162.413
transport,motorcycle,303.62242999622924,33.773
food,other,2.4416001859315575,7.563
transport,bicycle,71.63287664292385,0.969
transport,walking,147.65115151645907,1.265
transport,car-gasoline,27.193599792561923,5.94
food,red-meat,1.5678942017526094,42.212
energy,natural_gas,494.0792204757121,221.257
energy,coal,842.1330503808649,885.166
energy,coal,636.834237841547,667.107
transport,walking,417.4995923730629,-0.826
transport,bus,16.51621634958495,-0.341
energy,natural_gas,671.2879421425088,299.929
energy,renewable,502.5106117753507,8.288
consumption,home-goods,2320.368285435253,70.604
energy,renewable,962.7925920769017,17.953
energy,coal,971.0043545302001,1018.266
transport,motorcycle,290.2493238744817,29.991
food,red-meat,1.4995811483755126,41.504
energy,renewable,821.2511508339618,14.417
energy,renewable,594.2036619560101,12.453
consumption,home-goods,3272.3163212421823,99.033
food,vegan,0.7249181971524022,1.396
consumption,home-goods,3035.3032819251916,91.793
food,other,0.6728333395437234,0.481
energy,renewable,694.5325892256627,14.169
consumption,electronics,581.4669443330087,41.521
consumption,electronics,521.6158504150816,35.176
transport,motorcycle,238.07124157519357,26.737
transport,car-electric,22.125138005343555,1.083
transport,walking,332.5078014408925,-0.275
transport,car-electric,216.99270229103982,11.071
energy,renewable,24.08374593469278,-0.901
consumption,clothing,9544.871493077333,143.61
transport,walking,54.9720157653559,-0.751
food,vegan,1.6621773253858592,2.987
food,vegan,2.0998267186263115,4.503
consumption,electronics,8612.98741110989,601.917
transport,bicycle,417.16139028744914,0.383
energy,electricity-grid,886.6775485185209,627.017
energy,natural_gas,313.3436580408642,141.519
food,white-meat,2.647955498527771,16.636
consumption,services,3861.503477053498,37.06
consumption,home-goods,3663.1306693718775,109.621
energy,coal,393.3681580057945,412.736
transport,train,137.66203803298012,6.938
consumption,home-goods,9224.8219030447,277.167
food,other,0.5929518373531621,2.385
food,other,1.5491807303931708,3.909
consumption,clothing,3527.377563965605,53.647
energy,electricity-grid,917.6072025031177,649.028
transport,bus,234.01673717273513,23.893
energy,renewable,755.7391623572007,14.501
energy,natural_gas,688.9406606106428,309.869
consumption,clothing,8184.447538783301,120.953
food,white-meat,0.5274091328288584,4.112
transport,bicycle,317.4302766225347,-1.024
food,white-meat,2.2199600538091744,15.816
transport,walking,226.82968721435574,-1.942
energy,coal,421.7701884455654,443.164
transport,walking,290.9720161042503,1.148
food,red-meat,1.49660333799096,40.194
consumption,clothing,6770.7833993313425,100.585
transport,flight-short,341.8570065635936,88.971
consumption,other,2701.6471401278104,55.563
transport,car-gasoline,471.0105814463262,91.705
food,red-meat,1.9734409316202932,53.398
food,vegetarian,1.4248202382641466,0.9
transport,walking,66.17476925803011,-0.585
transport,flight-long,317.78324183362946,47.485
consumption,services,9012.221810733636,91.082
consumption,home-goods,1215.2169534775142,37.299
food,vegan,1.5436863901954154,4.384
consumption,home-goods,3962.645444830132,118.333
food,red-meat,1.4987661881514107,41.232
consumption,services,3674.6930090021106,36.573
transport,car-gasoline,119.61168139280818,21.411
consumption,clothing,3954.8962544416536,59.639
transport,walking,131.967695388941,-0.161
energy,electricity-grid,848.7238371724641,602.067
consumption,other,8236.674580418372,164.384
consumption,other,2268.596155699322,45.531
consumption,other,8297.526264159984,165.92
food,vegetarian,1.4728075240375755,5.0
food,vegetarian,1.5068309246674154,4.556
consumption,home-goods,4038.9820896623046,121.062
transport,walking,484.11092494753063,1.606
transport,flight-long,273.9670450657994,40.964
energy,natural_gas,999.3357877082842,449.124
transport,car-gasoline,442.36377086213787,83.777
energy,natural_gas,840.6953440692446,379.594
energy,natural_gas,161.23348113113906,71.292
food,white-meat,2.827827938922123,18.282
food,fish,1.4923296559608716,7.189
food,vegetarian,2.499979181388837,3.872
transport,car-gasoline,202.2115068677171,38.889
food,white-meat,2.2813550228324924,17.609
energy,natural_gas,337.33716041943876,152.281
consumption,clothing,2040.6640392947816,29.061
energy,electricity-grid,120.28124143423732,84.535
food,other,1.3821102959337501,5.326
consumption,electronics,5490.531892041423,383.529
transport,train,51.882216112498824,3.351
energy,renewable,462.79298760125636,10.131
transport,bus,61.76142242218315,4.945
energy,coal,566.7453098975855,595.875
consumption,clothing,5669.887171807513,85.54
energy,renewable,821.8249505673356,14.913
energy,renewable,432.5927748341079,8.12
consumption,home-goods,2670.865938960653,80.124
food,vegan,2.5209560780986235,3.604
food,red-meat,0.7175839127288857,20.314
food,white-meat,2.1178989028173936,13.901
energy,natural_gas,680.1569229979626,306.028
energy,natural_gas,894.6443133883505,402.623
food,vegan,2.098884565943278,2.223
food,vegan,2.4611038551768223,5.459
consumption,other,9616.60121755755,192.103
transport,train,379.6972121946278,13.561
food,white-meat,0.8777276190134646,5.008
transport,flight-short,159.8392848672535,41.627
food,white-meat,2.258263267158445,15.867
food,other,0.8212599462530241,3.284
energy,coal,838.5743184362034,880.735
energy,coal,362.86613557472157,381.258
energy,electricity-grid,928.8752159777922,656.795
consumption,clothing,2776.8393639240003,40.041
consumption,electronics,1199.789153421571,81.846
consumption,electronics,2851.664144262526,199.42
consumption,home-goods,7006.81544304265,211.244
energy,coal,123.58773348625098,130.521
consumption,home-goods,8871.536680550418,266.078
energy,electricity-grid,678.6817296931191,480.231
energy,renewable,252.89011840398763,5.077
consumption,electronics,7632.979243639503,531.911
transport,car-electric,28.1287230416517,1.239
transport,motorcycle,446.010638156466,47.804
energy,coal,216.55922144624668,227.318
consumption,services,9513.56639971385,94.974
food,vegan,0.5712095263731788,1.181
transport,car-gasoline,198.99964785136092,38.71
energy,natural_gas,173.13952546015213,78.111
consumption,clothing,849.1486570551883,11.771
energy,natural_gas,199.15811178108373,88.773
food,red-meat,0.7959921035691351,22.46
consumption,clothing,1026.2827953100987,17.065
transport,motorcycle,386.30409989892485,42.114
energy,electricity-grid,261.866017288644,184.961
consumption,home-goods,9703.367856847412,289.065
transport,bus,248.2590794879885,25.768
food,other,2.0901008878297147,5.507
consumption,services,9967.501014429095,101.005
consumption,home-goods,1218.7476243240208,34.887
energy,natural_gas,409.4348180633432,183.811
food,white-meat,2.238517871473264,14.131
transport,motorcycle,156.39141687739414,19.971
energy,coal,411.0826214268004,431.385
transport,car-gasoline,52.83302134912644,9.211
transport,motorcycle,238.13850603386837,26.869
transport,bus,354.5809834074346,38.727
consumption,other,2961.49663786348,60.508
food,vegetarian,1.5949943697388853,2.765
energy,renewable,43.74048497902059,1.272
consumption,clothing,5356.714243181093,80.782
transport,car-gasoline,200.25032875686713,39.1
transport,car-electric,166.99117003173885,7.55
food,vegan,2.6712661767134778,4.039
consumption,clothing,6358.802557651858,94.622
consumption,electronics,1992.9696658092498,138.798
consumption,other,8586.676681205208,170.554
transport,car-gasoline,357.71313112600416,69.711
consumption,services,6682.057630212004,65.164
consumption,clothing,8191.209413636108,124.732
transport,train,496.0065074984107,20.211
consumption,home-goods,4794.112477808813,142.486
energy,coal,395.6812490628044,415.001
food,other,2.982926973995832,7.851
consumption,other,7273.389354317055,144.982
energy,coal,570.1349274033745,598.008
transport,train,285.6584997286426,11.565
food,vegetarian,2.7737932911126317,4.689
food,vegan,2.514882420943707,3.402
energy,renewable,877.6017167129238,17.022
food,white-meat,2.467401817463523,17.523
food,vegan,2.445989035883029,4.373
energy,coal,173.48474369649216,182.19
energy,renewable,670.9926526860974,13.258
consumption,home-goods,9034.860797257388,270.474
food,vegan,2.394144041507431,4.557
food,white-meat,0.8000068740422202,3.359
energy,natural_gas,758.371077290348,341.75
transport,car-gasoline,8.400251053422227,1.218
consumption,other,6306.014996989306,126.429
energy,natural_gas,986.9268005039941,442.465
consumption,services,8264.806291450559,81.646
consumption,home-goods,8041.085453481434,243.142
transport,train,245.81423446755798,9.041
consumption,services,1738.748225491336,17.094
consumption,clothing,5625.779608360845,83.941
energy,renewable,674.9993180311386,11.383
consumption,other,716.9293864233512,14.328
consumption,home-goods,6933.594931944255,209.694
food,fish,2.449905505971948,11.804
energy,renewable,430.45287536672316,7.322
consumption,electronics,1346.7672276674386,94.722
food,fish,0.6200057565753232,1.623
energy,coal,686.5636859216497,721.293
transport,flight-long,89.22403156556813,13.668
food,red-meat,1.3088247854453474,34.862
food,white-meat,2.224603208589911,14.568
food,vegan,1.4701231751460357,2.327
consumption,other,7932.61235507709,157.808
energy,natural_gas,91.74734288035276,41.112
consumption,home-goods,2434.1178286806426,72.517
transport,flight-short,361.20472710602303,93.103
energy,electricity-grid,132.4391411670473,93.875
energy,renewable,846.5024310865568,16.68
transport,train,352.78019656979575,14.036
transport,motorcycle,69.47019117004812,7.51
transport,train,449.1606742181771,18.642
consumption,clothing,4465.936772751805,68.416
transport,car-gasoline,339.9195302207875,64.95
food,fish,1.577705116208726,8.969
energy,natural_gas,29.29603318948064,14.133
consumption,other,1556.0414663498377,31.724
food,vegetarian,1.9321468790463487,2.474
food,other,2.309806677982664,4.998
transport,walking,10.53054064101573,0.505
energy,electricity-grid,32.10460219263899,23.551
energy,electricity-grid,986.3497260959285,697.577
consumption,services,846.3240691710696,8.55
transport,car-gasoline,387.0659938931461,75.098
food,white-meat,2.6745309145348077,18.507
transport,bus,58.53033868191651,6.583
transport,flight-long,37.268475479317615,5.269
food,vegan,0.9363647087587413,1.244
energy,electricity-grid,855.0620416012113,604.691
transport,bicycle,31.163014569649835,0.412
food,other,1.2731721969804741,5.396
food,red-meat,1.3466990111425774,36.633
food,other,1.8588597866236052,7.167
consumption,services,8518.364228209837,83.775
energy,electricity-grid,358.35904817748514,253.993
consumption,home-goods,4560.332399533101,136.33
consumption,clothing,9833.252292900366,147.768
transport,motorcycle,54.98491124513935,6.412
energy,natural_gas,726.8814131600938,329.306
energy,renewable,404.18588129438245,6.69
food,other,1.9372764705177654,5.325
energy,coal,209.1185908103134,219.363
transport,car-electric,337.4414934245175,16.617
food,white-meat,1.9038114969328628,13.381
transport,bicycle,75.39874365704553,0.071
food,red-meat,1.5107810780493969,40.586
energy,electricity-grid,24.937423739145547,17.904
consumption,electronics,5883.07478669745,409.814
consumption,electronics,8085.177732443045,566.664
consumption,home-goods,743.2450010146983,20.699
transport,flight-long,317.4608483836743,47.235
food,vegan,1.3116973908445027,2.59
transport,flight-long,170.60801475975484,26.004
transport,train,25.845336340666858,0.229
energy,coal,113.7565482291753,119.118
energy,renewable,687.269113158563,14.517
food,vegan,2.9205701274043587,3.916
consumption,services,7744.09841553481,77.618
energy,coal,237.2372436489402,249.469
energy,electricity-grid,753.1771359388567,534.435
consumption,home-goods,4565.83989406627,136.71
energy,coal,973.9666429896839,1023.221
energy,renewable,989.0853910082309,19.555
transport,flight-short,232.29222869891692,57.762
energy,natural_gas,114.44098929965034,52.232
food,other,1.3691793536722783,4.679
transport,car-electric,426.26602596297954,22.704
transport,car-electric,387.5006134093721,19.144
transport,car-gasoline,389.5903403056569,73.365
transport,bicycle,215.3450126368171,-1.135
food,other,1.990345154241337,5.932
transport,car-electric,39.74630976129208,0.905
energy,natural_gas,628.5544219058447,282.511
food,other,1.0779397078434856,4.383
consumption,other,4493.663048418836,88.299
energy,natural_gas,105.24226671223505,47.143
consumption,clothing,6660.535337973044,99.306
transport,bus,196.58611393093395,22.024
food,vegetarian,2.6166372837557352,5.293
energy,renewable,604.2435178160902,13.355
transport,walking,307.4077598793092,-0.246
consumption,clothing,4366.154801963358,64.066
transport,bicycle,294.80847006093455,0.499
consumption,services,4524.314516307315,44.793
consumption,other,6811.104826228727,136.629
consumption,clothing,1797.46657422194,27.696
food,other,2.053350053571123,7.089
food,fish,2.654860228952478,12.454
energy,renewable,678.1952473481965,13.54
energy,coal,331.6319414540899,348.086
transport,flight-short,392.60238626023187,98.843
food,vegetarian,0.7058824758418953,-0.289
consumption,other,9773.018004367563,195.834
consumption,other,2160.647717283302,43.715
energy,natural_gas,898.3309639696673,404.22
transport,car-electric,496.0271984155187,25.925
food,vegan,1.8376843744480365,3.434
consumption,clothing,5978.284947280198,90.281
food,vegetarian,2.975594710218296,4.109
transport,motorcycle,121.80224447646698,15.015
transport,car-gasoline,20.655691281953644,3.541
energy,renewable,611.0321081707232,11.218
consumption,clothing,8164.744927619677,123.691
transport,flight-short,195.1931436402265,50.058
consumption,services,4207.669055895208,42.07
food,vegetarian,2.4127787760996244,4.046
energy,natural_gas,12.42124399553184,6.581
food,white-meat,1.5258439858394273,10.51
food,white-meat,2.2548838349258142,15.852
food,white-meat,1.577301410877494,9.759
food,fish,1.671345113039223,7.422
consumption,electronics,8893.428328826363,621.732
transport,motorcycle,9.558688667610436,-0.751
energy,natural_gas,879.9182592546076,395.615
consumption,other,4225.5647113471005,85.508
transport,motorcycle,453.5801722411708,49.306
consumption,home-goods,1170.4411329411523,35.306
energy,natural_gas,195.4350175560214,88.049
energy,natural_gas,956.6073646326079,430.497
food,fish,0.7639391055486584,3.898
food,fish,0.875384110459688,3.089
transport,flight-short,162.46522441571642,42.698
food,white-meat,2.530083232564985,16.212
consumption,home-goods,7909.985284182033,238.223
energy,coal,327.864414223084,344.664
food,vegetarian,1.4839445503643949,4.438
consumption,electronics,7759.536278213483,543.083
transport,train,316.9203045361481,13.124
food,white-meat,2.5764583127861282,17.237
transport,flight-long,141.49537750136966,19.581
transport,flight-long,375.7132683648444,55.05
energy,electricity-grid,714.9727619855191,507.134
food,white-meat,1.9354049990239572,13.418
consumption,electronics,4588.248725196266,321.831
consumption,services,9587.236936275927,95.119
consumption,clothing,6843.301204289059,102.822
consumption,clothing,8283.435549582211,124.718
transport,flight-short,78.97440856586644,18.591
transport,car-gasoline,264.50115252417015,50.988
transport,car-electric,270.7240962933789,13.032
energy,coal,685.7871124602957,719.577
food,vegan,0.8069747547605584,-0.442
energy,renewable,401.34769919993033,8.496
transport,bus,1.65600208188259,0.627
energy,coal,546.9586329752063,575.051
transport,motorcycle,76.07382683583492,10.342
transport,motorcycle,278.6531464249626,30.277
food,white-meat,2.646938213071162,17.174
transport,train,212.75753055199212,9.254
transport,train,477.4899652946197,17.505
energy,natural_gas,245.20775804640542,110.139
energy,electricity-grid,614.7955993078486,435.142
consumption,clothing,110.57093320712056,1.864
transport,motorcycle,347.78766914050084,38.987
food,other,0.5385379151913481,1.244
transport,car-electric,150.9628518620095,7.126
food,other,1.5621698176700276,4.146
food,vegan,0.9305458055175817,0.674
energy,natural_gas,218.4482101898723,99.285
food,vegetarian,2.3917294331900845,3.333
transport,car-electric,339.2024866869729,16.728
energy,electricity-grid,401.53779726036305,283.634
consumption,electronics,3910.4654769484573,273.63
energy,electricity-grid,16.700866436268512,11.387
energy,renewable,507.27659820073177,10.107
energy,coal,582.1988303147955,611.495
energy,natural_gas,94.86983161497241,40.664
consumption,services,9922.108558761674,99.777
consumption,services,7193.896363502829,73.993
energy,renewable,306.75239447221963,7.369
consumption,home-goods,9567.661641855604,288.037
transport,bus,202.21203344579635,19.822
food,vegan,1.4010295158781954,1.328
food,other,2.4573944149182,8.201
transport,bus,448.2173015967461,47.346
consumption,other,5937.1047649053635,117.543
consumption,other,6550.0520800358,131.449
energy,renewable,314.0921559130818,6.538
transport,flight-short,360.84679094592275,90.897
food,vegetarian,0.72312437909146,1.31
energy,electricity-grid,218.5113052127776,153.928
energy,natural_gas,101.78791330375307,47.417
consumption,services,7348.905611708291,74.436
consumption,clothing,5277.319746312357,80.129
transport,flight-long,392.7610097585702,57.496
food,other,2.3898183624930933,5.836
transport,bus,392.3586000984939,39.434
energy,electricity-grid,899.9796410505809,637.729
energy,natural_gas,659.8707887109506,296.65
food,red-meat,1.7365898510389737,46.927
transport,flight-long,185.29115116162612,25.822
transport,flight-short,194.5347047432376,49.77
consumption,home-goods,765.3000732701332,23.224
transport,flight-short,342.50832687144464,89.374
transport,flight-short,245.332461697689,62.971
food,vegan,0.7242698785990777,0.997
food,other,1.5960722300279515,7.137
food,vegetarian,2.1238153218734226,6.719
consumption,services,1309.2356127926705,12.04
transport,flight-short,265.6360452787475,68.391
energy,electricity-grid,152.84056888323263,108.359
food,other,1.152666999738323,3.93
transport,flight-short,41.77027584151215,10.397
consumption,other,1598.9774491426554,33.356
energy,coal,940.6959142554368,988.494
food,vegetarian,1.2744312118101226,1.856
transport,motorcycle,287.9811709027414,30.404
energy,renewable,490.6291168906552,11.588
energy,natural_gas,722.1876644183118,325.292
transport,flight-short,206.5368417026935,52.088
energy,electricity-grid,764.2330522702235,542.564
transport,car-gasoline,121.23887147835897,22.708
transport,flight-short,291.8935217328956,74.686
consumption,clothing,524.4472852851445,8.053
transport,train,201.27265411502054,8.441
food,other,2.690082178803163,9.394
energy,electricity-grid,108.39113847231965,74.313
food,red-meat,0.8982687056298397,22.742
energy,electricity-grid,559.0148482865578,395.696
transport,motorcycle,431.78845390771704,48.758
consumption,other,1712.049628019183,35.152
energy,coal,128.92708335838356,136.347
energy,renewable,374.37966700253025,7.338
energy,electricity-grid,618.1974644791303,436.901
consumption,home-goods,2314.725257485636,70.131
energy,natural_gas,560.3262699706106,251.449
food,other,0.8493516489108859,2.906
consumption,electronics,2877.151848843715,200.875
energy,electricity-grid,46.659119813948905,33.347
energy,natural_gas,792.1730269726384,356.313
food,fish,2.0247343541732485,12.013
consumption,electronics,4394.314893907177,306.754
consumption,clothing,6149.48891246712,92.293
transport,train,11.349930060294184,0.473
transport,bus,61.299385215645614,5.926
transport,car-electric,109.82031424851534,6.627
food,white-meat,2.9094379555180714,18.004
energy,electricity-grid,570.5568478540856,404.015
transport,car-gasoline,447.4605172580059,85.458
energy,natural_gas,92.21756870058259,40.79
transport,flight-long,69.39690332768359,10.955
consumption,home-goods,591.3807711142706,18.729
consumption,electronics,6690.2498850434895,468.777
energy,electricity-grid,363.9838862313796,256.777
transport,motorcycle,217.24445448872277,24.952
consumption,home-goods,6294.922031272789,188.676
energy,renewable,717.9856583476276,14.732
food,fish,0.946332261349287,4.239
energy,natural_gas,179.09653351371875,78.334
transport,walking,103.96310041246235,-0.048
transport,bus,347.82464887220453,36.311
food,fish,2.2276840165114242,11.791
energy,coal,601.0666004379,631.139
food,red-meat,0.986165861644236,25.784
food,vegetarian,1.5874604479261574,4.113
transport,car-gasoline,29.965122172233404,5.472
consumption,home-goods,2408.9190111843354,72.391
energy,renewable,481.829068179735,8.048
energy,renewable,298.48928615606957,6.692
transport,motorcycle,497.9269552564202,53.556
energy,natural_gas,614.3811289107823,275.969
consumption,clothing,2949.818878856171,43.387
consumption,services,1151.947652913565,11.074
food,vegetarian,0.9338422990972088,0.674
consumption,services,6583.388397257635,64.001
food,other,1.5014884352631808,3.89
energy,coal,572.0680835468778,599.846
transport,train,75.66872403295443,1.37
transport,walking,442.1509845984499,-0.393
energy,electricity-grid,517.1368357719816,365.676
consumption,clothing,5298.769472891021,78.073
food,other,1.0197208852624926,3.562
food,red-meat,1.043710884657445,29.392
energy,coal,959.8835833117801,1005.401
consumption,services,4029.602730155616,40.797
transport,motorcycle,292.88312305118484,33.46
transport,flight-long,186.21588622386741,28.897
energy,electricity-grid,958.3902350473113,680.54
consumption,clothing,5487.811401576975,81.263
energy,electricity-grid,755.3879070660254,535.054
consumption,clothing,1183.6849221234538,19.125
energy,renewable,340.2252807179652,7.046
food,red-meat,2.14981073814765,57.944
energy,natural_gas,168.2001631959247,75.637
energy,electricity-grid,494.3050968200303,350.171
consumption,home-goods,8878.545467684427,267.811
transport,flight-short,445.16263124790936,115.397
transport,flight-long,498.0772686357359,72.268
food,fish,0.6399138931550176,3.26
food,vegan,2.677226425066667,3.655
energy,natural_gas,429.1352739678916,191.708
consumption,home-goods,167.960167441927,4.67
transport,flight-long,440.85591357143954,65.339
food,vegetarian,1.3462012759199442,3.967
food,vegan,0.6415374328368085,1.887
energy,electricity-grid,286.012423169338,203.452
transport,flight-long,378.0852067477104,55.515
food,vegetarian,1.275054615540256,1.06
transport,flight-short,43.59902088395607,11.264
consumption,other,3153.306990554024,62.048
food,red-meat,2.732846795948584,73.636
consumption,clothing,4551.723226419622,68.773
energy,renewable,589.7915570711647,10.719
food,fish,2.9275129590991047,15.26
consumption,clothing,6344.96079049892,94.255
consumption,home-goods,2967.9975531411606,88.947
energy,coal,77.59570958632168,80.756
food,vegetarian,2.7494370863983155,5.144
food,white-meat,1.8580274678470108,12.104
energy,natural_gas,112.4837976557496,50.608
transport,walking,308.33646209962154,0.282
food,vegetarian,2.5299699226147947,4.457
energy,electricity-grid,819.6980871458359,579.645
transport,flight-short,367.8567878321105,94.315
energy,coal,37.116507880747896,38.553
transport,flight-long,382.01206579563325,57.694
food,white-meat,2.3663142054023663,14.765
food,other,2.0784742040361963,5.834
energy,electricity-grid,884.5335568697931,624.715
food,red-meat,2.199351394640927,59.209
food,red-meat,1.3081132926486791,33.619
food,red-meat,2.3819823029885967,65.691
food,red-meat,1.868115105250718,49.622
food,vegetarian,2.939630198358972,4.668
consumption,clothing,1811.8556730636005,26.627
energy,natural_gas,981.3469628473043,442.394
food,fish,1.323184597850219,6.782
energy,natural_gas,371.82104390984796,166.469
food,vegetarian,1.9435236207345432,5.402
energy,electricity-grid,166.64042979426202,118.458
transport,motorcycle,301.08672951013705,32.325
food,other,1.9011837054337546,5.956
transport,flight-short,431.32781187761276,110.588
consumption,electronics,5465.155738223653,382.7
energy,natural_gas,653.9071648196476,294.756
energy,electricity-grid,944.5433919653984,667.962
consumption,other,90.8094317801624,1.284
food,white-meat,2.922148338669471,19.341
consumption,services,1739.9023613474171,19.023
consumption,home-goods,9072.086607096911,272.007
food,vegan,1.0120531176896361,1.112
energy,electricity-grid,201.66986495596603,143.523
energy,coal,387.83063922212557,408.178
food,fish,2.92383135383755,14.401
transport,bus,44.79701232006959,4.103
transport,train,166.123382955935,7.38
food,white-meat,2.2308404122743086,15.445
food,red-meat,1.7539103833015854,46.286
food,white-meat,1.485615937101486,9.802
consumption,other,6699.181400221336,134.406
energy,coal,654.1457098242831,685.671
energy,electricity-grid,937.8791482673294,663.222
energy,renewable,113.16048557058069,0.79
energy,natural_gas,944.3879035125433,426.488
transport,flight-short,132.1443230019179,34.473
consumption,services,68.63380199572742,-0.557
energy,renewable,180.34876420117308,2.889
consumption,services,6445.6877574001155,63.406
consumption,home-goods,1035.6115204490802,32.132
transport,car-electric,281.2546341089055,14.381
food,vegan,1.4683335521417311,4.114
consumption,clothing,2232.7122473994373,34.381
food,vegan,2.9027596874263413,5.164
energy,natural_gas,351.9270940786905,159.419
transport,motorcycle,424.7191814443999,46.927
energy,coal,935.2268487360313,981.567
consumption,services,8224.326802856329,83.288
transport,flight-long,158.9370173886383,23.069
transport,car-gasoline,50.674471215932144,11.032
food,red-meat,1.7521623541522207,47.549
energy,natural_gas,650.4504520979033,291.159
energy,coal,86.40314871421984,91.245
consumption,services,833.153725568524,7.902
energy,natural_gas,210.54875649632368,95.529
transport,flight-short,60.16814308743429,16.385
energy,natural_gas,6.873689773108479,1.601
consumption,home-goods,2542.5589370640555,75.526
energy,renewable,850.1898151382004,15.946
energy,coal,208.25174227839852,218.973
energy,electricity-grid,646.960629602454,457.306
consumption,clothing,2387.5454706399755,34.354
food,other,0.8707063447397898,3.667
food,other,2.081665634545999,7.189
consumption,clothing,2762.67356323168,39.445
food,fish,1.233696443397536,6.375
energy,natural_gas,266.48062981047474,119.648
consumption,services,392.3160957572303,3.214
energy,renewable,195.43939872509821,3.326
energy,renewable,685.110606748003,12.834
food,vegan,1.8577957629931463,2.75
energy,electricity-grid,969.4023060521438,686.602
food,white-meat,2.6254810004881355,18.273
consumption,other,9019.642260279168,181.064
energy,renewable,353.52497048378643,6.179
consumption,other,9571.040004198014,189.315
consumption,other,4074.9382109955604,80.513
energy,renewable,115.13420480479827,1.529
consumption,electronics,671.1305776410081,47.656
food,white-meat,0.7321127163265513,5.302
transport,flight-long,107.5104927816951,17.374
food,other,2.084471048862506,6.389
consumption,electronics,4669.490529391405,328.003
transport,train,114.62706565518731,5.522
energy,electricity-grid,433.9794310811917,307.083
energy,electricity-grid,683.705244510274,483.026
energy,coal,674.0887866976856,707.585
energy,renewable,571.8672128305354,12.022
food,red-meat,2.1289473199506297,57.328
transport,walking,326.2908265176147,1.257
energy,coal,184.23287888060062,192.378
transport,bicycle,28.615657276675975,-0.819
transport,flight-short,492.1035670724235,125.703
energy,electricity-grid,198.50019065503704,141.815
consumption,electronics,6686.346819004653,468.771
transport,train,52.09790736548658,2.047
food,red-meat,2.1905979632502772,59.853
food,white-meat,1.1435280754917636,7.236
transport,car-electric,186.79657137430513,10.349
transport,bicycle,2.301124232924234,-1.515
consumption,other,5905.437328924709,119.58
transport,car-electric,428.69149759036895,21.626
energy,renewable,806.1766063827281,16.586
food,vegan,1.3392353557759602,1.536
energy,natural_gas,658.6706939002245,296.39
transport,train,438.4630798354548,17.145
energy,renewable,656.0687501179058,12.339
food,other,1.8842618072217632,7.017
consumption,other,7253.798747489647,146.595
consumption,clothing,122.16165875068752,2.119
food,vegetarian,1.413515327253892,1.104
transport,car-electric,324.87318916683876,16.025
food,other,0.9603250577029622,2.074
food,vegan,2.697480769396625,3.969
food,vegan,2.833681979868895,4.812
consumption,home-goods,8704.104533198499,260.656
transport,car-electric,103.28499165896842,5.762
consumption,clothing,9033.128766681875,137.341
consumption,other,4239.660412026657,84.32
consumption,electronics,2987.708192403545,207.881
energy,coal,394.5390456676009,413.41
transport,bicycle,5.02108615887205,0.67
consumption,other,8187.342082958539,165.147
consumption,services,2574.2582361306936,25.535
food,vegan,1.551705592602321,1.842
energy,coal,658.1206288309403,689.917
transport,car-electric,265.4196887266988,12.811
consumption,home-goods,5979.618877520508,179.985
consumption,clothing,3371.728540216689,50.116
transport,train,286.56162664335983,11.721
energy,renewable,793.6481497807601,16.103
transport,bus,119.41976628648102,13.593
food,red-meat,2.640238330590959,70.763
transport,walking,356.412197030163,-0.742
transport,car-gasoline,463.93840761171896,88.833
consumption,home-goods,2298.5683183318497,68.192
food,red-meat,0.9105423955683649,24.675
food,vegetarian,1.3316362522626282,3.416
consumption,electronics,8553.630257845616,598.304
food,other,1.772102120326267,4.909
food,white-meat,2.8452958264917556,20.851
food,white-meat,2.6857426926874064,19.566
consumption,services,3211.4189388455156,32.091
transport,motorcycle,230.8712086106412,25.542
transport,car-gasoline,188.05128412560546,36.594
energy,natural_gas,469.5454161222351,211.733
energy,electricity-grid,53.62065849786744,37.726
food,vegetarian,1.9563792409615006,4.241
food,red-meat,2.6484005618820534,71.222
transport,car-electric,364.45229006562454,17.48
energy,coal,53.60310369162884,56.571
food,vegetarian,0.5840241557875157,0.117
energy,electricity-grid,584.577569544773,413.009
consumption,home-goods,8149.845979504492,245.624
transport,car-electric,115.92702301953291,7.335
food,fish,1.2139691994851407,5.458
consumption,services,7818.144057279897,77.988
consumption,services,1579.76306835807,13.819
food,other,1.0106618958325135,2.265
transport,train,472.14300738932525,20.358
transport,walking,454.5356134197068,0.314
food,vegetarian,1.3983379984681492,2.121
energy,renewable,640.0223220624944,11.837
energy,coal,199.75075996231857,209.913
transport,motorcycle,342.181616061759,37.228
consumption,other,7474.595309007178,148.037
energy,coal,999.8169026433151,1051.098
consumption,clothing,3777.995253927723,56.802
consumption,clothing,1451.9513988276049,22.053
energy,renewable,789.6656339431363,16.884
energy,natural_gas,609.7028797149538,275.852
energy,coal,936.1374283609242,980.903
food,vegetarian,2.619810405696027,4.92
energy,coal,688.5963856976399,724.627
transport,bicycle,322.903625375684,2.01
consumption,electronics,3408.6946729264773,239.411
food,white-meat,2.186702103946298,14.702
consumption,clothing,5490.032632439487,83.018
consumption,other,7247.418186602188,143.416
food,fish,1.0502376006856757,4.354
energy,coal,16.591829218605614,17.516
consumption,electronics,2581.483887395567,179.231
transport,motorcycle,430.9205778407283,47.142
consumption,electronics,3763.954233691225,262.98
transport,flight-long,442.764256524325,68.33
energy,renewable,534.7141744999026,10.518
transport,motorcycle,143.1991646028856,14.539
food,red-meat,1.621314019706206,40.766
transport,car-electric,43.74643282943948,2.087
food,vegan,0.8228410101658358,1.449
consumption,home-goods,7133.442237290987,213.999
food,white-meat,1.8996027389599794,14.813
food,other,2.9428633320010147,8.438
energy,renewable,785.5463594476452,17.042
transport,flight-long,95.47754299503818,14.604
food,vegetarian,1.2857871968117305,1.142
energy,electricity-grid,465.0739250608948,328.464
energy,electricity-grid,947.2798003193641,671.395
energy,electricity-grid,990.4752663295149,700.739
energy,coal,340.8850162808696,358.44
transport,bus,125.85203904470737,12.813
energy,electricity-grid,136.40547207774594,96.251
food,other,0.8719260705852943,3.764
food,vegan,2.200142187137243,3.931
food,white-meat,1.4103954954597064,10.847
consumption,home-goods,833.8816064889475,24.86
consumption,electronics,2526.53893267226,176.167
food,white-meat,1.3202586896045543,8.513
transport,bus,92.78976150584461,9.427
food,vegan,0.639595552191186,0.936
transport,flight-long,395.505472196556,58.455
consumption,other,7094.2458480420455,141.864
transport,car-gasoline,407.2912382930511,78.889
food,fish,2.8442052553986756,15.115
transport,flight-short,284.81578215891574,73.295
food,other,0.5341941277616103,2.586
energy,natural_gas,281.74689834393223,125.935
food,red-meat,0.7118986831883046,18.492
transport,motorcycle,347.01949516612046,37.334
consumption,clothing,7633.602499562595,113.659
consumption,services,2034.613725547386,21.233
energy,natural_gas,595.2606459615599,267.009
transport,flight-long,5.433018110585131,0.911
transport,motorcycle,216.59346272451967,23.367
energy,natural_gas,273.7657940533613,123.118
food,other,2.6243826223358315,8.761
food,other,2.5436633612774022,7.481
energy,renewable,842.6050433169003,16.674
consumption,clothing,6402.641664734443,96.099
food,other,0.9682977317784378,2.209
consumption,services,4016.6599108082,40.579
transport,car-gasoline,216.29105116169717,40.73
food,fish,2.578837431117188,14.844
consumption,services,5145.4333618648025,51.195
transport,car-electric,81.42068026018438,3.025
energy,electricity-grid,456.78380400928216,323.194
consumption,home-goods,1506.4405897481622,45.441
energy,coal,97.15433265448789,100.942
food,red-meat,2.673647791344719,69.696
food,vegan,1.2427928953196048,2.524
consumption,electronics,8853.790655553948,620.683
transport,bicycle,285.0182208070069,1.21
transport,car-gasoline,327.5754865201115,61.344
consumption,clothing,9077.108337301212,136.314
food,other,1.5323822402508616,4.62
food,vegan,2.2786356046605727,2.275
consumption,services,4587.868092460693,44.28
energy,renewable,724.5165460265991,14.103
consumption,electronics,7618.791009713435,533.179
energy,electricity-grid,386.74631737733404,273.335
transport,car-electric,309.6798837890496,15.542
consumption,home-goods,9222.36272050046,277.919
consumption,home-goods,8568.495692512806,257.618
energy,coal,580.63874472685,609.236
consumption,clothing,4761.71948664396,72.193
energy,coal,925.4044071377238,972.295
consumption,home-goods,3466.9306323101787,104.71
energy,electricity-grid,964.7877802989987,684.44
food,vegan,0.6546535609582345,-0.178
energy,natural_gas,310.46978708114835,140.314
energy,renewable,337.576922754869,5.278
transport,car-electric,390.716994533058,20.36
transport,car-electric,47.6526884304109,1.713
energy,coal,79.03157906240504,82.242
consumption,electronics,5347.366937907784,373.859
transport,flight-long,323.65204461743275,48.773
energy,electricity-grid,274.1105341956648,194.772
consumption,services,7703.850475237306,77.164
transport,train,327.0632762046523,14.545
energy,electricity-grid,899.2229785598105,637.787
energy,natural_gas,744.4215967191275,335.706
energy,natural_gas,608.775832599709,275.185
transport,bus,421.5168426461948,43.381
energy,renewable,379.7076363258033,6.609
food,other,2.1493203510122103,6.001
energy,renewable,268.3039698368426,5.438
transport,bus,212.74473175834154,22.334
energy,electricity-grid,750.6385381636109,532.311
energy,natural_gas,90.38890459943498,40.488
energy,coal,916.3545665061879,964.343
energy,renewable,596.8136165580617,12.323
transport,car-gasoline,347.29954783984033,66.682
transport,flight-long,287.2875516354204,43.673
energy,natural_gas,691.1168166817623,311.1
energy,coal,177.5834688719482,187.475
energy,coal,513.9095107148263,541.928
energy,coal,464.01425349943713,486.968
transport,flight-long,39.681337186699906,8.429
energy,natural_gas,321.65172008272515,146.536
transport,car-electric,68.3025483576158,1.876
transport,flight-long,416.77766391437876,63.95
food,red-meat,1.4610223272879623,40.567
transport,car-gasoline,294.7571684613389,57.133
food,vegan,2.5563400472836793,3.405
transport,flight-short,492.3580914037043,122.604
consumption,other,8808.898066983631,177.783
consumption,home-goods,3279.2914650233724,97.781
consumption,other,1839.4890766715316,37.406
energy,renewable,931.4270088392528,18.999
consumption,clothing,1251.3466094544153,17.779
food,white-meat,1.9074537612881644,13.683
food,fish,1.03689849990618,4.745
energy,electricity-grid,455.4801367256472,321.628
transport,car-gasoline,21.612762818810943,5.116
consumption,clothing,4230.338814121849,63.943
consumption,clothing,4377.708027553378,67.37
energy,natural_gas,370.5600745855324,166.419
energy,renewable,725.2458340705155,14.821
food,vegan,1.2234518090142368,0.722
transport,motorcycle,94.26785787871157,10.871
energy,natural_gas,283.21633801049313,126.315
transport,bicycle,16.735779437480822,-1.346
food,fish,2.1150257273667474,12.162
consumption,electronics,4615.471329047693,321.945
food,vegan,1.734806613623864,2.736
energy,natural_gas,249.14821212520417,113.743
energy,natural_gas,119.119937550537,52.585
energy,natural_gas,153.53054925246724,68.709
food,other,2.32976049753258,5.512
transport,bicycle,318.5377145082612,0.327
food,fish,1.2223945478517928,6.126
food,fish,2.682183214417815,13.566
consumption,electronics,1736.7255952781506,122.232
food,fish,2.1694869820164246,11.575
food,fish,2.2503992301828375,10.453
food,red-meat,2.7435174229808967,75.648
energy,renewable,944.9441371887386,18.432
transport,motorcycle,39.56945308208246,3.984
transport,walking,48.016966995006186,0.758
energy,natural_gas,562.336204898425,252.678
food,vegetarian,1.6472913107468383,2.129
transport,train,406.858321193509,18.538
food,fish,0.6739796184907725,3.887
energy,coal,565.4527511372045,593.136
food,red-meat,1.9328373366351763,50.89
food,other,1.5104803354667016,3.761
transport,flight-long,20.363457491441626,1.929
food,fish,2.0715803997571243,10.641
food,vegan,1.8772384394239243,3.971
food,fish,2.112758012894833,10.47
food,red-meat,1.9968377820726606,55.029
energy,natural_gas,321.69243048470497,145.886
transport,flight-long,297.4736564029239,43.536
transport,bus,291.77919646800734,29.3
consumption,electronics,8384.48803739458,586.824
consumption,services,8520.323951010272,86.224
consumption,clothing,7598.805152633471,113.53
transport,bus,427.9582130860816,46.469
transport,flight-short,477.6878118049093,120.743
energy,electricity-grid,278.2614471578247,195.996
consumption,other,1000.5793131483673,21.78
food,fish,2.8722040622486595,14.978
food,vegan,2.7456992688594872,4.12
energy,coal,172.66272235999926,179.358
food,red-meat,0.9823360907319882,25.963
consumption,home-goods,7989.41710673759,239.152
transport,car-gasoline,446.7100876868701,87.184
transport,flight-short,225.28013739868683,58.467
consumption,home-goods,743.5920773661636,22.685
consumption,home-goods,450.4563981726303,14.002
food,white-meat,0.9565034952056951,8.494
energy,natural_gas,43.893218712849354,20.077
food,other,0.8055289589634183,0.634
transport,flight-short,402.7426558094206,100.842
energy,natural_gas,885.5219156105973,399.462
transport,car-electric,219.57785978410035,11.526
consumption,home-goods,6919.256837732663,207.735
energy,electricity-grid,378.50775513195117,268.304
consumption,other,6301.946834721605,126.259
energy,coal,411.4323343034288,432.041
consumption,electronics,1423.93238318999,98.887
energy,natural_gas,578.8947777508838,259.445
transport,train,186.86100696501094,5.699
consumption,home-goods,9453.538018187928,283.132
transport,train,23.409838757857045,0.713
food,vegan,1.4097009840672081,0.985
food,white-meat,1.6412793918044755,10.476
consumption,clothing,2630.87100933055,38.154
energy,electricity-grid,444.2671443637673,314.923
consumption,services,9446.303230543916,95.623
food,red-meat,1.1449270991469964,31.692
transport,walking,475.5382388872362,0.727
transport,flight-short,86.9916232680218,21.659
transport,car-electric,392.71458803736823,20.654
food,vegetarian,1.7310269667884297,4.002
consumption,other,1533.8943230830012,29.626
consumption,clothing,9252.478941562431,138.566
food,other,2.4387977013095234,7.754
consumption,services,6326.0122305056375,66.638
consumption,other,9836.02918420175,197.236
food,vegetarian,2.114527200128019,4.845
energy,natural_gas,208.26985032881439,93.418
food,vegan,1.5812018260453025,1.501
food,vegetarian,0.7751455010940538,3.24
transport,walking,222.21008989150047,0.069
transport,motorcycle,484.65182309856095,52.628
energy,renewable,951.1395888875091,21.016
energy,natural_gas,381.19536543672893,171.982
transport,bus,241.95285582356556,25.371
energy,natural_gas,455.6345764403014,203.68
food,fish,2.071169624467,8.622
food,red-meat,2.509401737201199,66.846
food,vegan,1.1216719587439252,1.531
energy,coal,985.4706149336737,1035.982
energy,electricity-grid,994.2590657674494,703.696
transport,motorcycle,319.6832362572424,34.942
food,vegetarian,1.4289327712905002,2.655
energy,natural_gas,770.260438232815,346.457
energy,electricity-grid,773.6447926944577,548.346
food,other,1.0371779346228365,2.831
transport,bus,496.6870666723169,52.677
energy,natural_gas,973.4058165793421,435.644
food,vegetarian,1.0321269273997844,2.183
energy,renewable,412.4863993123266,7.446
food,vegan,1.513064457323335,1.631
energy,electricity-grid,746.5197952708729,527.456
consumption,electronics,765.3992156420857,52.807
energy,renewable,445.84947760283524,10.438
consumption,electronics,9027.091851076722,631.931
transport,motorcycle,234.736362967155,25.179
energy,renewable,362.22867615388935,7.429
transport,car-gasoline,378.8261460808473,73.345
transport,car-electric,189.79935660728108,9.112
food,fish,2.7745108223754764,14.636
consumption,services,174.8545819296438,0.82
consumption,clothing,4985.497447822765,75.889
energy,electricity-grid,400.4588364420783,284.602
food,vegan,1.8092358306117204,2.254
food,red-meat,0.6499481804787911,19.097
transport,car-gasoline,306.1542657127722,58.714
transport,motorcycle,168.09325107352976,18.721
food,other,1.6823172734098253,5.677
food,other,1.3386598779566188,6.01
food,other,0.9347304376618621,3.086
food,vegetarian,2.7804997512405034,5.632
consumption,electronics,5728.815727312601,401.231
consumption,clothing,4611.1302776537605,69.615
energy,coal,347.9299576413937,365.93
consumption,electronics,3510.261958100548,244.57
transport,bicycle,193.99834720595933,0.871
consumption,services,8843.681269488436,87.415
consumption,clothing,1449.9194674144255,23.035
energy,natural_gas,482.46233511332804,217.06
energy,coal,779.5569290541674,817.952
transport,bus,491.2918320082601,51.937
energy,coal,734.130120009988,769.606
transport,flight-short,409.75018023806444,103.71
consumption,services,9362.942142871707,96.463
transport,car-gasoline,198.87307455467757,37.83
food,red-meat,2.419843879045028,65.124
consumption,electronics,8421.018097422033,590.656
consumption,services,8858.028392901168,89.642
food,white-meat,1.452869133402627,9.985
transport,bus,173.85326056166332,19.788
food,vegan,2.7218394734665634,5.399
energy,coal,277.3932722369028,288.354
consumption,other,1242.4145823349786,25.138
food,vegan,1.2881406434370746,2.326
consumption,other,2768.374885199813,57.02
energy,coal,532.7026128290212,558.583
energy,renewable,758.1798018665597,16.442
consumption,other,8818.432806809926,176.894
energy,coal,822.5411502986182,862.19
food,red-meat,1.4277791594414704,38.793
food,vegetarian,1.6894844793368395,3.869
consumption,services,4868.3179094887155,49.607
consumption,electronics,3058.3204302981385,211.524
consumption,home-goods,2066.0572502965215,61.714
consumption,home-goods,3932.4498741365283,119.043
consumption,other,7927.742285346546,158.551
energy,natural_gas,37.671274821823765,17.522
consumption,clothing,8731.57914261951,130.298
energy,renewable,23.228101574404626,-0.127
energy,natural_gas,168.93444725537483,76.349
food,other,2.403178574063401,7.079
food,other,0.9769806636895968,3.392
food,vegetarian,2.1437351481406277,3.681
transport,train,192.10053852109235,6.933
energy,natural_gas,644.353955676843,292.292
transport,car-gasoline,253.49666204870184,49.967
energy,electricity-grid,472.1811485270602,333.714
food,vegan,2.0620578552335944,2.973
consumption,other,9329.668159106628,187.738
consumption,electronics,3752.5959502798855,261.103
transport,motorcycle,137.899345691523,14.349
food,white-meat,1.837195018910389,13.146
energy,coal,107.54841456006093,113.004
transport,walking,156.40981964181722,0.492
transport,flight-short,262.0925324049004,64.957
consumption,other,9256.207520164095,184.325
consumption,services,8559.57763616431,83.984
consumption,clothing,8732.491140031972,132.659
food,vegetarian,2.4297303658131364,7.286
transport,motorcycle,13.48752568036944,1.852
food,red-meat,2.7104861780709233,73.134
transport,bus,177.22404673898637,18.357
transport,car-electric,33.56233937337797,3.188
energy,coal,738.8209386176793,772.795
consumption,electronics,218.08888296160865,16.413
energy,renewable,956.2699708790777,19.061
transport,flight-long,290.4417340937511,45.057
energy,coal,538.6052866513729,565.235
energy,renewable,926.1552654401319,16.399
food,vegetarian,2.1845949029174423,3.679
food,vegetarian,1.06334227863582,2.053
energy,renewable,226.32844260702066,4.845
transport,bicycle,308.833663390829,0.346
consumption,other,427.04891069576075,9.989
food,vegan,0.8275930634138707,2.536
energy,natural_gas,128.12422830417182,56.501
food,white-meat,2.9901978222670667,21.43
consumption,electronics,218.44705663407385,15.069
consumption,services,3385.7159652182945,33.126
consumption,electronics,5101.45405511909,355.583
energy,natural_gas,630.5553834855178,283.532
energy,coal,810.5915389181243,852.498
food,vegetarian,2.2539983747489925,2.553
energy,renewable,175.66207855074495,1.959
consumption,home-goods,2280.514153631673,67.166
consumption,other,7991.79948604756,159.183
energy,coal,365.13646358424364,383.419
food,fish,2.2863542536250128,11.794
consumption,electronics,3581.912008312243,250.739
transport,car-gasoline,105.57966248723058,21.254
food,red-meat,2.65604385067442,71.216
transport,motorcycle,345.41517757303444,36.691
energy,renewable,43.79448386780941,0.029
food,vegetarian,0.5553498825846785,2.855
transport,motorcycle,125.91694730360189,14.37
consumption,electronics,6878.0211369596545,480.977
consumption,clothing,8197.387347180473,123.314
transport,flight-short,247.49845746135077,61.775
energy,electricity-grid,868.811038026726,614.238
consumption,clothing,5667.486013140758,84.355
consumption,services,4843.48124577063,47.427
transport,flight-short,212.13360206689734,52.456
consumption,services,1647.1283820428778,17.344
consumption,clothing,5090.2104680201055,76.962
energy,coal,70.24694510994554,74.059
food,white-meat,2.0125076533450827,12.231
energy,electricity-grid,119.20574893013504,83.798
transport,flight-long,256.9764421152566,39.782
consumption,other,703.524314793292,14.514
transport,bicycle,115.36343447616717,-1.55
consumption,home-goods,1314.1798398681394,42.32
energy,natural_gas,72.57896361725318,32.78
energy,natural_gas,773.5797603699461,347.699
consumption,services,4879.460306933483,49.843
food,red-meat,2.8964346078233953,78.794
transport,car-gasoline,256.26654206313674,49.549
transport,walking,151.0153323622561,-1.136
food,vegan,1.3311192956190958,2.228
transport,bicycle,358.1039787974127,-1.551
consumption,services,7698.911194119086,78.494
food,fish,0.7594548204416797,5.196
food,fish,1.3305694101657095,6.234
food,white-meat,2.007111866965877,13.849
transport,flight-short,82.26044106426828,21.011
energy,electricity-grid,559.2584176834032,394.533
energy,coal,741.3659345880511,778.649
food,other,1.3602494100743412,3.797
consumption,home-goods,7701.781225887346,232.621
food,red-meat,1.9584746759239304,55.606
transport,car-gasoline,379.39455104313333,71.622
food,other,0.9444958464131219,2.967
consumption,services,8632.07207195558,85.993
consumption,other,9211.635529092406,185.853
consumption,home-goods,2603.436698956517,77.715
energy,coal,957.9546383392578,1006.385
consumption,home-goods,2690.000340059713,82.082
food,vegetarian,0.5803271652898276,1.994
transport,walking,452.608272124156,0.531
energy,renewable,371.5836917626115,7.534
transport,train,244.26363703151964,9.069
food,vegan,2.1136045829587413,3.362
food,other,1.459687383585694,5.114
consumption,clothing,8784.549297226496,132.353
transport,walking,234.7865149099924,-0.961
food,vegetarian,2.4148954282637933,6.967
consumption,other,570.4424322290449,10.651
food,vegetarian,0.9309047897134375,1.811
food,white-meat,1.595952242852329,10.524
transport,bicycle,76.65370832730754,-0.195
energy,electricity-grid,692.2181165929424,489.785
transport,car-gasoline,309.252509811874,59.045
food,white-meat,1.8074682704792742,12.552
consumption,electronics,3457.8749304309667,241.87
food,red-meat,1.674724770103599,44.503
consumption,services,1235.6126031276249,11.969
consumption,services,1395.6362884479895,13.709
energy,renewable,343.397673175257,7.501
energy,natural_gas,400.74532181727454,179.093
transport,flight-short,246.14254661651034,63.31
consumption,home-goods,9934.530090346549,296.228
transport,flight-long,82.39743681768965,11.792
transport,car-electric,64.88001653651473,3.89
food,vegetarian,1.8953537335073558,3.043
transport,bus,235.0024788769671,24.581
energy,natural_gas,921.679998057779,415.811
energy,coal,319.5584069219753,335.298
transport,bicycle,56.70670689826842,-1.993
food,red-meat,2.1054485298757877,56.043
energy,renewable,207.9063600760373,5.158
transport,flight-short,448.93650470418294,115.352
energy,electricity-grid,362.8842056017956,258.242
food,fish,1.1733646976527607,7.213
food,white-meat,2.2766681148570878,17.408
consumption,clothing,7115.9117314971545,106.04
energy,renewable,938.4266501750691,19.111
food,white-meat,2.8859465005522327,19.266
energy,renewable,504.42507871652,8.965
transport,walking,129.5318124665017,0.803
energy,coal,442.0771778143542,461.642
energy,coal,299.2901675320043,315.718
transport,bus,24.627638686092876,2.94
energy,renewable,170.07834984545164,2.088
consumption,services,7505.43908746504,75.291
food,white-meat,1.3168901181075772,8.984
consumption,other,5260.798943399525,105.738
consumption,electronics,155.14287160570723,10.244
energy,electricity-grid,424.2664884818366,298.887
food,fish,2.9478830993787213,15.091
energy,electricity-grid,284.6334822647662,200.717
transport,bus,409.2367825873396,42.149
consumption,other,2062.0401202167845,43.373
consumption,electronics,4369.06012225935,306.503
food,vegan,1.7205483979980962,3.885
transport,bus,67.86534192162968,6.69
transport,train,429.04266770401273,17.633
consumption,electronics,1021.2194823855897,70.788
consumption,electronics,4095.0562231757804,286.248
transport,bus,212.10314475171538,21.324
food,vegan,1.4725783851692773,2.012
energy,renewable,912.1557772805002,19.16
food,other,1.5569558514140098,4.534
consumption,home-goods,5194.296502672824,156.278
food,vegan,2.394615732331178,4.23
food,fish,2.8393824286788374,14.694
energy,renewable,129.2440261340341,4.757
transport,flight-long,149.6807570502212,22.438
energy,natural_gas,616.9712502331752,277.513
energy,electricity-grid,608.711081998667,430.889
food,fish,2.3807774266836397,11.88
consumption,electronics,6523.219171537994,454.289
food,red-meat,2.909419124855772,78.456
energy,natural_gas,742.3504999656863,334.868
transport,motorcycle,445.4486192071299,50.017
consumption,clothing,6929.295129889435,103.477
food,vegetarian,2.2293642815272516,5.482
consumption,services,2321.7857292795798,22.752
transport,motorcycle,327.2653565184965,36.174
energy,natural_gas,850.5124248701926,382.014
energy,electricity-grid,993.3964888603291,702.474
food,white-meat,0.9282065907303784,6.905
transport,train,11.798023147636707,1.243
transport,walking,334.8365013400398,-0.788
energy,coal,213.9239672021486,224.657
consumption,clothing,2806.046275102732,41.712
food,white-meat,2.0971943910655018,12.474
transport,bus,9.156985952860136,0.574
consumption,other,812.2059823214149,15.439
food,vegetarian,0.5084471170210307,2.575
energy,coal,833.9754995639889,876.91
food,fish,2.055494115700333,8.463
transport,bicycle,335.16091965480547,0.402
energy,natural_gas,532.4406859583358,238.747
consumption,electronics,5153.650393523265,359.001
consumption,clothing,5740.85635594967,88.769
transport,flight-short,413.1058471001171,106.247
transport,bus,201.42094342880887,20.206
transport,bus,312.5758432486094,32.68
food,red-meat,1.4938058227680395,42.351
food,vegan,2.8149788347996383,4.919
transport,flight-long,356.868970109913,52.514
transport,bicycle,328.12354051125703,-0.759
consumption,other,6337.302238408451,125.925
transport,flight-short,160.33984492242408,41.056
consumption,other,2368.3548735995137,46.231
energy,electricity-grid,785.7059417810543,554.776
food,red-meat,1.7474681594369998,47.117
energy,natural_gas,653.1652056302864,293.569
food,white-meat,0.9441397696320972,5.011
energy,renewable,356.8752772520807,6.763
consumption,home-goods,3508.264597559325,105.292
food,vegetarian,1.501113066129712,2.645
energy,renewable,626.7379801321814,11.654
energy,coal,92.74147454730526,96.283
consumption,services,8651.54519099739,86.903
consumption,clothing,457.9093105507346,6.577
consumption,home-goods,398.2384705766574,12.937
consumption,clothing,4729.784378632434,71.651
energy,electricity-grid,829.498132602035,589.0
food,red-meat,1.3143996348197438,35.486
energy,natural_gas,167.25376533693006,75.487
food,white-meat,2.6660378238120606,17.138
transport,flight-short,185.07342656462882,47.376
food,red-meat,2.5703129796422526,70.178
energy,coal,741.0768402741832,778.402
food,vegan,0.6368490897748422,1.502
food,white-meat,1.7714448046717877,13.551
energy,renewable,736.2112545214992,15.328
transport,car-electric,45.551257063295544,2.34
energy,coal,95.37165182029489,99.604
energy,renewable,919.3579339715494,17.379
food,red-meat,2.264008853410854,62.417
energy,renewable,460.3342192615864,8.478
food,vegan,0.5661362637010604,0.901
food,fish,2.846500789486819,14.644
energy,coal,844.4892156501384,886.107
energy,renewable,186.9460222137314,5.074
consumption,clothing,3595.9264371177924,53.614
transport,bicycle,264.4889075191097,0.098
energy,coal,814.8397961434565,856.161
transport,car-electric,452.25087562164947,23.494
transport,train,115.28351456660933,3.24
consumption,services,7898.303651935527,78.291
consumption,other,2094.070785656116,41.408
transport,walking,267.87426430662896,-0.397
energy,natural_gas,416.3731126756759,187.163
consumption,home-goods,3745.0620388516863,112.261
transport,flight-long,353.01898498546217,52.143
energy,natural_gas,394.9464523012287,178.525
transport,bus,469.4591589666759,50.749
food,vegan,1.2380706238886594,1.471
transport,walking,399.3028648566823,-0.641
energy,coal,187.33530793710983,195.725
transport,bicycle,296.0756223678135,-0.149
food,fish,2.3454214642415456,11.783
energy,electricity-grid,73.42609541104949,51.852
transport,car-electric,479.88492033789294,24.933
consumption,home-goods,6618.717784387221,199.218
energy,coal,398.85815274785455,419.57
transport,flight-long,430.28334514245995,64.545
energy,electricity-grid,76.66390565116225,54.642
energy,renewable,609.1932904059977,12.013
food,vegan,2.0380687474141768,2.436
food,fish,0.8238165247508809,4.681
energy,natural_gas,341.96793124940353,154.551
energy,renewable,594.5651985217718,11.253
consumption,electronics,6874.430929552829,482.027
transport,walking,493.6849055754065,0.925
energy,coal,997.3688153681541,1048.515
energy,coal,538.577010369027,563.616
energy,renewable,531.8669086893259,8.402
consumption,services,9271.548391988545,93.947
consumption,services,7196.988225406917,71.935
energy,coal,625.1820508755272,654.139
consumption,clothing,1171.4812433516443,17.544
food,vegan,0.9859226831653418,1.066
consumption,home-goods,8352.777075610242,251.188
food,vegetarian,1.5730269488542494,2.841
transport,car-gasoline,469.6595189800553,90.747
food,red-meat,2.551563982667987,68.509
food,red-meat,1.0926037722967001,29.173
consumption,home-goods,7304.577671769018,218.526
consumption,services,2485.876726277149,23.409
energy,electricity-grid,301.78609328474846,213.639
energy,coal,695.1921987214728,728.958
consumption,electronics,6241.799189584534,437.655
consumption,home-goods,4058.5141045435353,121.692
energy,coal,527.4592321081016,552.756
energy,coal,4.369570607004952,3.631
consumption,home-goods,5924.944548206662,180.102
food,red-meat,2.036561956698539,54.122
energy,coal,784.5795814957249,824.66
energy,renewable,587.1658671263742,10.464
consumption,electronics,7090.007971666003,496.223
food,fish,0.7981122782981529,6.445
transport,bicycle,469.2697215364069,-0.096
consumption,other,2365.4465938692715,46.331
food,vegan,2.482776687570552,4.092
consumption,other,6549.651124628109,133.529
consumption,electronics,7395.257161356382,516.972
transport,flight-long,269.3285528208173,40.24
food,red-meat,1.17736868708069,32.234
energy,electricity-grid,405.93698144951367,288.928
energy,natural_gas,359.8144142908773,161.413
energy,renewable,571.406674845701,9.088
transport,car-electric,375.5939200258722,18.632
energy,natural_gas,540.4615615522699,243.646
food,other,2.0302739437521455,6.301
food,white-meat,1.053671457579675,7.049
transport,flight-long,208.94283837155146,32.887
food,other,0.8828702091593936,3.751
consumption,clothing,6564.025011693668,99.446
food,other,1.3717930371425382,3.999
energy,electricity-grid,666.9488413627153,472.819
energy,renewable,657.2472018537968,13.456
transport,motorcycle,227.51608900725998,25.109
energy,coal,718.1964873210155,753.98
energy,electricity-grid,347.62202937164847,245.887
food,other,2.8566493577652157,8.228
transport,car-electric,57.25590681015144,4.257
food,vegetarian,1.3120570378479743,3.389
food,white-meat,1.1402677290015648,7.999
transport,train,467.60835793388657,20.2
transport,bus,307.70653494179754,32.702
transport,motorcycle,324.7753160185629,36.468
transport,flight-long,284.79524288243175,40.554
energy,renewable,141.9086405595903,1.228
food,red-meat,1.2782494320475222,36.096
transport,train,449.7401174756302,19.004
transport,bicycle,355.8003360835198,0.758
energy,renewable,206.07507626308097,3.904
transport,car-electric,325.4279541485085,16.762
consumption,services,7618.446998801355,76.677
energy,coal,170.41641481989268,178.931
transport,flight-short,344.67644844555554,89.025
food,fish,1.368362607350043,8.627
food,vegetarian,1.0429112898911057,1.976
transport,flight-short,170.2436299301199,45.933
transport,car-electric,205.5304613174143,11.641
transport,flight-short,200.94652136479831,51.706
food,white-meat,1.5975249779990235,10.838
consumption,clothing,5658.990911498797,83.6
energy,natural_gas,651.7489583422158,292.12
food,other,1.6483659283183534,2.956
food,vegetarian,2.375210187371655,4.781
transport,car-electric,175.2831880179718,9.516
food,fish,1.7506612686936547,8.949
energy,renewable,588.3862741219782,11.065
energy,renewable,890.9210824194893,16.285
consumption,clothing,1422.333748148848,21.313
consumption,electronics,4926.782170299136,344.956
transport,car-gasoline,313.2589381258975,59.33
energy,electricity-grid,462.3115310069801,326.512
transport,train,170.58151485975358,5.235
energy,coal,444.86695420126864,467.977
consumption,other,6210.6422453939085,123.797
food,vegetarian,1.5342156593475096,3.176
transport,motorcycle,144.58550976314768,15.849
energy,renewable,135.7115161562051,0.861
transport,car-gasoline,486.78008460321115,94.56
energy,renewable,742.4796136886862,12.855
food,vegan,1.9733459448763695,2.531
energy,natural_gas,238.28551880622075,106.59
energy,natural_gas,491.99981095726304,221.066
transport,flight-long,472.98091516152965,70.171
energy,natural_gas,212.45915617749873,95.831
energy,natural_gas,190.98795738846854,86.377
transport,motorcycle,222.07696426944972,23.662
energy,renewable,600.3443471130661,12.88
energy,natural_gas,584.6344026715108,262.684
consumption,electronics,8563.464433449977,599.345
energy,coal,835.1390992915253,876.529
energy,coal,870.2728625461855,913.44
transport,car-gasoline,372.79123468115273,69.795
food,other,2.2893600975011683,7.483
transport,bus,37.78119951744966,5.288
consumption,electronics,1111.4898549432646,77.854
food,fish,1.9208681269956172,10.092
consumption,clothing,9602.323748940862,144.493
consumption,electronics,341.472364803438,23.188
energy,natural_gas,380.5761690222611,171.215
transport,bus,168.22700908141616,17.884
transport,flight-long,396.21758476212744,57.999
transport,bicycle,245.280231504983,-0.66
consumption,clothing,6546.435649157214,98.529
energy,natural_gas,652.8737908155141,293.289
consumption,electronics,2141.3417810343603,149.199
food,vegetarian,2.375781095949299,2.586
food,white-meat,1.9611748291115325,14.413
consumption,electronics,1542.6926498091277,106.803
transport,flight-long,19.57906985305281,3.152
food,fish,2.2386328084712215,12.282
energy,natural_gas,797.2868714936545,357.854
transport,car-electric,379.0059700722894,19.424
transport,flight-long,493.80528502774865,74.687
energy,electricity-grid,820.6788787860745,582.109
energy,natural_gas,436.10070717574735,195.856
transport,flight-long,314.69110549182034,47.146
consumption,home-goods,2714.1290721184396,81.527
food,vegetarian,2.9117138911171043,5.269
energy,coal,778.6898715752699,816.861
energy,electricity-grid,557.1389751500324,393.636
transport,motorcycle,378.63312368229015,40.845
transport,motorcycle,286.4193599866623,31.854
consumption,services,2849.318931154086,29.38
food,other,2.2253283698422304,7.613
food,red-meat,1.734423728431654,46.565
food,other,1.6798448213911468,5.436
food,other,1.855424776114287,6.528
transport,car-gasoline,389.48915013069933,74.451
consumption,electronics,512.1657319933274,33.823
consumption,home-goods,4009.7057456288926,119.592
consumption,services,8262.873653859417,81.463
transport,train,464.60638650601356,18.233
consumption,services,8111.0296660031445,79.996
food,other,2.7652689996546846,9.037
consumption,services,5391.278241847701,52.929
transport,car-electric,80.35354025244685,2.704
transport,walking,75.1451263830797,0.953
transport,bus,226.47747390198597,23.799
energy,renewable,479.2229802084598,9.57
energy,natural_gas,785.5093720559505,352.477
energy,natural_gas,975.8560578929245,440.495
food,other,1.9143197783607309,6.442
food,fish,1.2554775673201297,4.728
energy,coal,253.45515184941578,266.322
consumption,services,3912.400960404507,37.732
energy,renewable,834.4041912109993,16.995
energy,natural_gas,649.9313636732212,292.454
transport,motorcycle,327.0166222849866,34.539
energy,coal,158.2955042326568,168.402
energy,renewable,909.659374401243,16.452
transport,train,342.1986475641244,13.631
food,white-meat,2.7738464247834718,20.3
food,vegan,0.614440848571814,2.283
transport,flight-long,338.65770907727574,50.989
transport,car-gasoline,174.9735946995031,33.872
food,vegan,2.67658087182998,3.426
consumption,clothing,1806.187164054654,26.733
consumption,other,2672.0383527131335,52.918
transport,motorcycle,273.1135188017072,28.648
energy,electricity-grid,891.2255577789227,630.028
energy,natural_gas,951.821511125223,428.582
transport,motorcycle,309.11083361848245,32.743
consumption,other,9456.3134378425,189.42
energy,natural_gas,903.1100261289243,405.423
energy,coal,555.5301652223469,584.282
food,other,2.830325183252909,10.174
energy,natural_gas,604.7571134862435,271.798
transport,car-gasoline,100.9797916977217,17.131
consumption,clothing,8536.68396488235,129.657
transport,bicycle,201.76080212257193,-0.802
consumption,clothing,3280.241530538566,50.55
consumption,home-goods,7500.911094672334,226.061
consumption,services,6601.334164761296,64.576
consumption,electronics,7832.830658662203,548.395
consumption,other,3407.8732156148967,68.705
energy,natural_gas,734.9198433552109,330.908
energy,natural_gas,172.46338239795764,78.251
consumption,other,5343.745133992231,107.334
consumption,services,7167.838368495538,70.578
food,vegan,1.965960055232246,4.123
energy,natural_gas,795.5300286541798,358.503
food,red-meat,0.8388622090287872,23.228
consumption,services,2349.4099585209538,24.272
consumption,clothing,1017.9496150512788,16.07
transport,car-electric,157.34895858411159,6.658
energy,natural_gas,388.5426071172172,174.565
energy,electricity-grid,682.5184053272613,483.608
energy,coal,796.7943454612467,836.693
energy,coal,322.6611041968398,336.812
energy,renewable,496.1687179146222,9.354
consumption,clothing,9829.24355279341,147.987
transport,walking,392.07745635951227,1.096
transport,bicycle,12.432119885688516,-0.16
food,red-meat,1.894980787233631,49.561
energy,electricity-grid,765.4044400488547,542.726
consumption,home-goods,7331.131649615524,220.762
energy,natural_gas,522.7671838378608,236.089
energy,coal,17.020363630615122,16.845
energy,coal,755.7435696280904,793.701
transport,bus,479.54521336075436,50.721
consumption,electronics,5856.1190112158365,409.94
energy,renewable,843.6390103214715,15.542
consumption,clothing,3777.798261949947,55.896
energy,renewable,390.89881173849443,6.569
energy,renewable,57.658423143943295,1.939
transport,train,378.3911670063365,13.886
energy,coal,202.73892364747059,211.106
transport,motorcycle,457.6554768912383,49.934
energy,coal,457.3785948825779,478.74
transport,flight-short,436.7064844040304,110.187
food,other,1.1284350182260345,4.69
food,other,2.0420959419606053,5.806
energy,electricity-grid,459.77815397272684,324.317
transport,train,205.8820640857005,9.969
energy,coal,338.7514321087601,354.821
consumption,home-goods,8687.57603812626,258.412
energy,electricity-grid,590.9192990018184,418.847
transport,car-electric,389.55865778218373,17.46
transport,walking,306.0540458981235,1.323
consumption,clothing,7495.339975252705,112.429
consumption,electronics,826.2860550573287,58.491
consumption,clothing,2502.021093896873,37.592
transport,flight-long,146.14898638986546,21.195
food,white-meat,2.5148234153986637,16.475
food,white-meat,2.2389629357588605,14.393
food,vegetarian,2.206746261939592,2.877
consumption,electronics,1610.4953139688116,111.169
transport,motorcycle,47.501204200184105,6.34
energy,renewable,22.620152813627442,0.158
consumption,other,794.2266475695461,15.069
food,fish,0.6080498431373931,3.914
food,vegan,1.4518957267954584,3.066
consumption,other,5833.557282271964,116.254
food,fish,2.5411201051914287,12.374
food,other,2.4212502684069444,8.728
energy,natural_gas,17.36052957199986,8.075
food,fish,1.7114702079940451,9.883
energy,natural_gas,354.6177762308849,158.63
consumption,electronics,3828.4581187621197,269.062
food,white-meat,0.8750604486162847,4.551
food,vegan,2.0436299548607906,3.09
energy,coal,311.39351449919917,327.526
consumption,home-goods,6747.477357984045,202.524
consumption,electronics,8870.038750786136,621.981
consumption,other,4300.452565963299,85.011
transport,train,185.13833497362677,5.849
consumption,electronics,1208.8043514717394,85.691
transport,bicycle,220.7161749002009,-0.18
food,other,1.149035246684801,5.791
energy,electricity-grid,241.71109059430586,170.099
consumption,other,3239.8436946177526,64.65
consumption,services,5566.82951727306,54.737
energy,natural_gas,109.37277630884927,51.236
food,white-meat,2.3753870594873043,14.939
energy,natural_gas,409.9336208651157,185.507
energy,natural_gas,634.0760336796878,286.804
food,vegetarian,0.5657119308440177,-0.392
food,white-meat,2.3963880711669776,18.587
energy,electricity-grid,991.8826701376287,702.878
transport,walking,246.03136606441626,-1.068
transport,walking,473.4480985858544,-0.363
food,white-meat,2.0993692800941988,15.826
energy,natural_gas,1.2522020360715418,0.707
food,vegetarian,2.367120303240295,5.663
energy,natural_gas,524.3877650276928,235.997
consumption,home-goods,3986.0420135651625,119.043
food,other,2.3109601708226295,6.498
food,red-meat,1.8105850947082212,49.651
food,white-meat,1.057787396346667,6.763
transport,car-gasoline,49.25854048494744,6.997
food,other,2.063492982917033,4.891
transport,train,326.9122044745383,15.349
consumption,home-goods,9875.19333875277,295.446
transport,flight-long,146.21239039520316,21.291
food,white-meat,1.8791989093815986,12.258
transport,walking,499.3252945821761,0.111
energy,electricity-grid,526.3670756104208,371.241
transport,train,129.3496256970626,4.12
consumption,clothing,6989.006237613693,104.229
food,vegetarian,1.1370445449119044,1.556
food,vegetarian,1.374521871717986,3.572
energy,natural_gas,142.8598169855936,65.2
consumption,home-goods,4529.555830345439,136.259
energy,coal,361.9004673413245,381.364
transport,car-electric,406.365167006099,19.92
energy,renewable,715.7616515589915,16.644
food,red-meat,2.6526023363157454,71.164
consumption,services,1797.6561337617206,18.447
transport,flight-short,470.56889152591987,119.698
energy,electricity-grid,511.9313910837054,362.334
transport,train,13.362289340257488,0.563
food,fish,0.8641144900662443,4.757
food,white-meat,2.0690617523076327,15.177
energy,natural_gas,718.6418586954672,324.413
transport,car-electric,499.57563382255074,23.203
food,vegetarian,2.0359540993918843,5.96
energy,electricity-grid,29.835974618572724,19.898
energy,renewable,930.5503387602871,17.896
energy,electricity-grid,269.60597449217335,191.098
food,vegan,1.242727421950802,3.18
consumption,clothing,7189.491791950639,110.115
consumption,services,7831.54198964569,78.824
energy,natural_gas,683.5251012380389,307.002
energy,renewable,667.3345311481838,14.926
transport,bicycle,187.54620289676052,0.506
energy,natural_gas,502.7996032592818,226.887
food,vegetarian,2.121982788967919,3.414
energy,renewable,926.8657019148919,16.846
food,red-meat,2.230187729770525,59.893
food,other,1.3914387482071815,4.794
consumption,other,8153.514492437562,161.76
energy,natural_gas,48.68605588907732,22.076
consumption,services,573.239259133052,7.193
transport,bicycle,429.7317631652274,0.001
transport,car-electric,215.17930886829197,11.611
food,fish,0.9933535454782232,4.841
energy,electricity-grid,874.8965911408327,620.643
food,vegan,2.5160416850469773,3.091
food,white-meat,1.723382813518963,10.541
transport,walking,122.15633399930853,-0.172
energy,electricity-grid,661.4521279032487,470.076
transport,car-gasoline,177.6015015168505,33.31
transport,car-electric,340.2416900998935,18.148
transport,car-electric,185.03164156624638,9.911
transport,car-electric,489.39520939312825,23.546
food,other,0.7598383074307555,2.753
transport,bus,218.2634174755882,22.829
food,white-meat,1.7461046010874859,14.673
food,vegan,2.0327689898889743,2.88
food,red-meat,2.888677476237911,77.464
transport,flight-short,353.22516838723186,90.169
consumption,other,2846.490993179494,56.514
energy,coal,507.1704999299903,532.32
transport,car-gasoline,414.2261461248854,79.844
transport,car-gasoline,87.85150457115232,17.106
consumption,electronics,9452.968079475626,662.984
transport,motorcycle,259.6470627179059,28.63
transport,car-gasoline,203.9334118642326,39.925
food,other,1.5249532983907068,7.81
consumption,other,7897.659751995548,158.258
consumption,other,828.1462862653924,16.688
consumption,electronics,1111.8139700903366,80.024
consumption,home-goods,8393.100126970188,252.995
consumption,clothing,1355.2917840119464,22.037
consumption,clothing,8560.709303402045,129.327
energy,coal,850.6018210888964,893.679
energy,natural_gas,678.9483779832636,306.252
consumption,clothing,3790.8129665054716,57.019
energy,coal,993.9180762435503,1043.683
transport,bus,18.147151579213677,1.362
food,red-meat,1.2802297897677053,35.392
consumption,electronics,3958.358578149802,277.11
energy,renewable,46.32605085154936,1.941
transport,bus,36.01080616928422,4.255
food,fish,1.9022341095097766,8.059
food,vegetarian,2.525831268939589,4.701
transport,walking,406.41551925115306,-1.085
consumption,other,5930.449592905241,116.251
energy,renewable,560.6323616799991,12.492
energy,renewable,230.86070124799954,5.106
energy,renewable,830.2353068235835,18.989
consumption,services,6635.20143229713,66.16
energy,coal,862.7266521000223,905.263
transport,flight-short,293.414861948005,74.602
food,vegan,2.744035020855963,2.411
food,vegan,2.8819147428833327,4.778
food,white-meat,1.7205249456912295,12.041
energy,electricity-grid,332.16078098162797,234.197
food,white-meat,2.31753113674931,16.457
energy,natural_gas,924.8611238042996,415.666
consumption,home-goods,3453.087308529808,102.846
food,red-meat,1.2104070142621854,32.525
consumption,services,3718.803852494141,38.875
energy,renewable,447.96404283270823,7.977
energy,electricity-grid,443.8378952503069,314.576
food,vegetarian,0.8366473165604631,2.264
food,other,0.6970167451135185,3.434
transport,walking,479.1845284440924,0.231
consumption,services,9783.325502384676,97.163
transport,car-electric,82.21180478340793,4.331
food,vegan,2.019699109683887,2.861
food,fish,2.1545539949727672,11.514
consumption,services,2407.71580775216,25.006
consumption,home-goods,9705.653919899294,294.487
consumption,home-goods,8267.261437551548,248.762
food,other,0.7487485356415392,3.381
consumption,services,9543.673889868902,96.045
transport,motorcycle,4.76300526528334,-0.528
energy,renewable,967.1540570764928,18.365
food,red-meat,1.678237071333292,44.427
consumption,services,6529.733720673327,65.402
energy,renewable,336.96024472848785,7.047
food,white-meat,1.9775599704883045,12.22
transport,walking,447.05099159837357,-0.181
transport,car-electric,466.47319547015815,24.401
consumption,home-goods,9286.041197058852,279.048
consumption,electronics,6724.4320055712005,471.98
energy,electricity-grid,747.7807915422752,529.134
energy,coal,757.3667001532323,796.203
consumption,services,3359.331039739876,33.826
transport,train,305.80848963588187,11.646
food,white-meat,1.8659212275653434,12.366
consumption,home-goods,7857.00167351138,236.575
transport,bicycle,120.48795222866548,1.769
transport,flight-long,255.37506707602546,38.655
food,other,1.0381719350821497,2.669
food,vegan,1.9269219914647535,3.125
energy,natural_gas,526.6566272947555,237.211
consumption,services,359.5304126647905,2.52
consumption,clothing,891.099522171045,14.117
consumption,other,2280.8876314779895,45.565
transport,flight-long,12.994810636538027,2.454
consumption,services,54.21012917351602,0.627
food,vegetarian,0.6122210289427203,1.606
transport,train,177.01976124602896,7.623
consumption,other,5420.7564764166755,107.839
energy,coal,944.9637780631638,990.416
energy,coal,731.5029107856423,769.246
consumption,clothing,5315.285809159403,80.959
transport,flight-long,45.72763786559306,6.999
transport,car-electric,430.8625127807697,21.598
food,white-meat,2.1127641914659794,16.891
consumption,clothing,434.70069247209443,6.519
transport,train,307.9724994806628,12.077
consumption,electronics,8295.514675327819,580.633
consumption,electronics,6325.337523707548,443.657
transport,bus,199.77930566098863,20.816
energy,natural_gas,291.4141510484777,129.4
consumption,other,2266.928081882837,45.677
consumption,clothing,1719.9236375798512,26.479
food,fish,1.326847858914913,7.725
consumption,other,2268.6258741374295,43.992
food,vegan,2.8803096953271767,4.946
energy,natural_gas,699.2036693222489,315.28
food,other,2.8963850198738204,9.559
consumption,services,6381.211584599604,64.252
transport,bus,117.85017441212457,13.278
energy,natural_gas,148.15404436618113,63.587
food,fish,2.028021632038856,10.744
food,fish,1.3350366768941355,7.199
food,other,1.236076944873636,4.832
energy,coal,634.402936440195,666.913
transport,flight-short,485.5210448805584,123.977
energy,natural_gas,971.942215995559,436.849
food,white-meat,1.0959811054725246,8.323
food,other,1.5015273094933588,5.553
food,vegan,2.2465255551360714,3.931
transport,bicycle,487.6744697862901,-0.578
energy,renewable,223.09589100501208,6.597
food,fish,1.522973436799497,7.23
transport,car-gasoline,176.88987907143286,33.441
food,vegan,0.8715603261747624,0.43
energy,electricity-grid,98.84042701747309,69.769
food,white-meat,1.9165042938512238,12.635
consumption,services,1027.1784460361928,11.89
food,red-meat,1.7862554121427299,49.915
energy,coal,751.0388852735596,788.367
food,red-meat,2.0551487732052705,55.724
food,white-meat,0.8312473906657165,5.23
consumption,electronics,2426.655802350591,168.99
energy,renewable,841.3849983497221,16.027
consumption,other,1407.6886267910622,29.521
food,white-meat,0.7276658899686814,5.334
consumption,other,7300.657022329758,146.781
food,vegan,1.0395279660466454,2.3
food,vegetarian,2.4403249315359967,2.952
energy,renewable,506.30487283619533,10.492
energy,natural_gas,10.762459188061767,5.448
energy,renewable,181.46308949147027,4.16
energy,natural_gas,427.1987481029181,192.991
food,vegan,0.5576319586130253,-1.054
consumption,electronics,8108.321777771822,568.401
consumption,services,7528.624480905896,76.076
food,white-meat,2.746767073936983,18.396
transport,bicycle,160.28630690774898,-0.865
consumption,home-goods,8437.259366778751,251.323
food,other,1.4041622563402374,5.429
consumption,other,7164.56682350495,142.886
transport,walking,130.59584092909873,1.578
consumption,home-goods,4362.411762849812,131.196
consumption,electronics,6171.928145418697,432.032
energy,natural_gas,467.13965966025586,210.48
transport,train,19.357669442696558,-0.584
energy,coal,129.1268570082971,135.192
consumption,electronics,944.086284100466,63.824
energy,coal,60.61198402681416,64.104
food,other,1.2060108221146608,3.103
consumption,other,5974.726818119501,119.527
consumption,clothing,7266.840226629969,110.538
transport,car-electric,304.6370521952448,15.017
energy,coal,4.54544287290654,5.639
food,vegan,0.5744297685178299,2.271
energy,coal,270.36652905145934,283.904
consumption,home-goods,2733.6841906212617,82.707
consumption,other,9056.082054699647,182.593
consumption,other,2671.6596025718854,54.341
transport,car-gasoline,344.0008189732078,67.138
transport,flight-long,220.44448344018366,34.033
food,white-meat,2.45260780269242,18.347
consumption,electronics,6575.552156793183,459.809
consumption,electronics,8195.343039309326,572.961
consumption,home-goods,6400.410851284014,190.539
energy,coal,191.99185605821896,201.943
food,fish,2.9166816667632327,13.698
consumption,electronics,3279.4146283419896,230.188
energy,electricity-grid,682.0167716127518,483.668
transport,bicycle,240.49829023819305,-0.587
energy,natural_gas,242.92995092422981,110.265
energy,coal,501.4958397755834,527.392
food,vegan,2.429765608500223,3.191
consumption,clothing,2389.7979215837495,38.159
transport,car-electric,439.43217680697865,21.528
energy,coal,380.2140501786174,400.592
food,vegetarian,2.9511222465909817,6.924
food,white-meat,2.4085445355516795,17.441
consumption,electronics,6734.138627304187,471.297
consumption,services,4742.291311268568,45.554
consumption,other,3819.8796765347865,77.441
consumption,home-goods,5327.586345355264,157.718
food,vegan,1.3786369232142943,1.144
consumption,electronics,8721.843039312242,610.898
consumption,clothing,3209.117911565962,47.011
transport,motorcycle,140.1565536466203,15.431
food,white-meat,1.197126325216912,9.027
consumption,home-goods,7484.54170500141,223.921
food,red-meat,2.2343151536561052,59.967
consumption,services,4538.842000035447,45.141
food,red-meat,0.6814741079227966,18.412
food,white-meat,1.2962407831596965,8.731
energy,coal,946.6851142193724,993.38
energy,natural_gas,146.59543469810376,65.808
transport,flight-long,34.64450923563716,7.504
food,vegan,0.547815876559326,0.078
food,other,1.4177894183513382,3.566
energy,electricity-grid,389.07517896838556,276.563
transport,bus,11.903837226681594,2.068
consumption,other,1496.9574479996263,29.645
food,fish,2.730577149872179,13.125
transport,flight-long,151.47046263114382,23.177
consumption,clothing,8512.540713563043,124.915
energy,renewable,479.9667825082688,11.67
energy,coal,241.3082993663724,253.751
energy,coal,609.951261082905,640.246
energy,natural_gas,506.0361817063097,226.818
transport,car-electric,70.87281904547291,4.077
consumption,other,798.8131330166477,17.953
energy,natural_gas,739.5968597001048,333.345
transport,bus,466.3758915679965,51.665
energy,natural_gas,410.56974616068027,183.807
energy,renewable,185.99076290621406,5.436
energy,renewable,884.0344780378441,18.104
energy,coal,643.5182897121783,674.986
transport,train,447.8116149754428,16.007
food,red-meat,2.8802538392760555,76.749
consumption,other,1351.4511588415312,26.207
energy,renewable,89.76263358635939,4.172
transport,car-gasoline,428.63491904997653,82.112
transport,motorcycle,206.41374760401408,22.467
food,vegan,2.8032160292002684,3.326
consumption,home-goods,3584.593397438501,108.006
food,vegetarian,2.102380549620439,3.355
transport,motorcycle,471.38042709335247,50.676
consumption,services,8993.170375622845,90.078
food,red-meat,2.4522881303863153,65.284
food,white-meat,2.469002866154111,17.229
energy,natural_gas,57.83055091779292,26.153
consumption,electronics,3720.534538029906,260.195
transport,motorcycle,366.6602002098328,41.307
food,fish,2.8680078730264205,14.932
consumption,other,2544.0872453790976,50.874
transport,walking,420.4597106295684,1.155
consumption,electronics,3661.278792147675,256.77
energy,renewable,170.0466842393518,3.884
consumption,clothing,1507.7082380289148,21.925
transport,flight-long,228.04580764545827,34.979
food,vegetarian,1.9497345768732024,2.501
food,red-meat,1.7372141027620875,48.311
energy,coal,608.9730162777695,638.91
food,white-meat,2.0222154577981764,14.595
energy,electricity-grid,250.37071750573227,176.618
transport,walking,317.40994074944496,-0.817
transport,bicycle,303.7771281933067,0.126
consumption,electronics,4549.271639900235,316.372
energy,natural_gas,50.0396611990416,22.166
transport,motorcycle,479.19094305257903,53.137
consumption,clothing,830.9996234457187,11.564
food,fish,1.2559962995724443,7.706
consumption,clothing,5700.5109556387815,85.092
energy,coal,62.345176557980565,65.916
energy,electricity-grid,81.99384123115148,58.032
consumption,clothing,9904.32256809728,149.432
food,red-meat,0.8177982296426213,25.366
transport,flight-long,285.17642742148485,43.472
transport,car-gasoline,356.484756674541,68.623
consumption,other,6840.381680894481,135.831
food,white-meat,2.066258268165241,14.315
food,vegan,2.264114840907533,1.582
consumption,electronics,9551.086235737126,668.678
transport,flight-short,387.22765314197005,98.974
energy,electricity-grid,288.6010404504626,204.075
consumption,electronics,9987.296382650253,699.848
energy,renewable,655.4538617439918,11.919
energy,coal,158.58592921264173,166.394
energy,renewable,942.7054603243182,17.907
food,other,2.0059104353186803,5.587
transport,bicycle,99.09670720339815,-0.109
consumption,services,2984.8760408293365,31.088
transport,flight-long,440.44977834233583,65.64
consumption,clothing,7938.395170924129,118.824
energy,renewable,132.7827437523122,2.845
energy,electricity-grid,642.1015109709498,452.483
food,vegan,0.8967567808958411,0.607
energy,renewable,402.0523664834683,7.889
transport,walking,255.04505786332646,0.571
consumption,services,4138.475486936451,43.104
consumption,electronics,6701.825127538831,468.71
consumption,services,7255.847935824693,73.549
consumption,services,7398.642554303889,74.605
energy,renewable,118.64622828434187,0.665
transport,flight-long,186.20537009380715,28.715
food,vegetarian,2.6036266832670334,6.068
consumption,services,7811.735659451741,78.755
food,other,2.540313934134885,7.61
transport,motorcycle,414.54338859851,44.737
transport,car-gasoline,358.94656573339387,68.331
food,other,0.5328334342748343,2.892
consumption,home-goods,5695.0322992109095,170.075
energy,renewable,18.59889063396619,-0.411
consumption,home-goods,2461.8588687062957,72.895
transport,walking,99.60568411403851,-0.385
transport,motorcycle,458.85299971672134,50.098
food,white-meat,2.9286926756756846,18.768
energy,coal,285.1359035798878,299.188
energy,natural_gas,879.369794034707,396.408
consumption,other,4742.366989154098,93.356
consumption,services,8163.315981158632,81.735
consumption,services,4335.202036250428,41.607
food,red-meat,2.285658657054622,61.124
energy,electricity-grid,653.636954514724,462.261
consumption,home-goods,4590.071555592406,136.331
transport,bicycle,110.23417513306697,-0.32
consumption,other,5480.026707536796,110.888
energy,natural_gas,859.1591362163975,384.699
consumption,home-goods,4741.787056403536,140.928
consumption,clothing,2315.759658231636,33.394
energy,natural_gas,809.1764152705173,364.062
consumption,clothing,4097.086752553549,61.564
consumption,electronics,9428.648432334228,659.487
transport,bus,347.37756406486466,35.641
energy,electricity-grid,576.3622292443782,406.911
consumption,other,3986.000251226432,81.465
energy,coal,103.80883088020205,108.806
consumption,other,1601.5695595846134,30.665
consumption,clothing,1234.7564573084655,18.048
consumption,services,7766.003542909152,76.702
food,other,0.7190895444568373,0.739
food,white-meat,0.8710253084565929,6.689
energy,renewable,105.799481962962,2.165
energy,renewable,57.94958805504268,2.243
consumption,other,9036.906345762105,180.717
food,vegan,1.4871024994125528,1.824
energy,natural_gas,578.9814951439208,259.277
food,vegan,2.024529144946754,2.895
food,vegan,0.7659103325679141,0.596
consumption,home-goods,2729.140148886227,80.642
food,red-meat,2.6298268728097356,70.266
transport,car-gasoline,84.11655879211862,17.011
food,red-meat,2.634239284952599,71.234
energy,natural_gas,130.76293347245667,60.478
consumption,home-goods,7880.248845493759,235.957
consumption,other,1090.9675129658235,23.906
transport,motorcycle,49.90970050651592,5.928
energy,coal,805.7678793619386,846.346
transport,car-gasoline,132.52366961249055,25.637
energy,electricity-grid,368.94818912049936,262.808
transport,flight-long,377.86302906877603,57.121
energy,renewable,961.2734691882968,19.047
transport,walking,109.88832549356079,-0.012
consumption,clothing,2655.412787513721,39.185
consumption,services,1524.368416778263,15.381
energy,coal,734.0962893020345,770.36
transport,walking,79.33221917019742,1.118
consumption,electronics,497.6849630184245,35.647
energy,electricity-grid,657.3887114458147,465.412
food,other,0.9253701205130994,1.652
consumption,home-goods,3242.2013457909597,97.062
transport,bus,10.144758104054121,0.277
energy,natural_gas,728.0978435047699,328.991
consumption,other,6935.705416773478,139.344
energy,electricity-grid,646.0449777810888,456.701
transport,walking,167.95426686731858,-2.427
energy,coal,357.39992251849657,374.978
consumption,home-goods,9908.083447616827,296.206
food,vegan,2.3643528413785067,3.896
energy,renewable,889.4007320498837,17.517
energy,renewable,62.98900158279732,-0.486
food,white-meat,2.892766382140081,19.778
food,fish,2.829202489052415,14.708
food,fish,2.0620929842400786,11.707
consumption,services,2684.4979630413986,28.491
consumption,services,4949.058889474032,47.858
energy,natural_gas,202.70321539467562,90.652
food,vegan,2.6113909392804007,5.095
consumption,home-goods,8500.123333671483,255.484
food,vegetarian,2.168496561402019,4.797
energy,renewable,426.10611315608236,7.139
food,vegetarian,2.7300639225749337,3.367
food,white-meat,2.9947733044757157,22.172
energy,coal,667.8612894059454,701.766
food,vegetarian,2.753021839604031,3.922
food,vegan,2.194184436920117,4.716
energy,coal,468.3084887210487,492.317
consumption,home-goods,9120.498176727015,273.877
transport,train,384.27262211472504,16.992
transport,flight-short,194.52318327706388,49.154
consumption,other,9884.747407160992,197.653
transport,motorcycle,152.397379259858,17.068
food,red-meat,1.7311765565805883,47.384
consumption,other,3827.283340806478,75.634
consumption,other,1162.806058174043,22.493
energy,coal,506.56782456824345,530.163
food,white-meat,0.6162962408626717,2.606
consumption,home-goods,4267.9302455019415,128.167
energy,renewable,724.4682542075008,14.729
energy,coal,763.4833269406588,801.861
energy,renewable,366.06045442194494,7.879
energy,coal,467.89132593430014,490.335
energy,natural_gas,495.597357543163,221.074
transport,motorcycle,75.16481533376789,6.792
transport,car-electric,32.47140867680133,1.348
energy,electricity-grid,834.3945945456002,590.073
transport,flight-long,311.0096162068491,48.462
consumption,electronics,1418.0588775738215,99.608
energy,electricity-grid,446.2471957373122,315.669
energy,renewable,926.11670350086,19.096
transport,car-gasoline,7.547940655255117,2.506
energy,coal,732.0082336120196,767.913
energy,renewable,783.4524831590843,15.054
consumption,other,5712.278296121233,116.103
consumption,home-goods,2963.4879082926045,89.382
consumption,services,9157.015890182702,91.788
consumption,clothing,3803.9929574938365,55.79
energy,electricity-grid,108.47112401114886,77.994
consumption,clothing,9884.137122680047,148.606
transport,bus,283.1776553837508,32.246
consumption,other,3711.5966314085554,73.11
consumption,home-goods,5628.397105202562,169.549
transport,walking,379.14883954143875,-0.58
consumption,services,6244.655977701923,64.394
energy,natural_gas,819.5504481164243,368.692
transport,bus,275.6179123832088,28.672
transport,flight-long,260.20442116835795,40.099
consumption,clothing,1711.192356759233,26.268
food,red-meat,1.0702194208681066,29.145
consumption,clothing,981.1741436540575,13.615
transport,flight-short,105.46470986795796,25.82
transport,walking,175.45126446973902,1.426
transport,bicycle,491.70041262210765,-0.198
consumption,clothing,8816.04620866365,132.133
energy,electricity-grid,994.5493481985135,702.816
transport,bicycle,463.319615967282,-0.244
energy,renewable,745.4540347935002,14.412
food,other,1.6170256356185027,4.662
consumption,services,7242.399087769773,71.884
food,white-meat,2.656095358444991,19.123
energy,electricity-grid,430.46196837052787,305.235
transport,car-gasoline,213.12629756355227,42.633
food,vegan,1.6798376319657822,2.872
consumption,services,9502.263921814401,93.501
energy,electricity-grid,156.40983171176154,110.787
energy,natural_gas,219.86025633186193,97.639
food,fish,0.8726055229380187,4.09
food,white-meat,2.881464953293548,19.761
transport,bicycle,44.76065787199235,1.156
food,vegetarian,0.6169428754752833,1.155
food,vegan,2.5716247749065015,1.735
food,vegan,2.759331339215481,3.322
energy,renewable,668.9389846745637,14.715
consumption,home-goods,3558.5351672750676,106.977
energy,coal,86.16449204029094,91.466
transport,bicycle,369.81232587548027,0.089
energy,renewable,448.68272901489297,8.256
consumption,services,7654.657956780303,76.224
transport,train,325.4394318869154,12.571
transport,bicycle,170.1239327678851,1.127
energy,electricity-grid,223.22372159210516,158.684
food,other,1.076621185463223,2.418
energy,electricity-grid,314.45320931214997,221.426
food,red-meat,2.360762414187988,65.19
transport,car-gasoline,480.03246921059997,91.456
food,white-meat,1.8600307284077746,13.486
transport,flight-short,234.62376411835479,60.412
food,red-meat,0.5756927533278153,16.22
transport,flight-long,398.86490723672495,59.139
consumption,electronics,639.7642283413732,46.658
food,vegan,1.650049419386874,3.538
transport,flight-long,64.91117598345475,11.098
transport,flight-short,315.4891673790693,79.659
consumption,clothing,1730.9937099432702,25.683
energy,renewable,320.68488087558677,7.363
consumption,clothing,7116.207493659864,106.279
energy,renewable,946.2500876646168,19.244
food,fish,2.122064691251535,12.01
consumption,services,2219.264160392789,22.234
transport,bicycle,103.14172196190766,0.555
consumption,other,2793.9375123051104,53.901
transport,motorcycle,268.75193187393364,29.555
consumption,services,451.34307595088376,3.646
consumption,electronics,5712.84850198879,398.806
consumption,services,5735.913229193383,57.398
food,vegetarian,2.122738184093553,4.457
transport,train,42.10135612933489,2.003
food,vegetarian,2.5113239993125016,6.091
consumption,clothing,9100.038328212258,137.067
energy,electricity-grid,962.823722319242,681.196
transport,bicycle,308.4279714457843,-0.315
consumption,home-goods,6005.108969814216,180.633
energy,electricity-grid,375.57276952142524,266.681
food,red-meat,2.0168692258138265,55.314
consumption,electronics,7790.961881269047,544.219
energy,natural_gas,242.79795278327055,109.012
transport,train,72.4349995203719,2.322
transport,car-electric,79.42424867288325,2.06
consumption,services,6653.94686257593,65.982
food,vegan,1.6718776510860351,1.869
energy,natural_gas,129.02682957856953,58.527
consumption,home-goods,3771.2937019046803,114.354
food,vegan,1.9208876149665517,2.608
transport,flight-long,259.21531127320947,38.043
food,vegan,1.5906678370110496,3.261
food,red-meat,1.9154777184935172,51.574
consumption,home-goods,6096.841340979407,181.025
food,vegan,2.7047274123702167,5.441
transport,bus,14.780412573872791,0.956
transport,flight-short,57.55370863840522,15.602
consumption,other,9976.287518603473,198.316
energy,natural_gas,526.4311421687727,237.74
transport,car-electric,200.2660856306664,10.175
consumption,home-goods,8182.755913559204,245.54
transport,walking,429.99224021416717,-0.451
consumption,other,6730.935650596606,133.266
consumption,other,5026.582112511315,100.478
consumption,services,4292.032309131442,44.345
energy,natural_gas,436.3924059859899,196.073
energy,coal,848.08982000087,889.41
energy,electricity-grid,594.8823642173812,421.533
food,vegan,0.9774222443981235,1.858
consumption,home-goods,6741.488124509189,200.261
consumption,services,8191.762303187925,81.397
food,other,1.2883133884503648,3.658
consumption,services,7088.0823439510095,71.194
consumption,clothing,9387.20880717535,140.451
transport,walking,123.2337246327314,0.131
energy,renewable,89.84630951071263,2.483
food,vegetarian,1.1637414095963392,2.078
transport,flight-short,452.6447110125537,116.365
consumption,other,5090.364654969232,102.69
consumption,home-goods,8370.121322637278,249.901
energy,renewable,525.2045311690947,8.82
consumption,other,6286.356144490183,125.314
consumption,other,5045.473586678066,100.992
food,red-meat,2.076086322501835,56.983
food,white-meat,1.2386758572187835,9.832
consumption,other,559.0371662528994,9.439
consumption,home-goods,3578.894380061343,107.218
food,vegan,0.8939758053911715,0.683
food,fish,1.3130632513286842,5.405
consumption,clothing,2197.786112613863,32.254
food,vegan,1.3282458511516828,2.902
energy,natural_gas,703.7597011257091,316.652
consumption,clothing,139.5833317380975,-0.347
food,red-meat,1.8267203526561095,47.803
consumption,other,7343.048193830466,148.513
consumption,home-goods,9485.849501209816,282.698
consumption,other,495.0218716188628,10.319
food,red-meat,2.89888353574975,77.734
consumption,electronics,9154.699005139299,641.149
transport,bicycle,371.19156318320955,-1.001
transport,bus,374.03555085573174,40.317
transport,flight-short,15.266015759917801,3.724
energy,electricity-grid,913.3130019062106,645.994
energy,coal,368.6620226341202,387.727
food,other,2.2770681335871803,6.277
food,vegan,0.9426442419564258,3.405
consumption,other,4075.6887388065334,80.417
food,fish,2.8584492974868776,15.275
food,red-meat,1.8502685973044772,47.538
consumption,electronics,9977.130340994814,699.562
transport,bicycle,61.14197611093546,-0.147
food,other,1.599321594158837,5.237
transport,bus,309.4073533593508,33.141
food,other,0.7828975164741907,2.667
transport,walking,234.39840328612075,-0.556
food,fish,2.2661912180485073,11.724
energy,renewable,398.4177795271365,9.954
transport,train,166.09505063144985,7.686
transport,bicycle,426.30210611425684,-0.866
transport,bus,193.3958771750497,21.363
transport,bicycle,417.8988519131638,-0.523
food,white-meat,0.6403424510245393,4.838
transport,bus,101.83317998211349,10.567
food,vegan,1.382383328886944,3.259
consumption,other,8075.124985010838,160.759
food,white-meat,1.2195858507537793,8.434
food,other,2.6549168903927702,6.447
energy,natural_gas,928.2477631271687,418.713
food,other,1.1930625185547057,3.579
food,vegan,1.4698376891971732,0.134
consumption,clothing,9950.560688810054,149.3
transport,flight-long,450.02415499754363,68.017
consumption,services,5557.175288164063,54.91
food,other,0.8341756221617553,1.792
energy,renewable,275.80170835278506,6.2
food,red-meat,2.1491648292268706,56.166
transport,bicycle,394.066656712323,-0.765
transport,bicycle,169.68316558252283,0.825
food,other,2.461153667233448,7.865
transport,train,458.4669838307755,19.889
consumption,electronics,4755.513911235653,332.74
food,red-meat,0.7493090001651719,20.742
consumption,home-goods,1484.3926008642775,44.853
transport,bus,76.6935340855712,8.966
consumption,clothing,5451.994402926285,81.516
energy,natural_gas,470.7419090430747,211.229
energy,electricity-grid,645.6226793000855,456.337
food,other,0.7020226497634103,2.373
consumption,home-goods,2600.600197055216,77.795
energy,renewable,815.7268949815883,16.751
food,vegetarian,2.705232446872485,5.525
energy,coal,424.1543510744587,444.865
transport,car-gasoline,140.00279401141802,26.186
consumption,services,8991.187485960512,90.936
transport,flight-long,414.5823062955855,63.725
food,white-meat,2.1065991766625665,14.625
food,vegan,2.700191772209611,5.035
consumption,clothing,2623.818640780968,38.905
food,other,2.7053557855646524,7.498
transport,flight-long,5.578322082302538,1.189
transport,motorcycle,16.48448523992777,3.348
food,fish,2.187873548622436,11.699
consumption,home-goods,382.1379981794166,10.011
food,fish,1.130242662784939,5.82
transport,car-electric,75.68907527965395,4.435
consumption,electronics,2393.368792988795,167.146
energy,renewable,699.2824212081438,13.935
consumption,home-goods,8888.929536448662,268.419
energy,renewable,836.8806481091481,15.504
consumption,electronics,2574.799767929175,179.953
energy,natural_gas,65.09370408104812,28.805
energy,coal,514.161117424469,538.088
food,vegetarian,1.5794543396275769,4.378
consumption,services,4938.789410783594,49.357
transport,flight-long,59.05377139880899,10.37
transport,train,408.1465705199662,16.311
energy,natural_gas,159.70830572300824,70.32
food,other,2.2247824313913456,8.95
energy,coal,436.51320128468717,459.827
energy,renewable,308.5554277424771,6.337
transport,bicycle,126.00029684546695,0.891
food,fish,2.348708964053319,11.493
transport,motorcycle,3.133325882221869,0.339
transport,car-electric,110.21537767244388,6.307
energy,renewable,34.78782007748001,1.637
energy,renewable,679.4762473368905,13.403
consumption,services,9246.22714672072,91.617
transport,train,320.25352775452325,12.116
energy,natural_gas,462.55976217628086,208.583
food,vegan,1.9624849463112728,5.646
transport,walking,407.29943670846234,-2.176
energy,natural_gas,851.0798966058078,382.026
food,vegan,0.9783619067546816,1.833
energy,renewable,171.1252886677817,1.991
food,vegetarian,2.2129030015354654,7.25
food,fish,1.3949195638991638,7.434
food,vegetarian,1.1933497948473486,3.233
energy,electricity-grid,865.5102364900074,612.644
food,vegan,2.153348270971456,3.348
transport,car-electric,482.7565494517977,24.082
consumption,electronics,275.5199446366493,18.22
transport,car-electric,405.3820121813664,21.038
food,vegetarian,2.1180943024659804,4.645
consumption,home-goods,3938.465506928047,119.644
transport,car-gasoline,429.46408811407946,82.742
energy,electricity-grid,864.6767116446416,611.085
food,fish,2.3883550385853347,10.976
consumption,clothing,3811.406130399388,56.738
energy,renewable,105.1734800737147,0.652
transport,train,293.14954448242173,11.829
consumption,home-goods,2086.6821624868144,63.138
consumption,other,1339.378013599345,27.555
energy,renewable,328.458283092595,6.668
food,vegetarian,2.2651024598954206,5.295
transport,flight-short,354.3897730482957,90.488
transport,bus,90.93659225741213,11.248
transport,car-gasoline,101.74613201031204,23.025
transport,motorcycle,204.99689478376536,21.692
food,vegan,2.9255876560700513,3.943
energy,natural_gas,484.16672879695903,218.096
food,vegan,1.6198550282059652,3.136
energy,electricity-grid,189.09206854842472,132.917
food,white-meat,2.2064298007669105,14.999
food,fish,2.773151770777479,11.684
energy,electricity-grid,438.77107183010037,310.351
consumption,home-goods,1693.1439759264135,50.776
energy,natural_gas,919.6938792604769,414.108
consumption,other,7065.515771196658,140.86
transport,bus,448.6695163237866,47.7
transport,motorcycle,143.61765611339658,16.86
food,vegetarian,2.1400364489787655,3.046
consumption,electronics,1653.0435565990397,114.016
food,other,1.2175004476974247,4.694
energy,coal,29.882911443290723,31.413
food,vegan,1.5216494936379519,2.421
food,fish,1.8670153237862126,10.649
energy,renewable,500.66905995495085,9.167
consumption,services,1570.6403683726285,16.405
energy,renewable,983.2973219725988,19.822
energy,renewable,241.06544376642313,3.499
transport,train,153.19276363304022,7.78
food,vegetarian,1.189365651462591,3.351
energy,electricity-grid,126.81647393617015,90.938
transport,train,145.44537464759557,6.007
energy,natural_gas,111.13424219388595,50.824
transport,walking,479.30078548253175,-0.908
food,vegan,0.8226841632670738,0.191
energy,electricity-grid,642.6845650588476,457.179
energy,renewable,802.3143307157372,14.254
food,red-meat,0.5539747778566885,14.309
energy,coal,737.5324134425787,774.234
energy,renewable,237.1675549941615,3.413
consumption,other,5246.320353090496,104.742
consumption,other,7162.960586239983,144.529
energy,coal,903.4177841639852,948.756
energy,electricity-grid,919.3791399392968,651.552
food,vegan,0.9753846572815262,2.025
consumption,home-goods,7141.892370496319,214.284
transport,bicycle,282.3897031821946,0.322
energy,renewable,138.7403410127156,2.727
food,vegetarian,1.3424578061031265,3.259
consumption,services,7633.897690614521,76.929
energy,natural_gas,746.1710210605578,335.675
transport,bicycle,405.9649124082322,-2.05
consumption,clothing,1629.8240485582594,24.868
food,red-meat,2.97989092700788,79.617
food,red-meat,1.7366707055683586,46.379
energy,electricity-grid,733.4863500118288,518.184
energy,electricity-grid,564.0950409353801,398.884
consumption,services,1432.5120626303467,16.528
transport,train,428.94800642745315,18.219
consumption,other,9535.100088248362,191.948
food,other,1.2991736780864744,4.364
energy,coal,147.72763845585808,156.063
food,red-meat,0.8771951170615112,23.305
energy,coal,403.6724671575278,424.617
consumption,home-goods,4970.299425219426,150.342
consumption,home-goods,2381.997284717867,70.401
transport,motorcycle,208.8507185541867,20.792
energy,renewable,287.053103112235,6.027
transport,flight-long,211.34315305866656,30.429
consumption,home-goods,7916.009111587644,236.412
food,fish,0.8778349996222347,4.035
food,red-meat,1.951417558976969,53.625
transport,flight-short,207.65343642665124,52.481
energy,renewable,624.7694026434555,13.557
consumption,electronics,9354.1224164072,654.343
transport,flight-short,412.6419849827565,103.737
food,other,1.4538471061838663,4.602
consumption,other,106.05111989475589,2.113
energy,natural_gas,396.2035826679775,178.454
food,vegan,1.0608679659294113,0.801
transport,car-gasoline,44.958332505231446,8.718
transport,flight-short,295.9442841142052,75.758
food,other,1.7746941369010165,5.948
consumption,electronics,5784.272757896113,406.11
transport,flight-short,400.8548201628809,102.163
energy,renewable,191.85411549464,2.708
consumption,home-goods,6790.47511024069,204.279
consumption,other,353.89268258989665,8.274
consumption,clothing,8973.93850620798,134.231
energy,coal,89.06648960804684,94.44
energy,electricity-grid,380.52528342960795,270.48
transport,flight-long,394.4346841357062,58.608
food,vegetarian,0.8614021340554929,2.349
transport,bus,354.11953717594196,38.696
transport,motorcycle,144.03178957128208,16.033
consumption,services,7504.425764403055,74.006
transport,bus,430.88469747959397,46.414
food,red-meat,2.7289332025968593,74.177
transport,flight-long,175.80844541029194,26.851
food,other,2.3101910544760083,9.729
consumption,clothing,7786.87151903855,116.802
energy,renewable,147.64696567752597,3.021
energy,electricity-grid,568.7943960887462,400.836
transport,train,211.8441440876034,9.208
consumption,other,6829.587477026568,136.313
consumption,services,5409.766098870059,51.003
transport,car-gasoline,222.1854133383079,42.212
energy,electricity-grid,670.1289290468408,473.83
food,vegetarian,2.4370243021056344,2.958
food,red-meat,0.5679032536341334,15.97
consumption,services,5832.029790900128,58.668
energy,natural_gas,221.42529873427807,99.249
food,vegetarian,1.8044619167872151,2.107
food,vegetarian,1.165219339672374,3.846
transport,bus,196.82997724428554,19.241
transport,walking,40.37273301970651,-0.266
energy,natural_gas,716.5780361563515,321.796
food,vegetarian,2.6323738858488874,5.884
food,white-meat,1.3703188114865053,9.787
transport,walking,483.2657542435062,-0.336
food,red-meat,1.859823906322558,50.123
transport,flight-short,364.5716395183228,93.933
transport,car-electric,499.01223689544094,23.572
consumption,home-goods,1953.688751770045,58.903
consumption,services,6577.276703600129,64.643
consumption,electronics,9816.134095034125,686.561
transport,car-electric,121.91053614954426,7.062
energy,renewable,914.64371941047,20.106
consumption,home-goods,4377.612208615919,130.389
energy,electricity-grid,386.0177153995015,273.472
food,white-meat,2.2981784626730386,15.991
consumption,clothing,9993.02978583681,151.601
consumption,services,6163.766976045383,62.483
transport,train,333.10146608483694,13.97
consumption,home-goods,3647.4771839091027,110.092
transport,train,370.8776108714595,13.657
transport,motorcycle,276.38809111720093,31.198
food,vegetarian,1.0357706554045791,2.915
consumption,home-goods,1009.9960963649262,29.949
transport,walking,141.66499152906687,-0.92
food,fish,2.997065148785621,15.452
transport,walking,67.63095768275791,-0.39
food,white-meat,0.8317215295646148,4.254
food,vegan,2.637651824293052,3.58
consumption,home-goods,6617.656716253323,198.655
food,fish,2.879520970173106,16.29
food,white-meat,2.577615618440491,16.342
consumption,clothing,2649.3512423716525,39.703
food,white-meat,2.924424283040665,19.048
transport,motorcycle,102.91623666883267,10.346
energy,electricity-grid,666.1396550003118,472.643
food,white-meat,1.0859715505432161,7.32
consumption,home-goods,1958.405596693092,58.48
consumption,services,3224.744060943423,33.453
energy,electricity-grid,896.86328765792,634.138
transport,flight-short,269.3780238750346,69.423
transport,motorcycle,363.3950516651781,39.46
consumption,home-goods,2084.595404993267,62.609
consumption,other,3618.179970197649,71.677
transport,train,345.0164425068259,13.565
transport,motorcycle,11.361280772506028,1.377
food,other,2.364502621915027,7.47
consumption,other,7980.076608591768,158.438
transport,train,387.93184296824535,14.089
food,fish,0.9652514048481038,5.132
food,fish,0.959869265401554,6.094
food,vegetarian,1.5390036671616696,4.199
transport,walking,455.6736226729956,-2.582
food,vegan,0.9819760895477645,1.688
energy,natural_gas,406.1196962364856,182.016
transport,flight-short,265.84882941572664,67.005
food,fish,1.9315384803628195,9.652
consumption,electronics,1504.3452704277809,106.168
energy,electricity-grid,482.8790550482748,340.808
consumption,home-goods,8637.108313145749,259.908
transport,flight-short,235.87491760258243,61.811
consumption,clothing,1292.5889667444294,20.69
energy,natural_gas,852.2958358681572,383.921
energy,coal,598.0844458997797,628.809
energy,electricity-grid,428.8224495596433,303.965
consumption,services,9537.890226864978,97.263
consumption,clothing,8363.592765731859,125.281
energy,natural_gas,30.52323815067694,15.728
consumption,home-goods,8242.667989165386,247.387
food,vegetarian,0.9248562276874592,1.878
transport,flight-long,472.8218582010622,71.003
food,vegan,2.151876387283245,3.207
food,other,0.8236577414882991,0.735
food,vegetarian,1.8499526302860507,4.395
consumption,electronics,1859.1305050832343,131.306
energy,electricity-grid,610.912033217912,432.885
consumption,home-goods,3912.989167416502,117.652
consumption,other,4334.066666600945,86.659
transport,walking,250.31637186712138,-0.443
consumption,other,3325.418676146086,68.58
consumption,home-goods,8647.32859080328,259.609
food,other,1.6591993768872697,4.908
food,fish,2.328938694070834,11.348
food,vegan,1.2379118632467574,1.202
transport,walking,243.8104935680274,-1.485
transport,motorcycle,419.9629744582522,46.758
consumption,services,1171.6687946888135,10.329
energy,electricity-grid,586.0555714257785,413.779
transport,car-gasoline,106.80963773428684,22.677
transport,motorcycle,357.6699098911305,39.658
transport,flight-long,448.58459773359783,66.287
consumption,electronics,7631.530246948429,533.004
food,white-meat,0.5610782732692203,1.468
food,fish,1.311561809946111,7.133
energy,renewable,93.88729616834644,0.434
energy,renewable,553.1530603967147,11.841
consumption,clothing,6493.656430536866,97.289
food,vegetarian,0.9188262207606913,2.766
consumption,clothing,5271.740236513306,80.785
transport,bus,148.17081239284374,16.802
food,fish,0.9703478020158067,4.996
energy,coal,556.6814879745901,586.194
energy,electricity-grid,837.3727003789792,592.372
food,vegan,0.6857463455898356,1.058
transport,car-electric,219.19066376210256,11.765
food,fish,2.645616746141229,12.349
energy,natural_gas,362.0922047255833,163.909
transport,bicycle,336.5447665792092,-0.067
food,white-meat,1.3119821769707893,9.251
energy,renewable,271.8406501734942,5.916
consumption,home-goods,3221.103795330765,96.673
food,fish,0.8989430819667839,3.342
consumption,home-goods,3530.5427160664844,107.401
consumption,other,5912.868248808835,118.119
transport,bus,179.15824094930443,19.287
transport,walking,43.10838845671476,1.484
food,fish,0.8578815571225649,5.206
food,vegetarian,2.290337657883924,2.786
consumption,home-goods,9338.945000447195,280.915
energy,coal,546.2317079202049,574.444
consumption,home-goods,6222.411470106299,186.19
transport,bicycle,90.52421321015073,0.237
food,white-meat,2.276675234853912,16.357
consumption,clothing,1076.3689746273387,16.125
energy,natural_gas,502.22292213654265,225.891
energy,coal,312.96014771553945,328.791
energy,renewable,901.4913565811653,18.163
food,vegetarian,2.5019094664288954,4.627
energy,coal,893.4632180849912,937.912
energy,coal,272.3609889384959,285.792
food,other,1.7843682264268934,5.793
consumption,electronics,3985.611819793337,278.34
consumption,other,1963.0134273983872,38.714
consumption,home-goods,967.973813505355,28.064
transport,bus,43.73954656378968,4.142
transport,car-electric,451.1648003550555,23.511
consumption,clothing,3901.857322955905,60.126
consumption,clothing,4051.4820228727954,59.104
transport,motorcycle,377.3467310767899,42.302
energy,natural_gas,247.95849800693878,110.709
energy,natural_gas,812.2924343252257,364.482
energy,renewable,575.806321906332,11.069
food,fish,2.5573758000555404,14.414
consumption,other,1672.5053802326324,31.048
food,vegan,1.658753915417963,3.113
transport,flight-long,303.2801464745645,45.522
transport,car-gasoline,298.1788992483141,58.499
food,vegan,0.9532823808879369,1.472
energy,natural_gas,81.57689678519716,36.761
food,vegan,0.8314652410123969,1.708
consumption,services,3655.5474896208348,37.355
consumption,other,7644.770847961528,152.464
food,vegetarian,0.5504034552947352,0.791
consumption,clothing,8905.103210072417,133.383
consumption,electronics,8504.644793574922,594.145
transport,train,474.1736129380239,18.17
energy,electricity-grid,343.22545658686767,243.995
transport,bus,423.55300080656593,45.065
transport,motorcycle,4.190482285933758,-0.159
consumption,electronics,1885.89435620718,132.045
transport,walking,331.9770377920513,1.712
transport,bicycle,59.156797169883546,-0.129
consumption,other,2308.8572142574444,45.097
food,vegan,1.3549645132199624,3.65
transport,walking,371.16464172399105,0.078
food,red-meat,1.3191375748041072,35.987
food,white-meat,1.316235819158129,9.441
energy,natural_gas,149.94067895998788,69.487
consumption,electronics,2227.4050419975415,156.121
consumption,electronics,5669.445571953832,396.582
transport,bus,378.09835528248766,38.759
consumption,services,2058.105101567741,21.285
transport,bicycle,354.9795872246347,-0.303
energy,coal,314.3839404318327,329.957
food,red-meat,1.7901545559024428,48.74
food,red-meat,2.36020111026265,65.215
transport,bus,72.6800351709877,7.887
transport,bus,38.489092380265426,4.666
food,vegetarian,2.7997354520474116,3.887
consumption,other,4186.492597831327,83.124
transport,car-electric,440.8771113995012,21.853
food,vegetarian,0.5858290896795297,0.771
energy,electricity-grid,219.45172600826345,154.151
energy,coal,965.383098229631,1014.618
food,other,0.7105336351767175,0.671
consumption,other,5054.192673978326,101.209
food,vegetarian,2.8601666231593246,5.253
food,white-meat,1.993031735464983,13.869
transport,car-gasoline,97.25397809700729,17.563
energy,electricity-grid,132.09372682551304,92.519
energy,coal,828.7228570565762,869.592
food,fish,2.57686638680139,15.215
food,other,2.254683386135778,8.719
food,fish,2.4413298569269744,13.939
consumption,home-goods,5014.991836797399,151.278
consumption,other,6085.891405505342,121.534
transport,car-gasoline,143.0581572139228,26.235
food,red-meat,2.5796760233774094,70.745
energy,natural_gas,64.04211963381974,28.694
transport,motorcycle,387.3757587722953,42.397
food,vegan,2.5117394625995813,3.739
consumption,home-goods,6537.308995965256,194.813
consumption,electronics,9251.974939215139,647.602
energy,coal,78.81587182956189,81.194
consumption,home-goods,2371.3577612049994,69.786
food,vegetarian,1.64700578839573,4.045
transport,car-electric,356.6256057399876,18.717
transport,car-gasoline,263.24632449340015,49.197
food,white-meat,1.490858614577592,8.84
energy,renewable,759.200855627318,15.005
transport,car-gasoline,488.8623640138303,93.987
food,fish,0.5907406960268736,2.388
consumption,home-goods,5467.914743861677,162.046
consumption,services,3701.960197434779,35.52
consumption,electronics,3126.4663631290296,217.699
transport,motorcycle,26.62917544332472,3.031
transport,motorcycle,186.56837178970702,20.675
energy,natural_gas,797.3022077602778,360.171
food,other,0.6500907825058967,1.669
food,fish,2.3728713092023233,9.652
food,fish,2.6959435492389985,16.117
transport,train,155.44497042235358,7.092
food,white-meat,2.5828632596560634,19.139
food,other,2.462170779984721,6.695
food,vegan,1.0996038951439502,1.98
energy,renewable,651.9343163655374,14.021
consumption,services,1896.8661725286427,18.538
consumption,other,3307.088136920215,66.578
food,white-meat,2.422460000441016,16.207
transport,flight-short,396.6396285641331,101.977
energy,renewable,779.3581195408024,14.17
consumption,other,2373.442993002983,48.05
energy,coal,387.57411843821956,406.56
food,vegetarian,1.333294537913105,3.774
consumption,clothing,2582.1034032803896,38.764
transport,car-electric,433.01560221851696,22.788
transport,walking,33.30414527216384,0.231
transport,bus,232.64835792841023,23.505
energy,renewable,405.3205861334907,8.457
energy,natural_gas,787.092318623142,355.403
consumption,other,1136.2385324551742,23.853
consumption,other,9053.938282425455,182.705
transport,car-electric,114.19670065502716,6.174
food,red-meat,1.140327727405288,30.429
energy,electricity-grid,834.7611428896888,591.666
consumption,electronics,9119.913030636473,638.959
food,red-meat,0.891680335868795,24.418
consumption,home-goods,8444.739414208765,255.161
transport,flight-long,407.80362035352186,61.421
food,white-meat,1.6179052765971174,11.987
transport,train,162.45013179002876,5.808
consumption,home-goods,3624.805311857369,107.789
consumption,clothing,7007.784213587132,105.135
energy,natural_gas,898.7740828080742,406.924
food,vegan,1.2144222505497546,2.157
energy,coal,609.4571030852438,639.441
food,fish,2.1279209728177095,10.18
food,white-meat,1.3719764713300524,10.722
transport,bus,17.831323621401772,2.347
energy,electricity-grid,282.47082576339886,200.041
energy,coal,63.91493007864642,67.3
transport,car-gasoline,73.70692099211273,15.184
food,fish,2.8521428421685084,13.141
energy,natural_gas,874.2961513543165,393.956
food,fish,2.003725339157609,8.967
consumption,home-goods,9407.868406705977,281.836
transport,train,67.82981908966178,2.643
food,other,2.182851992849031,6.552
consumption,electronics,4415.179911393815,310.748
food,vegetarian,0.6544608605719253,-0.711
energy,renewable,267.0961002213344,5.192
consumption,services,462.8403331771325,5.108
food,white-meat,0.9471968472066066,7.507
food,vegan,1.9444786374012262,3.336
food,other,1.4962192228483375,4.405
food,vegan,1.71474557997205,2.446
transport,car-gasoline,476.39637144596713,90.837
consumption,other,1175.3164245577655,24.098
transport,bus,165.73371627645707,16.182
consumption,services,3627.9162605032943,37.028
food,fish,0.8417247867945339,3.727
food,vegan,1.58273626130085,0.207
energy,renewable,988.8147217074186,20.371
food,other,1.5340710452746351,3.923
transport,bicycle,35.63906233647868,-0.832
energy,renewable,609.6370640654021,9.769
energy,electricity-grid,297.2378949254576,210.107
consumption,other,3266.92579883326,65.675
consumption,electronics,6721.610306256737,471.19
consumption,services,5112.7734124854,50.047
consumption,clothing,8602.697508670584,129.117
consumption,home-goods,6268.978839368346,188.306
energy,coal,147.97322472251707,153.155
consumption,clothing,2990.313107725545,45.706
energy,coal,881.6187220393575,925.977
food,vegan,0.5982445830720089,1.599
energy,natural_gas,689.303575802606,310.632
transport,bus,143.51965733685662,15.999
food,white-meat,1.286301919170508,8.629
food,vegetarian,1.0837331957743765,3.615
consumption,services,7528.46843981527,74.609
consumption,services,8310.729767990146,83.82
consumption,other,7911.729767481018,157.807
consumption,other,4552.447997769851,91.377
energy,electricity-grid,695.7129540332717,492.369
food,white-meat,2.700141683335209,17.91
consumption,clothing,339.1292082559822,2.474
consumption,electronics,8745.29870663942,614.097
energy,electricity-grid,858.2582668160475,608.142
food,fish,2.0297847295217304,9.481
consumption,home-goods,9958.014924957939,299.972
energy,renewable,666.4301215401634,13.431
food,red-meat,1.8300445477798484,48.727
food,vegan,1.3872105073171448,1.693
consumption,services,4265.580275697584,42.112
consumption,electronics,7089.936447944344,496.503
transport,flight-short,32.27339521628097,9.63
food,fish,0.5857128389830095,3.443
food,other,1.9034759328859316,5.1
energy,natural_gas,409.96970268846053,184.462
food,vegetarian,1.5097089172152196,2.363
transport,walking,70.71538513393001,0.302
energy,renewable,541.787530410534,11.315
food,vegan,2.2015598210068412,4.579
transport,train,281.2129873286363,11.671
food,vegetarian,1.8019149553474292,3.018
transport,flight-long,391.67790481750666,58.721
consumption,other,1435.8208077853903,30.778
food,white-meat,1.5049903434463912,11.988
food,white-meat,2.408963031591231,16.693
transport,car-gasoline,242.17144609370666,45.719
food,vegetarian,0.9170312673143581,2.447
transport,motorcycle,234.99885089797692,26.402
food,other,1.082393817056932,3.492
energy,electricity-grid,162.4550314566734,115.681
energy,renewable,196.48540436456526,4.136
consumption,other,1504.2390886284252,30.547
transport,bicycle,250.83265347113667,1.047
energy,renewable,631.9465313696074,11.692
transport,train,489.19177616549507,19.803
energy,renewable,472.367624381016,10.474
transport,train,399.37673640487606,16.371
transport,car-gasoline,465.55548420717935,90.262
food,white-meat,0.835924034730059,6.237
transport,flight-long,176.2177689842325,25.231
transport,bicycle,60.42807076319073,-1.337
energy,renewable,837.9777752193028,16.594
energy,electricity-grid,695.9321176576217,492.36
energy,electricity-grid,645.3372797910887,455.661
transport,bus,405.7478184976069,42.071
energy,coal,487.34259850948393,511.027
transport,flight-long,269.5103708009457,39.91
energy,natural_gas,310.6900112003335,139.702
consumption,other,3798.8390150338955,77.009
consumption,home-goods,6486.45145602605,195.028
consumption,services,695.2872056732656,5.86
transport,car-gasoline,196.07986982175134,36.841
consumption,electronics,4735.047219751368,330.652
consumption,electronics,9566.250516743672,670.557
consumption,other,6339.127450142006,128.581
energy,electricity-grid,315.4339507590044,224.236
consumption,services,6288.400040102951,63.774
consumption,clothing,593.0740903657943,9.692
transport,bus,78.28342529331039,8.345
food,red-meat,2.480590418110672,67.162
energy,coal,436.096909105699,457.131
food,fish,0.5850413721150809,4.799
transport,bicycle,271.34223368496953,-1.701
energy,coal,312.45901662870426,327.905
food,vegetarian,1.6689259040332423,1.386
energy,coal,342.53944073405887,358.86
food,white-meat,1.7557003231713195,12.873
transport,walking,253.00935692211266,-2.568
consumption,services,3843.2900972881826,37.013
consumption,other,2950.522006983537,59.939
consumption,home-goods,6458.190761637779,194.758
food,red-meat,1.2794101291303241,34.162
transport,car-gasoline,280.4102790793015,52.599
transport,car-gasoline,371.5745071508929,70.091
energy,renewable,911.4831422704766,18.251
consumption,services,5888.759227721544,58.148
consumption,electronics,7533.190403419313,527.103
food,white-meat,1.088617063879161,6.573
food,vegan,0.7580489786394474,1.494
energy,electricity-grid,116.44723367686267,81.709
transport,flight-long,149.40955082440965,20.288
energy,renewable,406.76359619127754,8.359
transport,flight-long,251.53022641878226,36.296
consumption,home-goods,2226.8677885138018,67.34
food,fish,2.3023313708547786,13.043
consumption,electronics,1144.0618195336901,80.343
transport,car-electric,187.79596705971525,10.005
energy,renewable,707.8108526902607,13.92
transport,train,324.1499636888947,13.488
consumption,clothing,8156.282502713213,124.445
energy,natural_gas,366.33482966487844,163.091
energy,natural_gas,689.9989919816288,308.592
transport,bus,105.60531408772175,10.887
energy,electricity-grid,54.91865991836209,38.917
food,white-meat,1.2565140522717595,9.788
energy,electricity-grid,282.56910756097034,200.157
food,fish,2.2534246543315364,12.521
food,red-meat,1.5139905260895161,39.66
energy,natural_gas,584.6786643455208,261.814
energy,electricity-grid,877.571035167325,620.755
consumption,clothing,9570.955458162507,144.193
consumption,clothing,4142.604136141343,61.061
energy,renewable,431.6541326411591,9.362
food,red-meat,1.5769951321594373,42.368
consumption,services,4318.2114580832995,43.731
transport,car-electric,88.48014434680519,6.553
consumption,electronics,741.0058692412891,52.017
transport,flight-short,7.793459480794341,2.476
transport,bus,469.9734946794797,49.149
consumption,services,3179.894292592248,33.118
energy,coal,882.2335715069613,926.993
energy,electricity-grid,922.2726437957363,653.195
energy,natural_gas,832.9242988151666,374.638
energy,natural_gas,176.76569084578384,79.392
energy,renewable,814.3647177407431,16.537
energy,natural_gas,222.8138704640899,101.553
consumption,other,5499.298933397847,110.0
consumption,clothing,9358.877324012085,141.008
food,vegetarian,0.7802753854710491,2.725
energy,renewable,992.7445671710115,22.28
consumption,clothing,7211.272064227051,108.09
food,vegetarian,1.0584008318356006,2.264
consumption,other,3257.1022310892154,65.472
food,vegetarian,2.7187129667683396,4.961
consumption,other,9144.281851595168,182.788
energy,natural_gas,507.3771820781058,228.689
consumption,home-goods,1620.5670818005271,48.975
food,vegan,2.8991354893024353,4.496
energy,renewable,517.862803269997,10.376
energy,electricity-grid,593.2703462840246,420.254
energy,coal,836.08516510097,877.896
energy,coal,72.33486723228431,76.203
energy,electricity-grid,657.8695076624094,465.122
transport,flight-long,199.13704537569615,29.57
transport,train,485.31874894364176,19.349
food,red-meat,2.816034696459244,77.283
food,other,1.7609312328478806,4.338
consumption,home-goods,6936.448708248477,208.445
energy,natural_gas,372.2334942015554,167.291
consumption,home-goods,5652.96195631336,168.944
transport,walking,71.39838183816782,1.659
food,red-meat,2.782582745134477,77.099
transport,car-electric,18.014832971709854,1.453
energy,electricity-grid,34.310354161099454,23.116
transport,motorcycle,428.27382421453757,46.96
food,other,2.274338194749213,6.274
transport,motorcycle,36.15202415150094,4.57
food,vegan,0.9090822315729753,2.42
consumption,home-goods,2594.229333624091,76.192
transport,car-electric,355.5074683121938,17.701
food,red-meat,1.2615295366416253,32.826
consumption,clothing,7179.895963098027,108.734
transport,motorcycle,155.20437949759528,16.633
energy,electricity-grid,218.16771917299704,154.5
transport,walking,381.83174548902787,-1.387
food,red-meat,1.94617730753431,52.913
transport,flight-short,376.88508683852046,96.626
food,red-meat,0.5584439384886104,13.59
consumption,electronics,8703.81683433111,609.467
consumption,services,4368.413542540757,43.318
transport,train,190.51534047749968,7.602
consumption,clothing,5822.868244880097,85.94
consumption,home-goods,6135.597933403922,185.36
transport,flight-short,22.021740739544608,5.559
energy,coal,246.16518149537407,258.38
transport,car-gasoline,31.492432155997587,6.884
transport,walking,153.41331364513374,-0.128
transport,flight-long,165.49360187711468,24.724
transport,car-electric,98.04663313449971,5.987
transport,bus,387.77860682447914,41.299
food,vegetarian,2.3474176644882716,6.122
energy,electricity-grid,511.2428635092137,361.86
food,white-meat,2.90437872959477,20.98
transport,flight-long,81.75250197287698,13.128
transport,train,7.655684372421797,0.388
food,red-meat,1.9539693324017242,52.184
transport,bicycle,313.21093298199054,-0.844
food,other,1.0858294799150199,4.696
food,vegetarian,2.6162988296930916,5.301
transport,car-electric,396.9345762931608,20.535
transport,bicycle,133.84770563797355,-0.831
food,fish,1.3231050838115768,7.969
energy,electricity-grid,806.3418160690088,570.82
food,other,2.7372680117052828,7.828
energy,renewable,450.4883544603027,8.586
consumption,services,556.9633036469515,3.479
food,vegan,0.609249310312546,0.885
consumption,other,4301.1534338931515,86.586
energy,electricity-grid,179.29362211990824,127.965
transport,bicycle,212.10640484505214,-1.383
transport,flight-long,311.6034853706823,47.163
transport,car-electric,229.20265814914478,11.895
energy,coal,944.6187003186703,991.512
energy,natural_gas,124.78412256634971,55.439
energy,electricity-grid,154.90673293680373,111.329
food,white-meat,0.6596034474727517,3.538
consumption,home-goods,5106.439588704359,152.093
food,vegan,1.2524387885260229,1.691
consumption,other,4757.992229929012,95.59
energy,coal,808.8999361759232,849.624
consumption,home-goods,7240.370829882475,216.979
food,fish,0.5541017249364617,3.864
energy,coal,214.0216305800853,224.991
transport,bus,350.09862995604976,35.959
consumption,electronics,5848.051086223571,409.907
consumption,other,8108.952841071383,161.293
transport,bus,480.0491905949019,50.657
consumption,electronics,3056.5930259154916,214.586
consumption,other,2543.089477851406,51.308
consumption,clothing,4535.653144013825,67.205
food,vegetarian,2.313539076966128,6.593
energy,natural_gas,690.0856805400733,311.681
food,red-meat,0.5281736154734957,13.916
food,fish,1.747310245898218,8.447
energy,electricity-grid,789.1330104816891,558.236
energy,renewable,128.05002099368545,0.939
food,red-meat,1.399695030834586,38.036
energy,coal,511.5932022077702,537.793
energy,renewable,394.8767637494963,7.715
food,fish,0.7196425339533639,3.541
energy,electricity-grid,634.1544107083846,452.197
transport,motorcycle,326.31459667839954,35.94
energy,natural_gas,208.32260527738939,93.308
food,vegan,1.1905454212773745,2.561
transport,bus,148.533627349706,17.141
consumption,electronics,7449.876311734416,520.673
transport,bus,155.8713245661556,16.154
food,red-meat,0.9739723277442925,25.679
energy,renewable,414.933760323195,9.144
consumption,home-goods,4142.8408646294665,125.647
consumption,clothing,7993.215680945302,119.914
food,vegan,2.499197008187035,4.793
energy,renewable,611.0314245651458,12.367
food,vegan,2.3860675728998197,2.961
transport,bicycle,173.10749270205704,-0.497
consumption,home-goods,3183.03337288161,95.811
consumption,other,5332.020358127353,106.543
food,vegan,2.7578493511854516,5.05
food,vegetarian,0.9710361963636833,1.969
energy,coal,909.8409679127428,955.363
transport,flight-long,142.09945317332262,21.016
food,fish,2.081334422011099,12.78
transport,car-gasoline,320.2819096326704,62.811
consumption,services,5685.572834291403,56.522
energy,coal,748.442854267766,786.596
consumption,services,5672.022056450211,56.429
energy,natural_gas,207.632095747255,93.119
energy,renewable,19.592405339801203,0.715
energy,natural_gas,887.7011233918714,401.782
energy,natural_gas,998.3559969719032,448.835
consumption,home-goods,8632.902685769332,258.323
food,white-meat,2.7881082750692054,21.356
consumption,services,8701.09655954759,86.477
energy,renewable,774.2472844612556,16.555
transport,car-electric,7.523736183118195,0.616
transport,bicycle,43.920804150445804,-0.946
transport,bus,262.0109107464562,27.339
transport,train,12.160745259917158,-0.908
food,vegetarian,2.6827184880367243,6.368
transport,flight-short,123.99948526224283,31.749
transport,motorcycle,281.6211323119838,31.285
energy,electricity-grid,892.5630026892862,631.547
food,red-meat,2.3319917992278825,62.204
energy,coal,19.33152657763938,21.741
consumption,other,4876.274047549953,97.738
food,white-meat,0.9005118859888634,5.497
energy,coal,558.7304576909795,587.662
food,other,2.8007148615910444,8.356
energy,electricity-grid,326.19246364963396,231.989
consumption,home-goods,5468.251144439148,163.44
consumption,electronics,4781.063871523704,335.653
transport,motorcycle,259.6607748846649,26.646
energy,electricity-grid,91.39580555770316,64.673
food,other,1.4417630060398066,4.68
food,other,2.578840716273384,8.327
consumption,services,371.4040335077171,4.059
transport,flight-long,373.5790649859599,55.105
food,vegan,2.1487998866748876,3.641
transport,train,88.46003051913377,5.108
transport,car-electric,172.94731353515658,9.016
consumption,other,5541.043176553264,111.045
energy,coal,319.006887843211,334.575
transport,motorcycle,280.11445865889044,29.106
transport,bicycle,468.4492627738557,-0.54
transport,car-electric,389.90355203819,19.638
food,white-meat,2.8797095144028266,20.751
food,vegan,2.8119217160897545,5.304
transport,motorcycle,452.5434091250901,49.008
transport,car-gasoline,2.2452313468137435,0.04
energy,electricity-grid,263.0495302039299,186.586
food,fish,1.4132989079121083,7.905
food,fish,2.5751827455139433,12.706
transport,motorcycle,55.44720944860319,4.999
consumption,home-goods,9406.754242824765,281.445
consumption,clothing,1513.6451045078065,22.982
consumption,electronics,5790.8679650291115,405.541
food,other,0.619745053668562,1.118
food,white-meat,1.4861936024552966,9.912
food,vegetarian,2.3230189730745328,4.285
transport,car-electric,252.81629979974798,12.823
food,vegetarian,1.0604663768556417,2.153
consumption,services,8204.020850342731,82.377
transport,bus,168.0484045976846,18.047
consumption,electronics,7806.931405275062,545.73
consumption,other,7712.352213723808,152.862
consumption,electronics,2843.7153022394195,198.696
food,vegetarian,1.4527019266057644,2.135
consumption,electronics,1793.2186496697045,124.56
food,other,2.043590949725173,5.941
consumption,clothing,4770.510783173547,71.349
food,other,2.129987851658931,6.622
food,red-meat,2.949850596431115,79.011
food,vegan,1.9326766462923284,5.25
consumption,clothing,760.9383204962202,11.263
food,vegetarian,1.052081030765238,3.264
food,other,0.9587080109000576,2.281
energy,natural_gas,554.4630020885112,249.647
consumption,services,8959.982277236319,89.26
energy,electricity-grid,837.7619679382644,593.318
consumption,electronics,8155.3365095304625,569.987
transport,motorcycle,457.7480417291145,48.733
energy,coal,861.6166664899716,904.052
food,vegetarian,0.6161536930547741,2.258
consumption,home-goods,5242.062464361038,157.714
transport,train,149.26827566461702,5.512
transport,flight-long,414.50224042275534,62.245
energy,electricity-grid,844.9837963296271,599.35
food,vegan,2.3351897892340716,3.199
consumption,clothing,136.3780318017712,1.523
food,white-meat,2.70121795661735,17.211
food,vegan,1.2984308150405726,2.476
transport,motorcycle,14.093155602382222,1.582
energy,natural_gas,670.9671085801191,301.999
consumption,clothing,3773.920647401695,56.945
consumption,electronics,3233.034785381987,227.082
food,vegetarian,2.3755799968107425,5.505
food,white-meat,2.9661414295510693,18.408
transport,flight-long,268.163153411021,39.265
food,vegetarian,1.3782848020546394,3.462
food,red-meat,0.7034801450448955,20.517
consumption,other,7068.085407272447,141.175
energy,natural_gas,661.1704672285252,296.336
consumption,other,6533.3594454322465,129.961
transport,car-gasoline,499.081417505119,95.324
transport,walking,485.5659251346451,1.035
consumption,home-goods,7564.09582270438,226.1
energy,coal,51.78126643558917,54.086
consumption,services,7625.014587622025,76.164
consumption,other,7262.402922636758,143.747
energy,renewable,33.90236253201588,0.417
transport,flight-short,143.7743330040698,34.913
consumption,other,4524.858285646241,93.264
consumption,other,1793.5137545194484,37.141
transport,flight-long,200.5880983944839,32.313
consumption,services,7090.1506698451885,70.991
energy,natural_gas,838.7218030346196,377.409
energy,coal,547.7814136008063,575.452
consumption,other,5722.431017403833,116.374
energy,electricity-grid,27.129988387880694,18.902
transport,bicycle,276.48627144434266,-0.499
food,vegetarian,1.6916599990489356,1.623
transport,bicycle,288.5951634778177,1.259
food,red-meat,0.9981309331864501,25.479
energy,renewable,239.96084112816135,5.238
food,white-meat,2.453622224297536,15.035
transport,motorcycle,346.82180478028624,34.731
transport,train,98.91979106330301,4.624
consumption,electronics,6470.7999762108675,454.206
transport,bicycle,7.045519784691567,-1.676
transport,motorcycle,374.0109314770057,40.533
transport,walking,264.7179519548699,0.758
energy,electricity-grid,229.20454977022555,161.245
consumption,clothing,5308.5878466291015,80.475
food,fish,1.2268568020104098,6.078
consumption,home-goods,3900.1112067567574,117.146
consumption,home-goods,1709.7328365827493,53.073
food,fish,1.098193657207765,6.877
transport,car-electric,169.05826780483898,9.528
energy,electricity-grid,6.800454648333391,5.266
transport,train,186.32928093539982,9.272
consumption,home-goods,5152.214044820561,155.748
energy,electricity-grid,476.82896342616726,338.532
consumption,electronics,3138.4830042349768,220.129
consumption,home-goods,5256.280181125116,158.902
consumption,services,3251.617173972545,33.301
food,other,1.4068421703021912,2.524
transport,bicycle,98.31846552591617,-1.442
consumption,services,7053.497832949182,71.171
food,vegan,1.196457618247877,2.452
consumption,other,5318.175277116093,104.821
transport,bus,321.02913978350824,34.594
consumption,electronics,1849.21204496612,130.267
food,other,2.795028902413605,8.597
energy,natural_gas,427.4015792067064,191.144
food,white-meat,2.2465116957785964,13.748
consumption,services,1022.1445284473249,9.387
consumption,clothing,7914.163837407621,118.65
food,vegetarian,2.3509850750196786,8.074
transport,flight-short,156.75348052178694,39.663
transport,bus,431.6739252966962,45.729
transport,motorcycle,37.27331095347942,5.0
energy,electricity-grid,102.66403075481416,72.784
transport,walking,430.2426129661565,-0.856
food,fish,2.2387761911456874,10.097
transport,train,398.53252855106894,17.46
transport,walking,127.5157925970685,-0.547
consumption,electronics,9278.239738422097,651.267
consumption,other,8453.83450204289,169.703
energy,natural_gas,180.33518758131552,81.818
food,red-meat,1.033425392888236,27.459
transport,bicycle,105.753786212467,-1.065
transport,motorcycle,45.55366356004997,5.663
food,other,2.541150633582087,8.086
consumption,clothing,3501.787537690428,52.614
energy,electricity-grid,664.9947541255596,471.559
consumption,clothing,8574.800681017658,129.416
energy,electricity-grid,171.95129955858604,121.955
energy,natural_gas,681.945870861417,306.748
food,white-meat,2.076066161784143,13.563
food,vegan,2.9157767722310317,5.832
transport,car-electric,341.9793908354065,16.868
transport,walking,59.411173023328715,-0.211
energy,natural_gas,625.7671279098765,281.343
transport,motorcycle,133.78195011236457,15.897
energy,renewable,487.9886685087881,9.556
energy,electricity-grid,257.942730409533,184.293
food,vegan,1.2551822519729243,1.974
food,red-meat,2.8666400772146114,77.672
food,vegetarian,1.1038987680410035,2.6
consumption,services,6880.019612430277,69.632
energy,renewable,764.8713582906887,16.019
transport,motorcycle,391.66782327859323,43.088
consumption,services,4611.588056444171,43.046
consumption,home-goods,3355.930465984371,100.611
food,red-meat,2.224864776533893,59.606
energy,electricity-grid,801.2517219980558,570.604
consumption,clothing,4219.362599987068,62.078
energy,natural_gas,802.6995318315749,360.646
transport,bus,264.8685112900706,27.524
transport,car-gasoline,484.19128390981876,93.09
transport,car-gasoline,471.3525169241789,89.892
energy,natural_gas,522.2676218332214,234.646
consumption,electronics,5779.021097512733,403.437
food,white-meat,0.8161634454061701,6.309
consumption,home-goods,8914.106322505972,268.03
transport,train,117.55187812532184,5.668
consumption,electronics,4614.304335614264,322.937
energy,electricity-grid,604.9583040231225,426.115
consumption,services,1721.1443334557719,16.637
energy,renewable,457.1604163663225,8.74
consumption,home-goods,3074.0406519520006,92.435
energy,natural_gas,199.34166262506608,88.842
energy,renewable,848.4263260665613,15.22
transport,train,10.858408263717775,-0.466
consumption,clothing,1660.7738923980405,24.734
transport,car-gasoline,81.18896391486908,16.408
food,white-meat,1.1266027954377082,7.722
energy,coal,262.12729212022447,276.217
consumption,other,8582.001194376166,171.415
energy,electricity-grid,235.82594400503132,164.893
food,fish,0.7057882457183219,4.661
transport,bus,261.58462613423455,26.438
consumption,other,9305.882935878382,186.597
consumption,services,8035.308511316739,80.05
consumption,clothing,8133.332655373167,122.66
energy,electricity-grid,16.157811187662936,11.307
consumption,other,9624.503568122096,192.575
consumption,home-goods,4008.687281460698,118.433
food,white-meat,1.2692306091326828,7.537
energy,natural_gas,173.73789218753168,78.846
food,vegan,1.5444591782830692,2.539
food,fish,1.4290845314318696,8.933
energy,natural_gas,556.7511631440643,251.263
energy,electricity-grid,617.649020846509,437.989
transport,car-gasoline,269.25773940752345,51.948
consumption,home-goods,2901.2423902440178,85.919
transport,bicycle,101.74917454656968,0.425
food,fish,1.0686891166157282,4.327
transport,bus,154.51116644194474,15.928
transport,bus,113.08384131264276,10.49
transport,walking,432.92195628586336,1.226
consumption,services,9310.88507190021,90.999
food,white-meat,2.6920985151879644,18.293
consumption,other,9227.114461712757,183.471
consumption,other,3925.9977632944338,79.338
energy,natural_gas,230.72742692267843,103.354
consumption,clothing,4451.529751673763,65.433
food,red-meat,2.028136266056894,54.776
energy,natural_gas,57.35789233787267,25.407
transport,bus,226.15386148552594,23.713
food,vegan,1.2572551130226322,2.502
transport,train,371.4458150534463,16.079
consumption,services,6330.89492157811,62.442
food,other,2.4222735988686876,6.915
transport,car-electric,59.584627119436355,3.925
food,fish,0.6118805479840088,4.083
transport,flight-short,445.18117909646395,114.318
transport,flight-long,396.8266102204436,59.961
food,white-meat,2.8059950685812725,18.915
energy,coal,785.4822934478776,824.916
food,other,2.653975881931248,7.161
consumption,clothing,9394.634363923436,141.039
transport,flight-short,46.93560522763368,11.493
food,vegetarian,0.6249049116795997,0.799
transport,bicycle,49.93661558327084,-1.765
energy,natural_gas,817.2922857969219,368.564
transport,train,331.58121062169386,12.776
energy,coal,923.2091870212321,969.72
consumption,other,5742.341336945327,115.47
energy,coal,997.1165203787265,1046.114
energy,coal,416.41821621776165,438.935
food,red-meat,1.7062484371643654,46.433
energy,electricity-grid,722.4664238631988,511.852
energy,natural_gas,387.84235004334624,173.445
energy,electricity-grid,160.08315161588283,113.334
consumption,home-goods,7123.023900989497,214.152
consumption,home-goods,3326.4053897084204,99.399
food,other,0.7292990383019233,0.855
food,white-meat,1.4853904503348645,10.886
consumption,clothing,6481.899438449812,96.461
transport,motorcycle,311.5384514373739,35.017
food,vegetarian,2.3056952475908736,6.544
food,white-meat,1.6761624565440059,10.741
food,red-meat,0.9882178775400239,27.728
energy,coal,615.5081663619656,648.172
consumption,other,8337.536867379868,167.583
transport,bicycle,135.5806818575962,-0.153
consumption,services,4392.522692872734,43.651
consumption,other,3975.4998156358074,79.612
energy,natural_gas,656.5194553354505,295.248
energy,natural_gas,764.7520444750958,343.026
consumption,clothing,9178.778994270298,137.19
energy,natural_gas,132.27396643365827,59.823
food,white-meat,1.3325960584966832,10.597
food,red-meat,2.3888693146034,64.928
transport,bicycle,233.52490923703752,-0.812
food,vegan,1.8594432720997136,3.0
transport,motorcycle,245.16168494459748,27.49
transport,bus,229.5763623220342,23.754
consumption,clothing,9608.754437682683,142.893
transport,bus,370.8843341875269,38.482
energy,renewable,797.8238931698495,15.915
food,other,0.9835612776067313,1.482
transport,motorcycle,32.32280709309657,3.529
food,other,1.2155009926624598,3.62
transport,flight-short,457.9661682263776,115.782
transport,bus,368.3667824507575,38.427
consumption,services,9673.71265097662,97.667
consumption,electronics,4494.343858391084,314.617
food,vegan,2.583808605452494,3.3
consumption,home-goods,2184.4727344766993,65.215
consumption,clothing,9910.929319349554,150.416
transport,car-electric,410.5297173067457,21.197
food,other,2.1470452455201334,4.457
energy,coal,335.1461275159326,351.643
consumption,clothing,2059.850696931376,30.829
energy,natural_gas,702.8983658229729,316.751
transport,flight-long,369.45769047778526,55.215
food,red-meat,2.2405547875121674,60.805
consumption,electronics,7512.0532559855765,525.23
energy,natural_gas,852.2429230289985,381.856
energy,renewable,589.3864593267587,12.008
food,red-meat,1.9061883386246308,51.354
transport,walking,406.73958431786883,0.244
consumption,electronics,7698.6735422357715,538.822
food,fish,1.347270508209307,7.696
consumption,home-goods,8668.470320368271,262.019
transport,walking,408.136388604347,-1.06
energy,renewable,678.0588629812024,12.828
transport,motorcycle,235.75271062294192,26.331
consumption,electronics,9929.43651091853,694.376
energy,electricity-grid,800.3378044415578,565.778
consumption,other,8704.249305856045,172.838
energy,electricity-grid,425.0131663968926,301.616
transport,train,60.264939057369375,2.875
consumption,electronics,1713.011052384147,120.716
consumption,other,6224.498953019067,123.786
transport,walking,391.1328082965127,-0.569
consumption,electronics,3680.1685593208217,256.687
transport,car-gasoline,417.6354608036425,81.233
energy,natural_gas,786.0424955663743,353.663
food,vegetarian,2.4308051130659147,3.896
transport,walking,35.18004030657681,-0.107
transport,car-gasoline,96.09005890258257,18.594
consumption,home-goods,5891.678382877221,175.826
energy,renewable,611.1734855347331,13.681
consumption,services,7019.735218149329,70.884
transport,bicycle,6.436841039646154,-0.326
food,other,2.6308695023815947,8.322
transport,flight-long,327.7696174552141,50.049
consumption,other,3539.63133904705,70.139
food,white-meat,2.35769033695669,17.632
energy,renewable,21.45798266327493,0.435
transport,train,141.1625813682218,6.446
consumption,other,7142.415644297319,142.794
transport,bicycle,377.5144500994008,-0.123
consumption,home-goods,9843.399879437056,294.483
food,vegan,1.1970503406167416,0.642
food,fish,1.794209131325186,7.901
food,vegan,2.400526305481228,2.957
transport,flight-short,164.44833065554022,40.044
energy,renewable,231.93465383426633,4.636
food,other,1.7244649451531657,5.585
food,fish,1.7686309918421417,9.595
transport,flight-short,290.3372826015112,74.847
transport,car-gasoline,139.72071957594903,27.237
consumption,other,8286.641673817612,167.144
transport,car-electric,42.098703772332,2.469
energy,natural_gas,686.8088534661342,307.43
food,red-meat,1.4930820993191483,40.196
consumption,services,6936.544216033773,70.442
consumption,other,330.02564640684994,6.728
transport,motorcycle,115.23421933084435,12.06
transport,walking,20.107401712313198,0.492
consumption,services,3594.1617809933346,34.886
food,white-meat,2.3649121186956488,15.915
transport,car-gasoline,346.57902596481244,65.751
food,vegan,1.8045321968688013,0.452
transport,motorcycle,470.0646537674759,51.876
transport,car-electric,258.86355651410304,13.388
consumption,home-goods,2131.1687001510377,64.614
food,vegan,0.9976110617983911,0.772
food,vegetarian,0.6901234254788196,0.588
transport,train,409.82383190576746,16.23
energy,renewable,770.3202910233692,15.844
food,white-meat,2.3434340838489653,16.147
transport,bicycle,290.3730632028924,1.726
food,vegetarian,1.1771851383025016,1.168
consumption,services,3876.4292068446657,40.121
food,vegan,2.639786188580111,3.209
energy,electricity-grid,692.0117144574706,491.176
transport,car-electric,237.01889955941476,12.218
consumption,other,8959.579252523255,179.471
food,white-meat,2.8248289974541136,20.221
consumption,clothing,7166.667423355301,107.321
food,vegan,2.992277223244432,3.904
energy,natural_gas,367.18438722842365,166.571
consumption,services,2522.5981586476214,25.488
energy,renewable,912.8138994623092,16.767
food,red-meat,1.1127976429308588,29.645
consumption,other,5802.713895964664,115.812
consumption,services,3419.7856526305973,35.057
energy,coal,86.44982394016253,91.315
transport,walking,69.54695863287648,-1.21
food,other,1.0525072308116195,3.043
transport,flight-short,85.57464918510829,21.142
energy,coal,612.0356854048609,642.928
food,other,1.548145246064035,4.341
consumption,other,9686.83003353663,194.197
food,vegetarian,2.624454246850576,6.303
transport,flight-long,317.39013984174613,48.436
food,fish,2.7945676343929873,14.308
food,other,0.5276359967425238,2.248
energy,renewable,435.83696662507737,6.512
transport,flight-short,249.9867070783469,62.667
energy,natural_gas,314.5886506140401,141.963
food,fish,1.1103991405765545,5.848
energy,natural_gas,472.79170003971115,211.013
energy,electricity-grid,673.9841963281759,476.085
consumption,clothing,7449.19477231921,111.15
transport,bicycle,423.2924088639867,-0.586
consumption,home-goods,4546.230811826774,136.467
transport,flight-long,457.4302207510943,70.016
transport,car-gasoline,252.0938422169039,47.384
consumption,other,1523.5800730219912,29.377
food,fish,1.6823002921544483,10.676
transport,car-gasoline,235.2816139048927,44.695
energy,electricity-grid,17.76093655127943,11.898
transport,flight-long,268.27951236710743,41.2
transport,car-gasoline,50.49288929021725,11.088
transport,train,317.3352417373672,15.528
food,vegan,0.9466048272961318,0.029
food,vegan,1.0142793985426812,1.37
consumption,clothing,6281.708207447028,94.894
consumption,electronics,4162.7555282807125,290.933
energy,natural_gas,714.1770721109584,319.767
food,white-meat,2.1291304028767906,15.918
transport,walking,73.8185608165742,-0.813
energy,coal,327.047831113059,345.517
transport,train,494.2550853718867,18.86
food,fish,1.9287898025589407,11.192
energy,coal,622.2526864210184,652.115
energy,coal,345.07164419542147,362.927
transport,car-gasoline,157.32708396514164,32.713
energy,natural_gas,239.87464560045657,107.594
consumption,home-goods,8700.984605539634,261.01
consumption,home-goods,4879.613577805864,147.09
energy,renewable,883.302393121962,16.669
consumption,other,7614.698871858195,153.095
consumption,home-goods,6855.587834363087,204.821
food,white-meat,2.8140236208923435,19.709
consumption,services,7650.384693235676,77.678
food,vegan,2.312836566454204,5.683
transport,car-electric,152.1760825166225,8.288
energy,coal,348.80928270394213,365.137
transport,train,113.83120048757414,4.073
energy,electricity-grid,281.54524259259443,198.935
food,other,0.7075808737814202,2.218
consumption,other,4987.248505502581,98.733
energy,coal,497.866556296501,522.251
transport,motorcycle,469.5955268584331,51.85
energy,renewable,881.50960763826,17.923
transport,flight-short,204.5971055172708,51.81
consumption,services,4003.69174335527,39.245
energy,coal,309.44423332656385,324.182
food,white-meat,0.9924826395973514,6.598
food,vegan,1.1245580327152922,2.086
food,fish,2.5509033709895625,12.262
food,vegan,1.0160972111928694,2.513
consumption,electronics,8154.642760582793,569.64
energy,coal,539.1338274816412,566.564
consumption,clothing,651.0993173602171,11.342
consumption,services,8081.242779007234,81.515
transport,flight-short,381.8756645785616,98.171
energy,coal,99.33143912035091,104.867
food,fish,2.490999971926615,13.914
energy,electricity-grid,672.170129832663,475.523
transport,train,42.7175382311826,0.947
food,white-meat,1.548542322242231,11.483
consumption,home-goods,7363.387394184938,220.621
energy,electricity-grid,429.69419446410626,303.665
transport,bus,495.7088702345157,50.22
food,red-meat,0.8982768388125374,24.484
energy,renewable,785.0950295897829,14.333
food,other,2.331904653454207,6.691
energy,renewable,277.7032797149592,4.995
consumption,clothing,7151.395617629526,105.973
consumption,clothing,6872.934957327887,104.803
transport,bus,205.74746018547094,22.196
transport,motorcycle,394.07267286075637,42.509
food,fish,0.5115007572316295,2.76
transport,flight-long,421.1273766906004,61.203
transport,motorcycle,256.6221066414415,28.672
food,white-meat,2.8246062340842655,18.64
consumption,electronics,6902.457051765116,483.973
food,fish,1.396064355950372,7.265
consumption,services,6383.086458640974,64.704
food,fish,1.5075224998297996,8.761
energy,electricity-grid,982.5636557491708,695.749
food,fish,2.7153000286579108,12.948
consumption,clothing,7026.728247624995,105.042
energy,natural_gas,641.4252874529811,288.208
consumption,services,2856.8866606229217,26.707
food,red-meat,1.04595532564081,28.866
consumption,electronics,7324.110414319655,512.906
consumption,services,4671.70206280174,46.532
consumption,home-goods,4362.4169004490905,131.141
energy,renewable,455.0090433346281,11.098
consumption,clothing,7531.303426837676,112.499
food,fish,1.4893765132149692,8.616
transport,walking,180.18909538465914,0.485
consumption,clothing,2207.5004660452564,35.224
transport,car-electric,322.2877542702047,16.637
consumption,services,3626.7421840789484,35.766
food,fish,0.7293601271999433,3.175
consumption,services,6300.690267804165,62.423
transport,bus,169.07767265429916,17.359
consumption,services,8415.42423913381,85.001
energy,renewable,393.8285370454319,7.654
consumption,services,1237.938233793798,13.485
transport,flight-short,487.8408996173872,126.068
transport,walking,20.296351965386258,1.039
transport,train,254.17440806905722,9.778
consumption,other,3435.8503476290493,69.726
food,white-meat,2.4772940006953226,16.476
consumption,home-goods,6252.5390641979275,188.871
energy,electricity-grid,741.013047490673,525.24
transport,motorcycle,498.7480892772121,55.463
transport,car-electric,232.0238589077104,11.827
consumption,services,4187.607815234161,41.515
energy,renewable,618.4546070419401,11.99
transport,car-gasoline,11.39757630477839,2.116
transport,flight-long,79.6961147112637,11.217
consumption,electronics,2358.461702753981,163.72
consumption,electronics,7298.998856686344,510.426
transport,train,41.50967099045475,1.331
food,fish,1.223260792760133,8.467
food,fish,2.327152057611425,12.102
transport,bus,41.35542931990264,4.181
food,fish,0.5204067786430401,2.034
consumption,electronics,2511.0146626613755,176.165
energy,electricity-grid,133.41156101995068,94.73
transport,flight-short,400.7004459201608,100.866
energy,electricity-grid,699.4972768795017,495.713
energy,coal,755.9055906660258,792.629
energy,renewable,933.2324093965377,16.825
consumption,services,9474.916624536847,96.412
transport,motorcycle,483.6345244652545,53.887
energy,renewable,483.75292008890676,9.949
energy,renewable,323.2894493799762,6.343
transport,motorcycle,126.71816599214762,14.841
energy,coal,136.6712984636231,143.408
energy,renewable,745.2914975674905,13.916
food,fish,1.0996043712022239,5.845
energy,renewable,511.57911095526214,8.86
energy,electricity-grid,563.8255416662345,398.823
consumption,services,1918.6873866978121,19.483
transport,walking,296.2485293464688,-1.626
transport,flight-short,473.30649170333135,120.957
energy,renewable,171.7254518639368,5.476
consumption,clothing,4214.727701466718,64.65
food,vegetarian,1.1410717366292693,3.447
energy,electricity-grid,486.3375437841494,344.567
food,white-meat,0.5074503269558274,2.645
energy,electricity-grid,280.4153183436197,197.579
consumption,home-goods,9689.222093703524,289.873
food,vegetarian,0.883080800586528,3.597
energy,renewable,647.4151448420004,13.04
food,red-meat,2.347108773136316,63.184
transport,train,48.912702701498084,1.278
consumption,services,8901.795315577481,89.114
transport,walking,272.10153786512205,0.342
consumption,clothing,8186.1081528836785,121.033
consumption,home-goods,1111.1945384079038,34.676
energy,coal,100.42288576590258,105.695
energy,electricity-grid,796.9393028523315,563.263
transport,bicycle,198.0067968023284,-0.127
energy,renewable,440.45530682355707,10.462
transport,walking,100.27136690814996,0.499
consumption,services,758.6790859204303,8.057
energy,renewable,155.4579021488334,3.061
transport,flight-long,33.222249504970854,4.932
transport,train,102.77719633707457,2.869
transport,flight-long,328.37948737162577,50.446
food,vegetarian,2.6199636498206154,5.442
transport,walking,133.8453737958781,-0.722
energy,natural_gas,83.42257965214579,36.048
food,red-meat,0.8038526733104852,19.326
energy,coal,887.5950345511038,931.639
energy,renewable,21.2511013100756,1.624
consumption,other,9219.843484632514,183.994
energy,electricity-grid,920.5872816970958,651.768
energy,electricity-grid,769.8948240101594,545.399
consumption,electronics,8380.993489605124,585.966
transport,bus,374.0978135551898,40.166
energy,electricity-grid,862.735772036147,610.775
transport,car-gasoline,259.1499147412681,48.542
food,vegetarian,2.157821845610468,3.69
food,white-meat,0.8673449898650316,7.014
transport,flight-short,455.74277341812285,117.932
consumption,other,7013.246146771088,140.904
transport,car-gasoline,25.327685765765064,3.516
food,fish,2.5997708300401774,13.098
consumption,home-goods,3216.9372735088587,97.552
energy,natural_gas,996.6979428886351,449.401
food,white-meat,1.5426472018813062,11.584
consumption,clothing,4779.6675636787,70.017
transport,bus,10.560859713515153,-0.481
food,white-meat,2.540384309706321,16.078
food,red-meat,2.0756242688390407,55.762
transport,flight-short,133.71999993834874,33.629
food,vegetarian,1.0648938515941306,3.441
energy,electricity-grid,385.64565055159244,271.743
transport,bicycle,68.26175010487763,0.81
consumption,clothing,2712.195749181745,40.761
transport,flight-short,340.14158957159134,86.608
food,other,2.8614509873952922,9.663
transport,car-gasoline,448.6147998693624,89.12
energy,renewable,304.60422824543974,7.312
energy,natural_gas,971.0363838867337,437.515
consumption,clothing,6435.433167458918,96.815
energy,coal,820.2217494074905,861.106
consumption,other,2195.825093366345,44.691
energy,electricity-grid,534.475307989882,378.31
energy,renewable,930.2385459330303,19.948
consumption,services,7772.138147872327,75.71
food,white-meat,1.4228397699103374,10.747
transport,motorcycle,457.03740702118915,49.721
consumption,electronics,7140.638282957543,501.282
transport,bus,321.34996010242173,34.634
food,vegan,1.8440658054509047,5.366
energy,coal,907.6609936614154,953.419
food,red-meat,1.324804552608862,35.592
food,vegetarian,2.9903822605016153,6.362
transport,train,446.86685653993146,19.14
transport,bus,287.0909178129706,31.322
consumption,electronics,3749.5380856601137,262.298
consumption,clothing,2131.3866981284664,32.118
transport,flight-long,149.40890570147744,24.557
energy,natural_gas,370.9775234141369,168.108
food,fish,2.491808408273412,12.21
food,white-meat,1.3147017171658364,7.365
transport,flight-short,142.9638952438014,35.622
consumption,electronics,6568.413454886434,459.316
consumption,clothing,6450.859661017122,97.424
transport,flight-short,48.883306401723985,14.498
transport,bicycle,465.4853754929264,-1.072
transport,bicycle,266.15256404684806,-1.036
energy,electricity-grid,505.9362150610869,359.481
energy,electricity-grid,6.835758521388739,4.794
transport,train,270.9845601924596,11.047
consumption,home-goods,2798.028953344712,84.57
food,vegetarian,2.2930136997360964,4.58
food,fish,0.5851234538839063,2.699
consumption,other,2090.5940781211525,39.813
transport,bus,231.0904894150597,24.737
transport,bicycle,183.3616254349486,0.452
food,vegetarian,1.3737074430600353,3.919
energy,natural_gas,454.1875902122648,205.423
consumption,services,5414.949163689191,54.018
food,vegan,2.8768740151056464,3.135
food,white-meat,2.9502477577699446,18.765
transport,car-gasoline,432.0443309397511,83.214
transport,car-gasoline,223.07759637411783,42.361
energy,renewable,286.9368779246882,6.059
transport,bicycle,348.9082559191281,0.198
transport,flight-long,116.49513248850054,17.872
transport,walking,396.2500639904023,-2.425
food,vegetarian,2.7992293345217045,6.294
consumption,other,5813.006303406607,116.81
food,white-meat,1.4377692582957895,9.821
food,white-meat,1.08226139303879,9.229
consumption,services,8735.071207323075,87.469
food,other,2.944750118215472,7.709
transport,flight-long,26.002607825980952,3.216
consumption,other,3977.0377427251515,79.525
consumption,other,6273.42335983295,127.212
transport,car-electric,31.692861842972597,4.428
transport,train,457.88128275582204,19.327
transport,bicycle,72.41713671573626,0.967
transport,flight-long,221.31664601918638,34.45
transport,bus,110.06532551964845,11.717
energy,natural_gas,550.8590337353073,247.868
consumption,home-goods,7844.346431236232,234.606
transport,train,322.58172971820517,12.211
consumption,home-goods,2611.1786403696888,78.007
consumption,other,4005.7817874523116,80.852
transport,train,182.06905111845583,8.353
consumption,services,3823.4491416325754,38.028
energy,coal,759.1976945603864,796.745
transport,bicycle,254.82864141287925,1.321
energy,coal,303.6141510628814,318.281
food,vegan,0.6579451248845485,0.587
transport,bicycle,480.71953821777123,0.165
food,fish,0.7003583883338605,3.941
consumption,other,5059.334405320255,100.212
food,white-meat,1.928184048012413,15.857
food,white-meat,0.5734157486701192,3.502
energy,renewable,948.5778029151121,20.224
energy,natural_gas,90.46508210705514,39.976
energy,natural_gas,62.79632354339225,27.552
consumption,other,6745.293349693423,135.686
energy,renewable,456.41250323033256,8.108
food,fish,2.215562507964984,11.933
food,fish,1.0852447975599986,5.042
transport,car-gasoline,332.73369852419876,62.682
energy,coal,165.61111094029107,173.725
food,fish,1.0181164056051455,5.019
consumption,services,9596.654810143164,93.71
food,white-meat,2.950350720908351,20.22
consumption,clothing,8095.874741069095,120.655
transport,motorcycle,192.28105892109897,21.195
food,vegetarian,2.3379421254016988,3.911
energy,renewable,590.9409681035778,12.704
food,vegan,0.6692598254453126,1.795
consumption,clothing,3885.1172259533955,58.036
transport,bus,299.8520983446917,31.205
energy,natural_gas,623.3845780389081,280.113
food,vegetarian,1.2862444234494719,1.752
food,white-meat,1.9535528616315432,12.576
food,vegetarian,1.0633399576953657,2.914
food,fish,1.372602489226296,8.607
consumption,home-goods,8294.302797121025,248.1
consumption,home-goods,7362.8588153846185,221.245
energy,renewable,295.128677196784,4.6
energy,coal,399.8013169341531,419.305
energy,renewable,673.4480169596558,12.986
food,white-meat,1.9458034966062523,14.213
food,fish,2.5175340891647093,11.687
transport,car-electric,397.05389673485274,20.002
transport,flight-short,186.80614195286168,47.016
energy,coal,699.0293404907906,733.81
consumption,home-goods,219.0927833919515,5.926
food,other,0.9935717710014274,1.892
food,vegetarian,1.4613637816063456,5.093
transport,motorcycle,171.7986396729652,19.157
food,white-meat,1.8911359464895998,12.076
energy,renewable,207.68141715191098,4.741
consumption,other,9311.02689602341,185.902
transport,walking,337.56421410909513,-0.008
consumption,services,1409.0599368454182,13.94
food,other,2.3062161761344813,5.671
consumption,electronics,2076.7825342374967,145.38
transport,flight-long,17.051295405758236,6.706
energy,coal,240.8222147104288,252.04
consumption,electronics,4374.369913778428,307.28
transport,car-electric,415.41068021801095,21.764
food,white-meat,0.6659515181983775,5.613
energy,renewable,576.3778450041472,11.184
energy,electricity-grid,481.92580606901487,340.377
consumption,clothing,2961.206296019867,43.253
food,fish,2.3158124953349213,12.077
food,other,2.458981643543326,8.17
transport,motorcycle,453.8456682834329,50.154
food,white-meat,1.4134775308338325,10.063
energy,electricity-grid,428.34712090838894,304.67
transport,flight-long,325.1527999079392,49.526
transport,motorcycle,355.7988284892619,37.6
transport,motorcycle,220.82990297349642,22.179
consumption,services,2185.7149041980692,21.876
food,red-meat,2.1441935844815756,58.166
food,red-meat,2.5506857347743663,69.964
transport,train,174.8014092757079,7.501
transport,car-gasoline,178.74526232434522,35.013
energy,electricity-grid,309.74518775834946,217.851
consumption,other,4119.819853100751,80.458
food,vegan,2.089390835918798,1.999
energy,electricity-grid,468.10339129016506,331.368
food,vegan,1.3046991272153015,2.3
transport,train,6.864377539394284,-0.838
consumption,clothing,8022.351595268789,121.497
consumption,clothing,2323.177448736455,34.483
consumption,electronics,7218.659755241219,503.958
energy,electricity-grid,326.145420214933,229.508
consumption,services,3992.4162643191266,39.622
consumption,other,1316.2916445195372,27.47
energy,natural_gas,258.51691848969926,115.511
consumption,electronics,9566.954321990868,668.69
energy,natural_gas,858.1725148418893,386.945
transport,bicycle,498.53254089841624,-0.447
transport,train,219.9886590558349,8.786
transport,bicycle,156.3081954651093,-0.704
transport,car-electric,473.88097621757856,23.708
transport,car-gasoline,190.83575387187892,37.529
transport,train,297.3851771942407,11.573
transport,walking,44.894924725515814,-0.668
food,vegetarian,2.856863133751582,6.13
consumption,other,9675.892999225987,193.47
consumption,clothing,6320.5921108728835,93.929
food,white-meat,0.9384195063509433,7.345
energy,natural_gas,846.7854212397747,380.21
food,fish,0.5881111226753908,3.266
consumption,other,4574.206941009364,91.426
consumption,electronics,3397.653490580261,238.487
transport,car-gasoline,462.23917168654776,89.933
transport,car-electric,302.1018577264865,15.227
energy,electricity-grid,346.3699787817411,246.071
consumption,home-goods,3238.330405481555,95.441
consumption,home-goods,6381.839811158088,191.913
food,white-meat,1.1224581655787855,8.266
energy,renewable,223.93009779069902,4.439
consumption,services,3945.4024959384024,38.97
food,other,2.454194803253604,7.876
food,vegan,0.898565517220755,0.341
transport,bicycle,270.34247908660006,1.939
energy,natural_gas,350.38985125313957,157.121
food,fish,1.927102088305311,10.162
food,white-meat,2.438028293085428,18.211
energy,natural_gas,452.70859145694806,205.43
food,vegan,0.9044714625590756,2.929
energy,renewable,129.9243331228967,1.859
energy,electricity-grid,585.6649028984073,413.995
transport,flight-short,78.78932829011457,19.586
food,fish,1.732621615717642,8.283
food,red-meat,2.5120311524455947,68.966
transport,flight-long,441.6048917249849,65.601
consumption,home-goods,4440.696895225269,133.791
transport,flight-long,404.46915098932635,59.611
consumption,home-goods,6413.760039654207,190.094
food,red-meat,0.9457482020893897,25.862
energy,coal,283.9702183001741,298.454
consumption,electronics,9625.598955318648,675.669
food,white-meat,0.6366826799438864,3.625
consumption,home-goods,8452.64310600999,254.475
consumption,services,8066.693661608785,81.019
consumption,services,9544.864570171345,96.892
consumption,home-goods,6230.305140470459,187.664
energy,coal,356.5507754035505,374.079
food,white-meat,0.9224534230554458,5.766
energy,natural_gas,931.0341499015275,419.739
food,vegetarian,0.9097930073589623,1.396
energy,coal,684.436150435173,718.23
energy,electricity-grid,194.83591829136458,136.661
energy,renewable,961.8248276942518,18.483
consumption,clothing,5243.969570544265,79.764
energy,renewable,262.1739409771491,5.104
energy,electricity-grid,337.53254742901896,239.649
energy,electricity-grid,199.72948525161462,141.174
energy,electricity-grid,199.31044388582265,142.057
energy,coal,669.5892844465768,703.354
transport,car-electric,17.704556224534855,1.631
consumption,clothing,3818.233824842208,57.483
transport,flight-short,425.7152860636965,109.996
energy,natural_gas,440.118631026605,198.169
food,red-meat,1.7162510352567837,46.993
food,vegan,0.6739029587160368,2.803
food,other,1.505778302935405,5.923
transport,walking,167.575964707748,-1.975
transport,car-electric,309.93823295640703,16.237
food,other,1.2626790936983727,4.171
consumption,other,3370.1012840722083,69.106
energy,renewable,559.8804715913948,9.604
energy,electricity-grid,284.05685068247715,201.703
transport,flight-short,191.91416373600126,50.239
energy,renewable,93.54373231911819,0.534
transport,motorcycle,273.6027368695615,28.946
energy,coal,789.9420315566916,829.208
consumption,electronics,9667.975145549522,677.542
transport,train,324.6524591960022,11.62
energy,coal,668.3046370596068,701.396
consumption,other,6384.110574802089,126.141
energy,coal,287.81686272142247,301.876
consumption,other,4584.407831649603,93.189
energy,renewable,180.1229624769028,4.389
energy,electricity-grid,66.94032947585626,49.191
food,red-meat,0.893628334115663,23.159
energy,electricity-grid,534.5777265641108,379.325
transport,walking,364.93105316847954,-0.471
consumption,home-goods,5917.3626462814145,178.062
energy,renewable,196.9965562775409,2.853
energy,coal,298.7809946894317,314.633
transport,flight-long,414.05331966216517,63.285
transport,train,163.59144673229292,6.357
energy,natural_gas,430.919148432497,193.661
energy,coal,28.575574395441766,31.458
transport,train,469.2774758909588,19.791
food,other,0.7593754423013348,3.146
food,fish,0.5142205588234425,2.439
food,fish,2.754158536691895,12.952
consumption,electronics,762.5385252907064,54.095
food,red-meat,2.863626375294472,76.754
food,fish,1.5253449643036037,8.606
energy,renewable,806.5939597711985,15.333
energy,renewable,794.1333479597189,15.947
food,fish,2.85777016930033,12.785
food,white-meat,2.5121472886642895,18.195
food,other,1.6362277006636368,5.602
consumption,clothing,1961.36684242738,29.268
consumption,services,9102.622995738826,90.127
consumption,home-goods,8393.73310730692,251.278
energy,renewable,646.936066445238,13.708
transport,motorcycle,46.95908619378065,6.366
energy,natural_gas,27.32609257580718,11.742
food,white-meat,2.5731327378090443,17.181
consumption,other,5534.5465559092345,112.236
consumption,services,5891.915385285411,59.948
energy,coal,900.6101329938392,945.359
food,white-meat,1.8240121351649028,14.121
energy,electricity-grid,82.7173147136223,57.7
food,vegan,2.218096035844504,4.233
food,other,0.9379163097493446,2.502
transport,bicycle,362.1510766645124,0.022
transport,car-electric,395.2144989981943,21.124
food,fish,2.9886174939874617,15.552
energy,coal,583.1647266199484,613.002
energy,natural_gas,951.0863546809508,426.696
consumption,clothing,808.3787354663776,12.37
energy,coal,808.8031907243466,848.65
transport,bus,170.32504633412097,17.681
food,white-meat,2.923966172271987,20.116
transport,train,71.99717543420864,4.638
food,vegetarian,1.4150013693763015,1.51
consumption,services,9570.493604620773,96.742
food,other,1.3336610711478907,3.173
consumption,services,294.5870573056621,3.863
energy,coal,951.6566764488282,999.983
transport,car-gasoline,354.2170246155921,67.301
energy,electricity-grid,185.55300394878805,132.421
energy,natural_gas,710.5666743975636,320.039
energy,electricity-grid,258.2564877988031,182.968
transport,bus,83.01482947551592,9.523
food,red-meat,2.32528359475425,64.209
transport,car-electric,260.5629258281219,13.805
food,fish,2.9201284895521638,16.614
food,vegetarian,0.8817438640891211,0.972
food,fish,1.5904499235450607,8.655
energy,coal,933.3402269572792,979.329
energy,electricity-grid,480.16148784589865,340.307
food,white-meat,2.723651034043492,18.361
consumption,other,9799.111230199083,195.852
consumption,home-goods,4438.005729265079,132.893
energy,natural_gas,899.6032573714149,405.723
transport,motorcycle,21.895474787634146,1.971
energy,renewable,60.60256110727428,2.066
food,vegetarian,2.264939437812258,4.298
energy,natural_gas,45.875135186893466,21.87
food,fish,2.043234566145218,10.628
consumption,other,7907.460401733028,158.769
food,vegetarian,2.364917019715212,3.916
consumption,other,703.3922860070982,13.775
consumption,clothing,4646.641686958287,69.006
food,vegan,0.5844703885862983,-0.532
consumption,home-goods,4742.096260479026,141.926
consumption,clothing,2496.99458864129,37.635
transport,bus,128.11629367500777,14.697
energy,electricity-grid,503.72854208002497,356.487
consumption,home-goods,5660.845303528347,170.608
consumption,home-goods,8874.586276539585,265.096
food,fish,0.7447708007487457,2.745
food,red-meat,0.9628792183583328,27.243
consumption,clothing,540.1443103717845,7.978
transport,motorcycle,138.36977774763528,13.497
transport,car-gasoline,358.6192622731859,70.031
food,fish,2.061393756280228,10.196
transport,car-gasoline,87.35791265115176,16.272
transport,car-electric,88.83804824107571,4.415
food,other,0.8014225423877879,2.573
consumption,services,8770.63019306148,89.057
transport,motorcycle,250.50367229862525,26.986
energy,natural_gas,368.2483504848813,166.232
food,white-meat,2.60590318641588,15.13
energy,coal,963.9982476623585,1010.778
consumption,home-goods,9805.844077372793,294.33
food,other,2.8925410828370834,8.406
consumption,electronics,6094.018818958841,427.972
food,fish,0.6917480415377992,3.678
consumption,clothing,1472.825634394616,22.763
consumption,home-goods,6497.244833808821,194.578
energy,renewable,999.2772494202908,20.278
consumption,clothing,4701.0061044002005,71.676
consumption,home-goods,7394.986286557986,222.148
transport,walking,257.03452758867365,-1.399
consumption,clothing,9054.184672782409,135.981
consumption,clothing,8700.40648058122,130.468
food,other,2.9220578461429225,8.33
transport,bus,305.82460004134197,32.385
energy,electricity-grid,223.96976676046353,156.113
food,red-meat,1.4884811945928182,40.197
energy,coal,976.8395927753755,1025.168
consumption,services,5234.9058864779,52.402
transport,motorcycle,121.15885565913109,13.488
transport,walking,378.5008473004807,0.904
transport,motorcycle,150.82862328217848,18.161
energy,electricity-grid,922.3591297836223,652.234
consumption,electronics,9659.548316843779,677.358
transport,motorcycle,101.12435772336045,10.976
consumption,other,4165.5647959773705,83.539
energy,natural_gas,870.7250380925582,392.387
transport,motorcycle,490.2830569803491,52.977
consumption,electronics,5180.61774149746,363.711
consumption,electronics,1792.9787241330919,126.42
food,vegan,2.4258023350816957,5.563
transport,motorcycle,20.902705561679678,3.245
energy,electricity-grid,821.5844056057729,580.164
food,fish,1.036833755960571,5.1
energy,electricity-grid,470.8692750113561,332.709
food,other,0.8610157532588112,4.242
energy,natural_gas,850.2651504905919,382.88
transport,walking,243.87729603666187,-0.451
food,fish,1.3786544810816663,6.557
consumption,home-goods,5935.224866440361,178.247
food,fish,2.714148359085828,12.398
food,vegan,2.067470998977429,3.52
food,vegetarian,1.3840450730062384,2.87
consumption,electronics,7453.661034823053,520.815
consumption,electronics,4478.71203438182,315.389
food,vegan,2.5522533457955467,3.461
energy,coal,343.17537045314594,361.04
consumption,clothing,2705.5629241881493,39.52
energy,electricity-grid,61.92233385676729,43.608
consumption,clothing,2731.571504208444,39.631
energy,electricity-grid,336.45754431931766,239.454
consumption,electronics,9144.300368242315,639.518
energy,coal,519.2431838557064,543.258
consumption,clothing,8161.457449410576,123.039
food,fish,2.0859931487427112,10.686
transport,walking,371.50553419317504,-0.96
food,other,0.6289952838704203,1.227
transport,flight-short,357.4569239941861,90.912
transport,train,179.50228981606415,9.457
food,vegan,0.5151765570345308,0.959
food,red-meat,0.9929817309301027,26.44
consumption,home-goods,1110.8002087965474,32.482
transport,car-gasoline,5.223746387037458,1.086
consumption,home-goods,6531.262553002344,196.36
consumption,home-goods,1357.585171655558,42.094
energy,coal,119.95435255675821,123.996
energy,electricity-grid,798.43607955994,564.897
consumption,services,8931.208575076722,89.526
consumption,clothing,6835.989535057359,103.443
energy,renewable,584.9253852166147,11.394
food,red-meat,1.872703594563303,49.468
consumption,electronics,3769.2591559070747,263.714
energy,electricity-grid,198.34933352664999,140.379
consumption,services,8741.078772596378,87.287
food,vegan,1.8347355565034515,1.975
transport,car-electric,6.969169216412994,0.619
consumption,clothing,8453.165466450826,128.079
energy,electricity-grid,671.7477310175094,475.478
energy,natural_gas,272.63214035709234,123.064
transport,flight-long,485.4851231110197,73.743
consumption,home-goods,9587.15728013404,286.979
transport,car-gasoline,190.97971973650212,35.705
food,white-meat,2.392645482093589,16.224
transport,train,227.47103874616016,10.722
food,red-meat,1.4705277491077549,38.612
food,fish,1.440306077305684,8.067
energy,coal,254.62496055068476,267.468
consumption,services,5766.318058638908,60.539
food,red-meat,2.1573731835740277,56.145
energy,coal,727.9933752303834,764.424
transport,flight-long,423.9612748292075,63.666
consumption,clothing,9162.13195764252,138.253
consumption,services,7283.315127387346,73.044
energy,renewable,93.27846843662073,2.515
consumption,clothing,6061.709909899458,90.929
transport,motorcycle,205.55485066884498,23.141
transport,car-electric,131.4206500631428,6.346
energy,coal,675.863388889325,709.045
consumption,clothing,1425.716691355066,21.573
food,vegan,2.842987317796634,5.084
consumption,electronics,7906.449734490192,554.869
transport,train,391.0474514781359,15.051
energy,electricity-grid,335.1341322853314,236.932
food,fish,1.8926921049360756,9.907
energy,coal,451.42335717083756,474.863
food,red-meat,2.013631915344794,54.865
consumption,other,226.0346350554257,4.389
consumption,services,6391.67387079051,63.325
energy,coal,596.3747886284718,624.416
transport,bus,469.5066087331883,49.074
consumption,other,8421.6268757282,169.075
energy,natural_gas,998.4965121401226,448.452
transport,car-electric,453.31671291843855,22.718
consumption,other,8539.107252979049,171.946
transport,bus,185.1161345582331,20.729
food,white-meat,1.3544321676195812,7.95
consumption,other,9303.984203233209,186.102
food,other,0.965767935288367,2.765
transport,bus,26.273404327577573,2.169
energy,renewable,922.0876108692871,19.264
transport,bus,248.92447804437435,25.642
energy,coal,27.869492188280198,29.62
food,vegetarian,2.004467911017789,4.098
transport,bicycle,291.64560910431646,-0.315
transport,bus,5.837888998852906,0.18
transport,motorcycle,458.8640444300945,52.734
transport,walking,57.61338944908421,-0.57
food,white-meat,1.5949212653717981,10.507
transport,flight-long,90.40427054451871,14.64
energy,renewable,82.10952508322258,1.622
transport,car-electric,137.64022061254335,5.982
energy,electricity-grid,36.665727428306155,26.381
consumption,home-goods,6477.104699075375,195.795
consumption,home-goods,5320.251135079712,158.79
transport,bus,477.4751778917989,50.473
consumption,home-goods,9491.15351926913,286.782
energy,electricity-grid,930.0641882372358,657.539
food,red-meat,2.168607940454687,59.457
food,red-meat,2.2006052112923267,58.492
consumption,other,8249.6717410989,164.757
consumption,clothing,1619.8711780348299,24.996
transport,bicycle,287.96323063175606,1.323
energy,renewable,177.6876104600729,3.154
consumption,electronics,7978.54869361264,557.734
food,vegetarian,1.7280712552862691,3.391
transport,train,253.44200676745777,10.586
food,red-meat,1.731129262155162,46.672
food,red-meat,1.222585160558743,31.25
consumption,services,2120.6783710204822,22.415
transport,car-gasoline,362.04493071268655,69.671
food,white-meat,0.5562919401758094,3.393
energy,coal,919.8576805159057,964.849
food,vegan,2.314056194961739,2.881
food,other,0.6809333575437613,2.146
energy,natural_gas,647.3879895425201,290.538
energy,natural_gas,945.765653618675,426.721
food,red-meat,2.3554450536144502,62.593
food,vegan,0.9714824962375099,0.253
consumption,clothing,4999.457032949108,74.334
transport,bus,471.87169766015876,50.361
food,white-meat,2.0881478466173173,13.453
transport,car-electric,390.33355446922076,19.839
consumption,electronics,1024.3582273564984,71.532
consumption,services,907.4213464874654,9.167
energy,natural_gas,570.9150688028262,256.546
food,red-meat,2.81988063741408,76.776
consumption,clothing,8036.634703643821,120.671
transport,train,79.18997359240473,2.692
food,other,0.8765820657179808,3.219
consumption,clothing,9647.686517187638,143.759
food,white-meat,1.0286794409155624,7.78
consumption,services,2279.3637973074683,22.4
transport,bicycle,103.42224422642815,0.187
transport,car-gasoline,129.57748626913417,24.943
consumption,clothing,7015.638516307346,104.479
consumption,home-goods,421.78831837918034,13.585
consumption,services,7803.231869554377,76.743
food,white-meat,2.5420050574739004,18.004
consumption,electronics,3374.8693721789555,236.954
transport,flight-short,110.63552089481078,30.131
consumption,home-goods,1632.6852141509244,49.941
transport,motorcycle,362.42295908847314,40.166
transport,bicycle,68.87718601392378,0.465
food,red-meat,0.9653056113218901,26.291
food,fish,1.1493383261668697,5.894
food,red-meat,1.0585115615905663,27.618
transport,car-electric,237.4834604506087,13.621
transport,flight-short,212.15200741699024,54.654
transport,flight-short,373.2945521488318,92.314
transport,bus,356.8638379626026,36.742
transport,walking,318.6856184188821,2.294
consumption,other,2928.207374718523,59.384
energy,electricity-grid,213.50058165684456,150.416
energy,renewable,889.4987043308087,16.757
transport,flight-long,41.87076427963919,5.145
energy,renewable,758.0747194027391,14.739
consumption,clothing,6681.642571997801,101.458
consumption,home-goods,7580.6057214933435,226.95
consumption,services,8013.106795512285,79.01
transport,flight-short,207.81164073411622,52.592
consumption,clothing,9858.387677956893,148.224
food,vegan,2.2447727551875345,3.65
energy,coal,391.1244578058594,408.947
food,vegetarian,1.90587832214745,2.245
consumption,electronics,2595.6960454269656,182.71
consumption,electronics,1019.8830946167509,72.195
transport,walking,476.77877336057117,1.231
energy,natural_gas,798.1922909535122,357.794
consumption,clothing,1747.300405223062,25.73
energy,coal,521.1518418875585,548.614
consumption,home-goods,6554.375742777021,196.548
energy,coal,388.1884244003143,407.148
food,vegan,1.0246395012113485,2.265
consumption,other,2549.223206751734,50.842
food,fish,2.1729277352875407,12.065
consumption,clothing,447.26619855594805,5.547
consumption,other,3521.716142005514,69.075
energy,natural_gas,477.00615154054,216.334
transport,motorcycle,378.6677834853218,40.743
food,vegetarian,1.9979121834179163,3.286
energy,electricity-grid,337.5576706138789,237.543
energy,electricity-grid,233.76399106489959,164.095
food,fish,2.9829405453137197,16.002
consumption,home-goods,5574.270734697181,168.337
energy,coal,36.44792174055178,38.721
transport,bicycle,246.43697902182166,-0.53
energy,electricity-grid,628.7288725987397,445.387
energy,renewable,643.0976862459387,11.97
food,red-meat,1.2759896507112964,32.842
energy,electricity-grid,675.3957769102735,479.475
energy,electricity-grid,889.1357550861701,629.935
consumption,other,2017.530917971458,39.069
transport,train,159.94507504049713,6.823
energy,electricity-grid,681.7935046899181,481.82
transport,bus,62.554330353447995,4.796
transport,flight-long,62.09052968044639,7.306
transport,bus,73.14386800839115,6.749
transport,train,83.01486224141,2.918
transport,flight-long,32.265826498400905,4.175
transport,walking,217.69981237077187,1.403
food,white-meat,2.254748359672434,15.012
transport,bus,243.33076471588103,25.031
energy,natural_gas,383.6278647455111,171.709
energy,natural_gas,42.01968392756551,17.587
energy,renewable,682.1133937337061,14.4
food,fish,1.489461954934734,7.262
food,white-meat,2.3589202944767504,16.769
transport,car-gasoline,22.73727379450321,3.257
food,white-meat,1.482682996162029,8.879
energy,electricity-grid,183.17765695365625,128.91
food,white-meat,1.189341132719517,7.958
consumption,electronics,8992.654298500749,630.466
energy,electricity-grid,111.58490009999585,78.751
food,other,2.347761340521768,8.441
consumption,clothing,7811.299570553707,116.951
energy,renewable,330.42333919547775,6.096
food,other,1.2075345077023685,1.563
consumption,electronics,6054.832916966749,422.972
transport,car-electric,163.4255804981178,7.978
transport,car-electric,499.0669278459888,24.849
consumption,electronics,1232.2216602882143,87.416
transport,car-gasoline,57.85886122657567,12.486
food,fish,0.7269494008867143,4.512
transport,flight-long,361.72715012221425,54.078
food,fish,2.7087143558388074,12.651
transport,motorcycle,140.53952569781168,15.291
transport,train,474.91077436457493,19.753
energy,renewable,95.50138599905321,1.787
transport,walking,129.64671518512924,-0.221
food,vegan,1.243494432894309,-0.084
transport,car-electric,54.92657834529072,2.642
energy,natural_gas,833.9151819897625,374.197
energy,natural_gas,475.27423855918437,212.659
consumption,clothing,7913.686442523559,118.248
food,vegetarian,0.984739785958447,-0.93
consumption,electronics,5448.581939577947,381.935
consumption,home-goods,3126.63484656765,93.967
transport,flight-short,132.35227152757304,31.632
transport,flight-short,321.3845705802889,82.881
consumption,other,1677.033464414716,33.543
energy,electricity-grid,482.2404818092877,342.889
food,vegetarian,2.7062328185478663,5.173
energy,electricity-grid,875.3863460503399,619.781
consumption,other,6229.310193379604,124.79
energy,renewable,482.37879173390786,9.778
consumption,clothing,5064.022086527183,76.24
energy,electricity-grid,795.2575542714854,562.521
food,fish,0.9487535132275036,5.642
food,vegetarian,1.0763378049792935,2.233
transport,flight-long,223.88233530386964,33.403
consumption,other,1608.8853511056357,31.2
consumption,home-goods,6571.3008759851355,195.932
transport,car-electric,187.26602717478707,9.358
food,red-meat,1.7590538277218295,48.662
energy,renewable,194.12068324796937,4.236
food,other,2.387816973335328,9.056
food,other,0.6084082504205675,1.977
energy,renewable,537.9819068418022,12.161
food,vegetarian,0.8737657746844925,-0.039
energy,natural_gas,92.24360346890091,40.612
food,white-meat,0.9045801689655535,7.067
transport,flight-short,395.57668380806666,100.607
energy,renewable,276.4787348887048,5.612
transport,bus,91.5091428024894,8.619
transport,motorcycle,328.0140637634736,33.674
food,vegan,1.6418035301858378,0.658
food,vegetarian,0.5207332735946425,1.921
consumption,other,8173.308899847714,161.901
food,red-meat,2.2728301388939696,60.462
transport,motorcycle,375.09339268995575,41.957
consumption,services,66.65435063258846,-0.118
energy,natural_gas,920.0171301120653,412.814
energy,natural_gas,468.0672879553232,209.535
food,vegetarian,1.6095895620062906,2.015
transport,bicycle,425.03796769474974,1.598
transport,car-electric,103.52389610555328,4.526
consumption,other,5683.557792486086,114.51
food,red-meat,0.5707786684630753,15.971
energy,natural_gas,497.8181483918175,222.105
energy,coal,674.2146236070141,709.038
energy,coal,861.7439270567253,904.526
food,white-meat,2.896512028248839,19.376
energy,electricity-grid,337.74041249485225,238.713
food,other,2.333815977345758,7.778
food,vegan,2.266684722297753,2.225
transport,bicycle,185.21230835544267,-1.297
consumption,services,1519.0222571329614,16.125
food,fish,2.702308247720596,14.006
transport,car-electric,136.72449515385938,6.515
food,vegan,0.8693714460352857,2.369
consumption,electronics,5512.377357797451,385.825
transport,flight-long,6.9313180148444555,-0.715
energy,natural_gas,542.0491874950011,244.635
consumption,clothing,2804.7662688883192,41.284
consumption,home-goods,6777.689300302529,202.668
energy,coal,448.28515679167936,470.541
energy,renewable,322.872229552311,6.58
consumption,services,7676.229697677101,77.969
energy,electricity-grid,24.170946286415916,17.018
transport,flight-short,383.3777806573229,96.104
transport,flight-long,220.5402278546439,30.753
consumption,electronics,8519.95706801081,597.167
food,vegan,0.5004871558432928,0.132
food,vegan,2.5071938447245867,3.306
consumption,home-goods,9563.146873097217,286.81
energy,renewable,826.6170707604949,14.96
food,white-meat,0.9724380034269798,6.028
energy,coal,609.5520518265006,641.235
food,other,2.3163086797837913,6.415
consumption,other,6657.014986863794,133.34
food,other,1.2826417180409742,3.63
food,red-meat,1.2132984032200933,31.756
energy,electricity-grid,743.4940155263052,527.365
transport,train,73.68611237997425,2.722
transport,motorcycle,213.7464850216311,23.022
food,other,1.6963926667848086,5.897
consumption,home-goods,8028.593497386353,242.327
consumption,services,9631.707280621344,95.448
food,fish,0.5209662046010933,0.982
energy,natural_gas,73.58602846895135,33.458
transport,bus,63.30297093589206,7.132
transport,bus,418.33882700923914,44.558
consumption,other,3560.9544416294425,71.617
consumption,services,6095.754584030686,60.578
transport,flight-short,468.1524616753295,120.249
food,other,2.653208579973912,7.438
food,vegetarian,2.678709208641532,6.595
food,vegan,2.3387110145717873,3.129
food,fish,0.8361264142406397,6.159
transport,bus,287.82202974636516,28.85
food,vegetarian,2.0817561235529727,3.947
food,fish,1.1099675175181154,6.453
food,vegetarian,1.964328409798513,2.809
energy,natural_gas,917.8431755408226,414.488
transport,train,282.088387030673,9.758
transport,car-gasoline,340.1570042466271,66.599
food,vegetarian,2.7087139410199566,4.875
food,other,1.9855022764191368,6.061
energy,natural_gas,780.2074145558046,351.76
food,vegan,1.6463591613539361,2.906
food,other,1.0604516606567376,3.459
consumption,services,5795.919356663834,57.546
transport,flight-short,31.224471498808317,7.92
consumption,clothing,4138.577316671892,60.635
consumption,electronics,196.058388923966,13.586
food,white-meat,0.8624894139111512,5.292
consumption,clothing,2333.8521975129975,35.89
transport,motorcycle,79.50420783203634,8.772
food,white-meat,1.980500450021285,13.349
food,white-meat,2.726624728511492,17.154
food,red-meat,2.6903608749046075,71.756
transport,flight-short,46.51592509757223,11.92
food,other,1.4722445766003491,3.645
energy,coal,682.6001221975082,716.32
energy,renewable,632.9168951739372,14.99
consumption,clothing,9128.130170589442,138.647
transport,motorcycle,286.73878877176764,30.969
energy,coal,71.48739731015877,74.314
transport,motorcycle,489.50391745951777,53.275
transport,flight-short,387.73842790721056,96.763
food,red-meat,1.8466090111797802,48.865
food,vegetarian,2.7179919168053908,5.062
energy,natural_gas,977.4430541322627,439.711
transport,bicycle,370.0386311745529,-0.912
consumption,home-goods,8564.774119477986,256.097
consumption,other,5372.118386072158,107.582
consumption,home-goods,1039.2945736138015,31.213
consumption,services,1720.49313245602,16.1
energy,coal,646.100369338554,677.451
food,red-meat,1.5331016108143904,40.17
consumption,electronics,1209.429129958204,83.215
consumption,home-goods,5465.387217004354,165.584
energy,renewable,6.353945320970488,0.86
food,white-meat,2.6091135391344045,16.472
food,fish,2.725897176945895,13.514
food,vegan,2.8583603733884,4.189
energy,renewable,644.2300730693191,12.236
consumption,clothing,5798.330328140399,86.585
consumption,clothing,5846.231321425136,87.742
consumption,home-goods,266.8951671701295,8.082
food,red-meat,1.0565322809339008,28.529
energy,renewable,600.0547706214328,10.958
transport,flight-long,366.5561122497365,56.659
food,white-meat,2.317300846452559,16.779
energy,coal,237.98311358075236,249.423
energy,electricity-grid,395.79032213022754,279.959
energy,electricity-grid,170.65163625642566,122.046
energy,electricity-grid,465.95127373564793,331.428
energy,electricity-grid,773.7255352914727,548.222
food,white-meat,1.5348214151385307,10.285
food,vegan,2.8105354854662212,4.375
food,red-meat,0.5410169006544878,15.409
consumption,electronics,1935.5446544975011,134.69
energy,renewable,709.2419734098228,15.84
food,vegetarian,1.9072923003002515,4.553
energy,coal,739.8712765133672,778.213
food,vegan,2.3285548684035824,4.012
transport,flight-long,360.800794003623,52.479
food,red-meat,1.5589060401314603,41.31
transport,car-gasoline,450.0746953468691,85.958
energy,coal,57.124179358393086,60.516
consumption,electronics,3522.5489279132516,247.354
transport,car-electric,39.353528909816376,0.915
food,vegetarian,2.4927625558352338,5.934
energy,natural_gas,357.9521599386421,161.062
energy,electricity-grid,772.0912678695104,544.529
food,other,2.1577550876129226,5.505
energy,renewable,894.771054923818,18.948
food,red-meat,1.931317181492271,52.544
food,white-meat,0.7474189917475202,6.654
energy,coal,537.0804522948954,564.041
energy,natural_gas,221.14919927971638,99.174
energy,electricity-grid,933.634682956772,660.944
energy,renewable,929.8699239811114,16.563
consumption,home-goods,1988.107602810282,59.046
energy,coal,68.59007875491942,71.991
food,fish,0.7803938771646702,6.24
consumption,electronics,3943.5675824769987,275.608
consumption,home-goods,6771.911741275513,204.371
consumption,services,5268.382978964765,50.837
transport,car-electric,480.3806443650084,23.564
food,vegetarian,1.3555657723181689,3.085
food,white-meat,1.6892500531387311,13.202
consumption,clothing,7547.907918154303,112.519
consumption,services,4335.182473821399,44.953
energy,coal,63.77789588383762,65.903
energy,electricity-grid,734.2065608502766,518.07
consumption,other,1071.3970433794393,22.393
energy,coal,207.25371551640075,216.138
consumption,clothing,3935.001532841852,58.514
food,fish,2.311552596646827,11.393
food,vegan,2.2741456115863268,3.404
transport,train,356.6193596762629,14.766
energy,coal,194.17249947175821,202.028
consumption,home-goods,5095.881271329452,152.659
transport,car-electric,96.11948513007528,5.398
consumption,services,7514.981327615194,76.231
food,vegan,2.4516238544289255,2.646
food,vegan,2.494309170899472,4.43
energy,coal,986.0509529990586,1034.345
transport,motorcycle,185.66898041160115,19.523
energy,coal,165.3198022857646,173.347
energy,electricity-grid,10.007511124204266,6.928
consumption,services,6144.876571528109,62.891
consumption,other,5062.461782212539,101.476
food,fish,2.066260420752638,9.749
consumption,clothing,5664.1040504328375,86.554
food,white-meat,0.9256372068053654,5.064
energy,coal,34.3571802581467,34.655
energy,electricity-grid,503.806720850068,355.504
transport,flight-short,165.97594157125553,42.628
food,red-meat,0.774826545736126,21.205
food,other,1.3146169509768448,2.613
energy,electricity-grid,425.43719595551516,300.99
transport,flight-long,489.6383111755505,73.699
food,red-meat,1.0139741531181088,28.976
transport,bus,215.21518620017503,22.336
transport,car-gasoline,163.8213375615341,32.617
food,fish,1.9132146656111662,10.287
food,fish,1.2528785336439403,6.561
transport,car-electric,271.12370869531225,13.845
food,vegan,1.9937078343269414,3.833
transport,car-gasoline,289.5965643956419,55.51
food,white-meat,1.4918563960777027,9.88
food,vegetarian,1.5051760040435698,2.242
food,vegan,1.1735940764871542,0.63
consumption,other,4293.304071202851,85.565
consumption,other,4510.707914769613,88.672
energy,coal,148.68905763349284,155.675
transport,flight-short,114.34681529787862,29.783
consumption,clothing,668.073113556703,8.765
transport,flight-long,461.92424395042093,69.868
consumption,home-goods,4112.075675916582,123.92
food,other,2.5712920673044195,6.628
transport,motorcycle,262.55529022611614,27.167
food,fish,1.1255423972303251,6.937
energy,electricity-grid,959.3084683988014,680.358
energy,coal,669.3296784358912,701.812
consumption,other,9758.320134524885,193.892
energy,renewable,159.65708027739427,2.401
consumption,home-goods,2939.0619768564347,87.319
consumption,services,8988.367937442337,88.591
transport,car-electric,114.72235326330814,6.375
food,white-meat,2.334031007079168,16.322
energy,electricity-grid,690.7237267543177,488.776
energy,coal,276.2802595565342,289.694
energy,coal,405.9466819881516,428.086
energy,electricity-grid,382.7638209218796,270.606
energy,natural_gas,596.849143918356,268.979
food,red-meat,0.8193151615578236,22.908
energy,natural_gas,941.8066138689735,425.29
consumption,clothing,5047.556041579384,74.992
transport,motorcycle,42.62874676336563,3.207
consumption,services,7026.904872215708,70.427
energy,electricity-grid,613.9394887995629,435.795
food,fish,2.2506090858139043,11.142
energy,natural_gas,148.60868532452082,67.207
food,red-meat,1.1876232214809839,31.148
energy,electricity-grid,26.644084711036403,18.103
transport,bus,272.9556223347115,27.449
food,fish,1.3362659074962673,6.817
food,red-meat,1.453409937953916,39.879
energy,electricity-grid,230.38294396319498,164.244
energy,natural_gas,912.2900857369075,409.703
transport,car-electric,257.7847632132713,13.67
energy,coal,831.6103380540144,873.131
energy,electricity-grid,792.0548461752917,560.389
transport,motorcycle,339.2760619276874,37.266
consumption,home-goods,8687.74995357363,259.653
food,vegan,2.061838005307407,3.688
food,white-meat,1.640244720979848,11.888
consumption,other,5034.752626157383,101.316
consumption,services,414.19638588779156,4.235
transport,motorcycle,186.8429095283911,19.762
energy,coal,458.66122638233685,483.231
food,vegan,1.3091452320133143,1.897
energy,natural_gas,641.1132430790494,289.626
food,other,1.2752319591681458,5.369
food,fish,2.171765423135869,10.674
energy,renewable,716.1667725176856,15.876
energy,electricity-grid,10.482703340462562,6.128
consumption,services,2947.7797951199955,29.364
consumption,other,1093.5250390725598,20.792
consumption,services,6254.475791364317,62.805
food,other,0.5979594550281271,4.308
food,red-meat,1.4680319710419005,40.828
energy,renewable,244.35893974086267,5.961
energy,natural_gas,91.2174408170611,41.387
consumption,other,4068.1054796244803,81.667
energy,coal,26.336415383567456,27.41
energy,coal,291.95800522718804,306.916
transport,car-gasoline,471.0335009270224,89.453
consumption,home-goods,6606.022218842889,197.943
energy,electricity-grid,960.5909313219556,683.905
energy,natural_gas,109.79912541703779,50.152
transport,car-gasoline,138.4099913367138,26.053
food,white-meat,2.1800934467946433,13.617
food,fish,2.194627960767087,11.066
transport,flight-short,207.39281862955855,53.602
transport,walking,290.0507103766748,-0.372
consumption,services,6588.9062274711105,65.105
consumption,electronics,6470.478585171346,450.387
consumption,electronics,6613.237256355653,463.073
transport,bus,210.21881418000262,21.956
transport,train,28.24319762330702,-0.082
consumption,electronics,4025.0871723519817,283.111
transport,motorcycle,26.919932575467342,2.638
food,red-meat,2.6076963006496414,71.819
transport,bicycle,86.23924810940036,-1.604
energy,natural_gas,659.0468371837995,296.197
transport,car-electric,289.37179293328126,15.068
consumption,other,6705.693575981063,134.473
food,fish,2.843154024472189,11.725
food,vegan,2.388453222120392,5.375
energy,natural_gas,491.6417569306636,223.065
food,red-meat,2.866488978745556,76.488
transport,bicycle,94.36327885840849,-1.198
transport,train,339.0777565863769,14.32
transport,flight-short,461.1278501630079,117.957
transport,train,462.59709133030725,18.37
food,other,2.132310462360445,8.189
transport,flight-long,283.4475381522697,42.006
energy,coal,728.4717535793683,763.898
consumption,electronics,3523.4826302404917,247.097
consumption,clothing,6736.9839792856155,102.532
consumption,other,7621.976146212236,151.058
consumption,clothing,5700.587378054239,86.576
energy,coal,344.39784130514875,361.473
food,vegan,0.9189562083100487,2.339
food,red-meat,2.893724502390234,76.142
transport,walking,32.660868930481726,0.591
food,other,0.6846258504446616,2.534
food,vegan,0.9553599361878933,0.967
food,vegan,1.5673113547337985,3.071
consumption,other,1260.6353353885588,26.323
transport,train,155.1120759168098,5.09
transport,walking,325.75181602089015,0.159
energy,coal,253.0191073357782,264.828
transport,train,55.56406482579637,2.853
energy,natural_gas,429.22456463441614,193.641
energy,coal,957.5818995778342,1005.379
consumption,other,6226.203919640806,123.227
consumption,home-goods,2081.0565323988117,61.82
food,vegetarian,2.3047833732795895,4.837
transport,walking,256.07575051014965,1.533
transport,bicycle,81.74525610840584,-1.359
transport,bicycle,386.17193485646936,-0.693
consumption,home-goods,487.79035405519005,15.356
consumption,home-goods,511.89278519520235,14.921
transport,flight-long,342.2952487479965,51.137
energy,natural_gas,720.5800329418197,324.787
transport,bus,148.4632023558875,16.602
transport,flight-long,247.3322621277805,37.483
transport,train,411.4941441027661,18.618
transport,motorcycle,39.213884752439284,5.55
energy,renewable,198.80273348603384,4.304
transport,car-gasoline,413.3270070231381,79.478
energy,natural_gas,602.7646723089314,270.69
consumption,other,6332.184310661337,126.285
transport,train,9.828887407248617,-0.097
energy,natural_gas,665.721237161247,300.113
energy,electricity-grid,261.4308566049607,183.662
transport,flight-long,454.9026401766786,70.15
energy,renewable,78.7223132087767,0.492
transport,flight-long,389.3421410495963,57.193
transport,car-gasoline,85.81007121553105,15.811
energy,electricity-grid,431.5005118267508,306.394
energy,natural_gas,393.558684223033,175.341
food,fish,2.711328599070006,14.035
transport,walking,323.4703741609406,0.186
transport,motorcycle,393.0084539424071,42.254
energy,coal,760.8245855068589,798.994
consumption,home-goods,2752.589674513922,82.652
transport,car-gasoline,193.3054948841588,35.225
transport,walking,133.1165938033355,0.768
food,white-meat,1.914742408387501,13.658
food,vegan,2.947914065887854,4.963
consumption,clothing,2369.3012215575905,34.845
transport,car-gasoline,125.60849040386631,24.424
food,white-meat,0.8887781068957391,5.755
transport,motorcycle,39.46393115397653,2.928
consumption,other,7671.630452149436,153.736
transport,car-electric,16.510821550525502,1.195
consumption,electronics,8262.213857299888,577.934
food,white-meat,2.068056772154569,12.456
food,vegan,1.9725688428117965,3.87
consumption,electronics,603.6019283240307,43.169
consumption,other,5254.579145443915,105.987
energy,renewable,602.6787233485672,12.649
transport,flight-short,484.96805685232874,123.511
transport,car-electric,396.89833989478086,20.66
consumption,services,820.4200474780345,9.431
food,fish,2.7794535543382084,12.765
food,vegan,2.0578996852006797,3.627
transport,flight-long,477.89575219733723,69.52
consumption,other,9114.420371328442,182.723
energy,coal,508.7144789865794,534.365
consumption,other,1887.703078586145,37.881
consumption,clothing,4894.1433222795595,74.107
consumption,other,7045.566617976102,141.086
transport,car-electric,77.03465764431105,3.619
energy,renewable,294.24480039834657,6.951
food,vegetarian,2.4877623575069783,4.512
consumption,electronics,6716.580348983367,467.614
food,vegetarian,0.7902850893635445,1.024
energy,renewable,906.5585995868887,17.039
transport,flight-short,279.0346734509175,71.771
consumption,clothing,7554.759485744316,114.377
transport,motorcycle,197.48643978940208,21.972
energy,electricity-grid,53.25454665617598,37.873
food,vegan,0.6855677896711366,0.693
consumption,clothing,2934.0854883998377,42.742
consumption,other,5072.738447593337,100.359
food,fish,2.873439364392291,14.468
energy,natural_gas,739.1334376358483,333.415
energy,renewable,924.7662447582378,19.343
transport,car-gasoline,111.40072826161239,22.926
food,vegetarian,1.5924285840848542,1.78
energy,coal,967.4081564462197,1015.407
food,vegan,0.6410359316502283,1.601
transport,motorcycle,387.653078165977,42.283
energy,natural_gas,824.0319446919656,370.256
transport,walking,375.05323760459464,0.046
energy,renewable,311.8404266921097,5.189
consumption,clothing,649.9611335076194,8.839
transport,train,324.07161221886093,12.532
energy,electricity-grid,507.14259243702634,360.306
food,fish,2.8457135378815264,15.249
food,fish,1.2937322309127282,7.519
energy,coal,989.2956092060762,1039.564
consumption,clothing,6837.824252479742,102.155
energy,natural_gas,215.61271355892552,95.766
consumption,home-goods,7176.168413150256,214.588
consumption,other,6248.70455331869,124.561
consumption,clothing,2673.45295004414,41.179
transport,train,278.28990604484073,12.625
food,vegan,1.6367814027077694,4.361
transport,bicycle,478.7018646266957,-2.219
transport,walking,441.9788508247523,2.069
consumption,services,1375.974042699935,14.678
transport,bus,198.46072210905658,21.042
food,vegan,2.9308291961557282,5.802
energy,electricity-grid,395.43292390397096,278.715
food,other,2.534346401572092,8.664
food,vegetarian,2.4345083281187034,2.199
energy,electricity-grid,463.3768624855481,329.17
consumption,other,2007.1864101457022,40.424
transport,car-gasoline,142.91277162450618,26.425
food,vegetarian,2.5653466508883294,5.204
transport,bus,226.21427541648302,22.968
transport,bicycle,375.5705424271071,0.178
food,other,2.009679160530993,6.829
energy,renewable,178.08703447712765,2.94
food,white-meat,0.6535735969452606,5.106
food,fish,1.188194819005368,5.3
transport,flight-long,295.74494626957534,43.33
consumption,other,2124.1097940133786,43.989
food,vegan,0.6725802912681784,-0.929
consumption,clothing,5182.466694999872,80.095
food,white-meat,0.6088052215582741,4.192
consumption,services,3280.6939231701617,32.397
energy,renewable,323.5996383497634,6.414
energy,renewable,939.8431634822115,18.707
consumption,other,8403.943603473735,165.576
consumption,clothing,9644.27596831048,144.945
energy,renewable,139.32613147360618,1.797
transport,walking,363.66106244968535,0.69
transport,walking,61.952454737409965,1.113
transport,walking,91.04790167405875,0.097
food,other,1.514265551603416,4.036
transport,flight-long,63.5052372794174,8.973
food,fish,2.706152869619378,13.417
food,white-meat,2.8093977796722944,20.384
energy,renewable,463.16742062454966,9.682
energy,electricity-grid,320.9052689822982,227.937
food,red-meat,1.6550000268432135,44.978
food,white-meat,2.963557735295274,21.572
transport,flight-short,12.172315055460194,3.083
energy,coal,80.69933233179167,84.388
energy,renewable,499.4832513173726,8.09
consumption,services,2779.9963762213415,25.829
transport,car-electric,233.45348082070373,11.273
consumption,clothing,9383.948332185731,140.994
energy,natural_gas,793.5666522244433,357.706
energy,electricity-grid,142.9849098789607,100.904
consumption,electronics,2941.4118969710935,206.685
consumption,other,8171.714479727634,163.495
consumption,other,2359.484180653771,46.422
energy,coal,724.678597317573,760.894
energy,natural_gas,560.694469792317,251.722
transport,train,244.03510543551164,10.202
transport,flight-short,168.79567595159494,43.748
energy,renewable,256.386587669704,3.347
food,fish,2.269479818440442,11.843
consumption,services,1688.6151496278796,17.687
consumption,clothing,6480.182543510784,98.363
transport,train,73.90589578825728,3.728
transport,motorcycle,363.09694895205297,39.984
energy,natural_gas,589.3928617456066,264.942
food,red-meat,1.4694470487680784,38.611
energy,renewable,378.55617223870803,8.046
transport,flight-short,119.20895493740393,31.405
energy,coal,55.146608033191235,58.871
energy,coal,241.08063433731272,254.641
food,vegetarian,2.6819318138835517,4.453
energy,electricity-grid,943.0070447252882,666.099
transport,flight-short,202.67774694496362,51.741
consumption,services,1803.5167396016225,18.931
energy,renewable,918.2903923078654,16.755
consumption,services,5747.279594941357,57.859
energy,coal,610.1827847138651,642.189
food,white-meat,2.4521183620468436,17.043
transport,bicycle,482.72610520305324,0.149
food,red-meat,1.8187159469883394,47.884
energy,coal,90.35880017642093,96.071
transport,train,46.23858833592633,3.326
food,fish,2.125276499320253,11.244
energy,renewable,335.5966214066681,5.884
transport,car-electric,387.3713539001989,20.26
energy,electricity-grid,519.8557301055922,368.406
energy,electricity-grid,695.1612237095302,490.65
food,white-meat,1.239272739012482,10.247
transport,motorcycle,99.17352069374762,10.583
food,vegan,2.1288242134125186,2.491
transport,flight-long,394.6220388250769,62.805
transport,walking,432.4435660461897,1.199
consumption,services,3062.1534900208535,31.557
food,red-meat,0.7794607477623551,22.324
consumption,electronics,6779.9495147663765,475.628
food,red-meat,1.942671789265071,52.049
consumption,electronics,7144.891240461559,498.849
energy,coal,810.8381487585245,851.019
transport,bus,21.456885157178963,3.385
energy,electricity-grid,546.5164341338273,385.443
transport,bus,400.12925265469266,44.362
consumption,electronics,8810.559422008655,617.348
food,vegan,0.8090077476196262,1.987
consumption,clothing,3333.966427403835,52.009
energy,renewable,147.15315937262545,2.624
food,vegan,2.8541356882322266,4.169
transport,motorcycle,312.413947381094,33.411
food,vegan,1.9966907976687849,2.668
consumption,home-goods,9234.789736542734,276.969
consumption,electronics,1005.720022658849,69.788
transport,flight-long,320.01814452043783,48.718
transport,flight-short,477.0338813261908,120.024
energy,electricity-grid,626.6304735903497,441.745
energy,coal,604.3837660784267,633.801
transport,bus,32.82116915463938,4.484
transport,bicycle,300.317224763023,1.369
food,fish,0.653480744355422,2.798
food,fish,1.7130425368304678,9.333
food,vegan,1.881099402135746,1.059
energy,coal,612.7614419234955,644.181
transport,car-gasoline,278.4850496037467,53.161
energy,coal,773.7929218902511,812.393
consumption,electronics,6412.6179070929475,450.283
food,other,1.4250120976421126,5.419
consumption,other,1584.5134822627647,31.012
energy,electricity-grid,251.19403507402362,176.302
consumption,clothing,269.6938513512754,4.694
transport,flight-long,159.96057083585364,24.175
transport,flight-short,10.464225980789546,2.903
consumption,clothing,9335.705077836437,140.349
transport,train,409.6691826902833,17.127
consumption,services,9946.38456521152,99.655
food,red-meat,1.2619045030667502,35.427
consumption,services,1739.8725582202703,18.191
food,other,2.8965956532492645,9.659
food,fish,1.7026775572433837,5.928
energy,natural_gas,482.86275236621157,216.664
food,white-meat,2.679144557004739,18.2
consumption,home-goods,6956.006090233523,209.636
transport,car-gasoline,155.46568602673378,29.887
energy,renewable,707.0954618591353,14.033
energy,coal,438.32064318269676,457.912
consumption,home-goods,5717.098763545321,170.723
consumption,other,142.20495309346893,1.095
consumption,clothing,1466.6038256609158,22.502
energy,natural_gas,48.400027385190135,19.489
consumption,home-goods,6597.717481932503,197.234
transport,car-gasoline,217.97131949983492,41.163
transport,car-gasoline,6.363334710039305,1.271
transport,flight-short,34.57936293899139,10.091
transport,bicycle,250.14678183751846,-0.494
energy,electricity-grid,987.4708868098427,700.087
food,red-meat,1.2623798531438544,33.368
food,vegan,2.106868211148439,1.287
transport,flight-long,123.48228582267772,20.247
consumption,clothing,6870.240324176786,103.712
energy,natural_gas,635.3331715265958,284.508
energy,renewable,381.5741406279322,8.467
transport,bus,145.35458578617983,16.415
transport,motorcycle,341.31171516800856,36.924
transport,train,175.8640415762465,6.365
consumption,services,472.4315854673688,5.747
food,red-meat,1.085365586693201,28.461
consumption,electronics,9726.95173231685,680.278
transport,car-electric,86.48656116256629,4.206
food,other,2.2468497683248727,8.546
food,white-meat,2.9981690877412994,20.815
consumption,home-goods,8182.934934494605,247.547
energy,renewable,838.5588512336511,18.323
consumption,other,9880.606320907666,196.648
food,vegetarian,2.5355931185882685,6.528
energy,coal,590.4150818736223,619.414
food,white-meat,0.7911847832405965,6.116
transport,bus,155.27445014307372,14.211
energy,natural_gas,228.56402998755217,103.019
energy,renewable,437.9010352891668,10.234
food,fish,2.204362464691995,12.287
food,white-meat,1.3989043694445233,9.496
food,other,0.9986098806488628,1.572
transport,train,124.15109102098383,4.679
energy,renewable,5.332571778214607,-2.072
food,vegetarian,2.9171712663434524,4.483
energy,coal,813.699532679111,856.182
energy,renewable,349.0570083892984,6.95
consumption,other,5169.642141985465,102.552
transport,car-electric,447.72553062541425,22.794
transport,bicycle,341.321628347861,-0.371
food,red-meat,0.9654705474453571,27.932
food,vegan,2.976892351363887,5.367
consumption,electronics,4701.3145342062,328.302
energy,coal,476.3241338740904,500.219
transport,car-electric,321.18060404851894,15.729
energy,renewable,700.9635415175669,14.181
consumption,electronics,2404.262958780179,168.044
consumption,services,9462.16517538156,96.131
transport,motorcycle,77.42606019215702,8.636
food,vegan,1.1185628634364784,1.573
food,vegan,2.4321189501861253,3.766
energy,coal,850.3704571447935,891.93
transport,car-gasoline,79.28892086198428,14.737
food,fish,2.068131970046752,11.133
energy,coal,75.47842187720032,79.909
transport,bus,47.338304822312125,4.718
energy,natural_gas,872.146737164714,390.867
energy,renewable,25.088247188278153,1.788
energy,renewable,801.2867621658927,14.907
food,other,1.2560654674813723,4.661
energy,renewable,913.2558403174457,17.164
food,other,2.14218000094153,6.928
transport,flight-long,215.36162939244414,33.638
food,white-meat,2.236893791785932,14.439
energy,natural_gas,820.4592811102285,369.401
consumption,electronics,6163.866313434961,431.049
transport,car-gasoline,78.6415686885489,15.045
energy,electricity-grid,653.7654165576997,463.091
food,vegan,1.5862178541663214,2.061
energy,natural_gas,989.7185601290365,445.505
transport,walking,450.17034188756685,0.306
transport,motorcycle,204.95166035160256,22.097
food,white-meat,0.6488230806204477,3.416
food,vegetarian,1.2204294163685843,2.165
consumption,services,9797.703326037985,97.182
food,white-meat,1.4380330284436265,10.014
energy,coal,68.91647875241249,72.194
food,vegetarian,2.5794404914542937,5.334
transport,walking,200.38655709839938,-0.97
consumption,electronics,5078.981683566273,356.884
energy,natural_gas,740.3165027343514,333.519
energy,natural_gas,45.39903284819854,18.794
food,white-meat,1.8947148159382163,13.281
consumption,other,6051.145280340258,121.594
transport,bicycle,378.45584362330624,0.555
transport,flight-long,88.48850360577794,14.859
energy,coal,40.1345333751084,42.921
food,vegan,2.3268672921187377,3.466
food,white-meat,1.3482069545148545,7.532
energy,natural_gas,517.7063915011339,233.61
consumption,clothing,6212.779544306145,92.515
food,other,2.8271921688227843,10.271
energy,coal,989.8421001668037,1039.561
transport,car-gasoline,283.8666655938028,57.493
food,vegan,1.5525702969867015,1.255
consumption,services,2534.274368679209,26.835
consumption,home-goods,3352.1776319289775,101.381
energy,natural_gas,945.345880154538,426.621
consumption,electronics,6725.0714781099205,471.42
food,white-meat,1.5106533680850571,9.077
food,white-meat,2.536466348763354,18.098
consumption,electronics,5774.91361166903,403.744
consumption,other,2199.0825246857626,42.709
food,vegetarian,1.0796805775629301,1.607
food,white-meat,1.3249333436441717,9.767
energy,natural_gas,149.0205913690727,66.836
energy,coal,913.8720466913946,958.235
food,other,1.4139821071889456,5.468
transport,flight-short,228.1264612348306,59.226
consumption,other,9169.545941990149,182.724
energy,natural_gas,359.12538928526425,159.651
transport,bicycle,452.34756646782137,-0.623
food,vegetarian,1.3823968186483477,3.499
energy,renewable,998.9348033674346,19.89
transport,bicycle,349.04654024238073,1.546
food,vegan,2.0824661755715135,2.686
energy,renewable,24.123199009986315,2.916
consumption,electronics,4127.906689580483,289.929
food,other,1.2133462379366782,4.831
energy,coal,167.81936658954982,175.3
energy,coal,247.74200629039385,260.928
food,white-meat,2.3014344201499197,16.883
food,fish,1.6930054744830465,6.99
energy,electricity-grid,257.54617406820734,181.943
consumption,electronics,476.8142998342076,33.38
energy,electricity-grid,521.4751298598311,370.773
food,fish,2.6044010205332295,13.889
energy,electricity-grid,499.5402642912687,353.827
energy,coal,326.78540132977844,344.727
energy,natural_gas,988.8902401357585,445.635
food,fish,2.6241777243167475,12.119
consumption,services,1172.9616206331202,12.531
food,other,1.5321484332422657,4.728
energy,natural_gas,114.36292560772768,51.344
energy,electricity-grid,139.7755088202898,99.857
food,red-meat,2.72620989337216,73.272
food,vegan,1.730480957534395,2.648
food,red-meat,0.5197613354886552,15.987
food,vegetarian,2.317131024420746,5.677
food,white-meat,2.2944328361453503,15.923
energy,natural_gas,840.453498584152,378.899
energy,natural_gas,170.1150731087004,76.351
transport,flight-long,253.41734209408446,36.165
consumption,other,1272.161971751023,23.336
consumption,other,4799.7805899673895,96.124
energy,coal,408.9713009508443,429.842
consumption,services,1100.2139102938565,9.821
transport,train,306.72103625648583,14.742
energy,electricity-grid,106.77566883073257,75.459
transport,bus,294.2004128439929,30.406
transport,car-gasoline,364.482227718855,68.12
food,white-meat,0.8309323985062564,6.036
consumption,home-goods,1421.0440776528017,42.1
energy,renewable,802.9625222487678,15.091
transport,car-gasoline,15.291735080980269,1.978
consumption,clothing,8958.128467730927,133.371
consumption,services,3005.6987147401587,29.288
energy,renewable,959.1301990878434,18.099
consumption,other,8532.423265780675,169.866
consumption,electronics,4149.026446568183,290.152
consumption,clothing,7817.214224378834,116.906
food,other,1.784624358800541,4.507
food,other,2.980158223847821,9.133
consumption,home-goods,5216.50444246712,156.854
energy,renewable,577.8954252213564,9.721
consumption,services,3927.986776002926,38.986
food,red-meat,1.1487192684396323,31.025
food,red-meat,1.164096665950793,31.389
transport,motorcycle,29.750666194677418,3.255
transport,bicycle,309.13472099973825,-1.325
energy,natural_gas,329.91721718178155,149.278
food,red-meat,1.6790035032580537,44.452
transport,walking,165.81657505878226,0.613
consumption,home-goods,9750.22205311864,292.792
transport,bus,432.765852336771,45.04
food,vegetarian,1.4368042754808446,3.478
consumption,clothing,1719.4080757390093,28.0
energy,coal,453.27726362731175,475.642
transport,bicycle,140.02281023143613,-0.392
energy,renewable,116.2522920171398,3.934
consumption,services,4867.661475223206,46.016
transport,flight-short,237.72426215095686,61.642
transport,walking,143.84882218505447,-1.086
consumption,home-goods,6830.330641365775,205.437
energy,renewable,620.5170228007265,11.262
energy,renewable,114.79180986073204,1.572
food,white-meat,1.3834603892554433,11.564
energy,electricity-grid,92.46267303711763,65.576
food,vegan,2.5571554608211486,4.145
food,red-meat,1.9919988417829597,54.741
consumption,other,5542.832395880559,109.943
consumption,electronics,6310.833562236166,442.686
transport,flight-long,363.22134164416633,55.86
transport,train,438.2178779885228,17.233
energy,natural_gas,637.3500510529148,285.211
transport,flight-short,113.4741564511955,30.377
energy,natural_gas,863.3958681387571,389.222
transport,motorcycle,387.73726954068513,42.439
energy,renewable,539.8259035758973,9.242
energy,electricity-grid,589.6837575934217,417.296
consumption,other,5038.051413756453,101.711
energy,coal,127.99185007066883,134.581
consumption,home-goods,3086.8122630689127,95.23
transport,flight-long,11.65917585172753,0.437
consumption,clothing,7407.731768988148,112.996
consumption,clothing,9822.911384758243,146.744
transport,train,405.8605048608964,15.738
consumption,services,2075.170443308253,20.302
consumption,home-goods,1958.9188715749594,59.275
consumption,electronics,9535.45933498909,669.145
energy,electricity-grid,231.34448007043707,165.023
consumption,services,6008.892313224397,56.793
transport,bicycle,227.76299842081747,1.157
food,fish,1.1864116930607826,5.371
consumption,clothing,3122.318974801875,45.708
food,fish,2.831827713773718,14.766
consumption,other,1875.836813670516,37.567
food,vegan,2.296311281782131,4.648
transport,car-electric,50.35123027369014,3.439
transport,walking,123.24512775098727,-0.51
transport,bus,278.4531199540151,28.986
transport,bus,33.913786297375445,3.775
energy,electricity-grid,513.6952481933878,364.243
transport,flight-short,404.46784531748324,102.806
energy,coal,150.87222760456496,156.693
food,white-meat,1.950229843724046,13.002
energy,electricity-grid,468.5327003802413,332.808
transport,flight-short,376.05651495372234,96.764
consumption,other,6919.232457551378,136.641
energy,natural_gas,542.4779871368809,245.081
energy,renewable,272.2545979076269,5.04
consumption,electronics,1604.8985278014195,113.067
transport,bus,192.4600134175739,19.199
consumption,services,9218.962084568326,93.954
consumption,services,1630.8461912442704,16.243
consumption,electronics,2004.8929259528422,141.407
energy,renewable,31.398107128984996,0.507
energy,electricity-grid,331.7302652683002,233.089
consumption,electronics,85.48600516196583,4.438
energy,coal,218.58076234284263,229.932
food,vegetarian,0.7698271381567554,1.474
consumption,clothing,7314.286313625409,110.749
consumption,other,8784.259588088697,176.472
energy,coal,584.6249320580325,614.064
transport,train,16.89821933024315,0.47
consumption,clothing,9014.304139002883,134.838
consumption,clothing,8026.3804272640655,119.572
transport,flight-long,306.171957757727,47.097
consumption,services,3771.592909494342,35.54
consumption,services,6926.122253663305,71.195
consumption,clothing,1178.0023090331104,17.138
consumption,clothing,2296.434013839795,34.214
transport,bicycle,296.6394534492625,-0.297
food,fish,1.471298600946707,7.364
consumption,clothing,2776.726774669633,42.14
food,vegetarian,1.228762809886435,4.525
consumption,electronics,7116.069923608947,498.321
consumption,electronics,1203.2022064654,82.827
energy,coal,527.5672486364377,554.143
food,white-meat,2.3903725298462595,19.341
food,vegan,1.7444919925843956,3.02
food,white-meat,1.4198465291940319,9.363
food,vegetarian,0.6308036926906655,1.08
transport,flight-long,411.79498316632555,60.481
energy,electricity-grid,574.4104359547373,406.885
transport,car-electric,279.4660723816379,16.493
consumption,other,376.72497226972735,7.497
transport,train,273.7413794849358,13.006
consumption,other,7352.183023844249,145.714
energy,coal,484.9868530529805,509.711
consumption,home-goods,8213.766862536,245.907
consumption,home-goods,454.02195850191544,14.015
transport,flight-long,287.85180315411486,42.907
consumption,other,4689.16887204085,92.415
transport,motorcycle,351.2570288391681,39.664
transport,flight-short,415.50239129689714,104.644
consumption,clothing,7011.077188990343,105.115
energy,coal,807.6345466059491,847.106
consumption,clothing,3483.044748966667,52.641
food,vegan,2.9043406757666603,5.144
food,vegan,0.5795184176948569,0.092
consumption,services,8069.107009744084,81.219
consumption,services,810.9076698083404,7.811
food,white-meat,2.592507171802296,19.228
food,white-meat,2.748942643532774,18.595
energy,natural_gas,81.10111042283991,36.441
transport,flight-short,259.72899218793975,66.76
energy,coal,949.9682633176956,997.677
transport,flight-long,124.22240800252719,19.215
transport,flight-short,413.29814720721674,104.102
transport,flight-short,372.87169267543754,96.096
consumption,home-goods,8409.374735679996,253.856
consumption,clothing,5920.758417508185,88.994
transport,flight-long,305.3783841458449,46.319
energy,natural_gas,220.41835344346978,99.428
consumption,home-goods,1264.6927922702016,38.832
food,red-meat,2.496551835575614,67.691
transport,car-electric,203.31367580770038,9.37
food,vegan,2.4082909701863016,3.764
consumption,home-goods,9858.372402099209,299.439
food,vegetarian,0.9355836022110449,2.053
energy,electricity-grid,396.27893534877285,282.373
consumption,other,1585.1717178380638,30.638
consumption,services,7915.250618961476,77.923
consumption,services,6878.111182577402,68.572
food,white-meat,1.8872527344664842,11.956
consumption,services,8724.171290547356,87.041
food,fish,2.2235037280906305,12.03
consumption,home-goods,1432.601467119111,43.063
energy,renewable,725.4392025620767,14.37
transport,flight-long,341.98703588758013,51.759
consumption,clothing,5601.869660348565,84.589
food,vegan,2.932620229084583,3.432
consumption,electronics,143.25969430886786,10.081
consumption,home-goods,8019.40870524307,240.5
food,red-meat,2.6233069219061913,69.187
food,vegetarian,2.6784100870489844,4.96
energy,renewable,975.4067016682407,19.075
energy,natural_gas,18.107415283524148,8.37
transport,bicycle,175.7506298864413,0.613
transport,train,446.90630952232357,20.435
energy,natural_gas,87.91958046900429,38.219
consumption,electronics,3039.682415555546,214.394
transport,walking,203.54450884602628,0.555
energy,coal,494.59195718792995,518.082
consumption,other,5796.239897393082,116.778
energy,renewable,416.2815817951354,8.215
consumption,home-goods,3140.3061091265454,92.557
food,vegetarian,1.198183485250087,2.863
transport,car-gasoline,308.1905139163079,60.063
consumption,other,2381.1597244224317,48.571
energy,renewable,382.6510828642924,7.548
energy,renewable,632.712081965359,13.184
energy,renewable,250.8299830526325,4.14
transport,walking,215.83482415880147,0.612
energy,natural_gas,946.0362852198139,424.569
transport,flight-long,54.92630607338447,6.918
food,vegetarian,1.9790898081861494,5.424
transport,flight-long,131.46397353490616,18.157
transport,bus,211.97951061473202,22.665
energy,coal,460.95356459233403,484.064
consumption,other,8260.922646209272,165.705
consumption,clothing,6416.18770300534,96.917
energy,coal,451.19759785482375,474.504
transport,train,140.67687127835885,5.555
food,fish,0.8589028038934459,4.022
transport,walking,383.72583865915317,-0.457
food,fish,2.1303551540284653,10.955
transport,flight-long,168.3079017097591,26.626
food,other,2.5684785155485357,7.381
consumption,home-goods,3948.417670700384,120.454
transport,walking,331.0400932708237,-1.845
transport,car-gasoline,199.7069440084168,39.165
transport,flight-long,326.0278441205515,46.826
food,red-meat,1.2086708034806337,31.429
food,vegetarian,1.1705117138062513,2.855
transport,flight-short,422.330985750509,105.768
energy,natural_gas,354.6019312576729,157.505
food,vegan,0.8238153168855427,2.932
energy,natural_gas,600.6066507350787,272.221
consumption,services,5262.403640962448,52.694
transport,flight-long,358.96807579197423,53.604
food,vegetarian,0.9924202577234413,2.426
food,other,1.8512441448919277,6.068
food,white-meat,0.5629328242640254,1.957
consumption,services,8803.828566187496,88.426
transport,car-electric,416.69918045416074,21.656
food,red-meat,1.697417279197866,45.434
food,vegan,2.620942846681541,3.84
transport,motorcycle,426.6487112763925,46.424
transport,flight-short,98.22304334210935,24.049
consumption,clothing,5735.2419233021565,84.52
transport,car-electric,207.28622189224222,9.928
energy,natural_gas,184.86244116857264,82.675
energy,natural_gas,506.9895054710493,228.728
transport,train,212.32402437510623,7.46
transport,train,171.51830118181473,7.104
energy,coal,179.1499212059594,189.34
transport,flight-long,448.49440196286224,69.516
transport,bus,349.17625184074495,38.27
energy,electricity-grid,54.74732097509305,38.536
energy,electricity-grid,306.23061064109896,217.781
transport,walking,279.9511065641236,1.048
food,vegetarian,2.825476568555377,6.917
food,white-meat,2.666551764099567,19.735
food,vegan,2.04187214808326,2.016
consumption,clothing,1890.3478946532794,28.596
consumption,other,1236.4696563463176,22.95
transport,motorcycle,5.028474314103611,1.349
transport,flight-long,223.612921555563,33.308
transport,train,252.19517542932698,9.51
consumption,home-goods,5543.127384278937,165.917
energy,electricity-grid,385.6185492474583,273.104
energy,coal,121.34490416072973,127.569
transport,bus,485.8778398405289,51.537
food,vegetarian,2.326750421727478,5.414
food,white-meat,0.6835470602115702,2.772
consumption,home-goods,1946.412992197747,59.447
energy,natural_gas,142.0690989681758,66.376
transport,train,161.97063662866722,7.456
consumption,services,8732.056189455945,86.444
consumption,electronics,3490.353967324304,245.966
food,vegetarian,1.6719019811880602,2.819
energy,renewable,539.9590494607045,11.743
consumption,other,4186.030630717096,85.933
food,vegan,2.9378057132270974,4.342
food,white-meat,0.5210686439053129,3.025
energy,electricity-grid,57.143754708345966,40.774
food,white-meat,0.6220100613934403,4.661
energy,coal,370.17534768573205,387.063
energy,renewable,296.78104043001395,6.465
consumption,clothing,4510.659010481377,68.014
consumption,services,4727.282034757938,48.887
energy,electricity-grid,144.36531653512745,103.57
transport,walking,235.12159041019856,-1.197
food,vegetarian,1.0263527047106307,2.563
energy,renewable,472.95760874585534,7.536
food,vegetarian,2.3492923669829553,4.937
food,vegetarian,0.7695534440502414,3.582
transport,bus,141.65903378511183,14.458
food,fish,2.8442832091324366,12.496
energy,coal,932.0220943051621,978.351
energy,natural_gas,510.17045339480285,229.308
consumption,home-goods,4905.50418722684,147.741
transport,flight-long,174.2090162970503,26.63
food,red-meat,2.647080428129431,71.347
food,fish,2.5986934867490867,12.703
food,vegan,2.184666912041332,4.38
consumption,electronics,3277.79914829299,228.948
consumption,clothing,7896.363208347065,117.449
consumption,electronics,8283.62767017626,581.018
transport,motorcycle,298.8015498134501,31.669
energy,renewable,553.063964400845,11.302
food,fish,2.617219769127438,14.359
food,red-meat,1.4697815759678212,40.183
consumption,home-goods,6621.6711505693975,198.555
consumption,home-goods,9800.809023432112,295.263
consumption,clothing,9272.860888543104,141.292
consumption,services,4126.059016895553,41.604
food,other,1.293439094333017,2.401
energy,natural_gas,49.67378371691376,20.881
food,red-meat,2.5905202431132675,69.623
consumption,clothing,5634.742375099831,84.232
energy,natural_gas,761.1253640824718,341.732
consumption,electronics,5572.2746001451305,391.781
transport,flight-long,106.36703239279952,14.962
transport,car-gasoline,302.73250372822713,57.853
food,other,0.6494983548152471,2.03
consumption,electronics,581.5899681031196,41.66
energy,natural_gas,471.8659030802935,213.505
transport,car-gasoline,317.1109869670167,62.274
energy,natural_gas,465.2790405151656,208.783
food,vegan,2.6836328339158513,5.091
transport,flight-short,95.7991453453037,24.787
consumption,clothing,8707.826169618851,128.567
energy,natural_gas,326.6644669361271,145.165
transport,car-gasoline,479.1338938318087,91.772
food,white-meat,2.985022570154958,20.036
transport,train,68.44674107394022,2.703
energy,electricity-grid,57.10999838031382,38.973
transport,walking,333.54317868695756,-0.126
food,other,1.5313141112968074,3.966
consumption,clothing,3711.7234718714944,55.676
food,vegetarian,1.6605282119847584,4.854
transport,train,240.1984282325216,10.623
energy,renewable,501.3262152689606,10.482
food,vegetarian,0.6963192289794582,0.739
transport,car-electric,308.5734227032035,15.167
transport,train,187.3466904128201,7.575
energy,natural_gas,35.84295488146038,15.195
transport,walking,104.05376223709365,0.725
transport,car-electric,490.2706961036827,24.405
transport,walking,364.89054188019065,0.21
transport,flight-long,421.6378757442108,62.812
food,other,1.8282155574233871,3.06
energy,coal,710.6330895462127,748.133
transport,car-gasoline,468.40375425873543,90.199
consumption,clothing,5478.129055182881,82.055
energy,coal,936.966546133065,982.968
transport,train,196.21061193958707,7.427
food,vegetarian,2.6493127195620594,5.858
energy,natural_gas,209.86011324374462,93.673
energy,coal,37.45580417889995,38.806
consumption,electronics,5308.597759906966,370.394
food,fish,1.881829676473848,8.609
consumption,home-goods,8828.902824557885,265.193
food,vegetarian,1.9115653280335403,3.94
energy,electricity-grid,642.5575082977426,454.853
food,vegan,1.3646322322571431,1.764
energy,coal,258.56995156741505,272.238
transport,train,182.23370251355266,6.046
transport,flight-long,286.8755339800239,43.087
consumption,electronics,3609.079573428574,253.67
food,fish,1.2154377644297298,5.256
consumption,other,3725.535683104067,75.888
transport,train,369.3877697448848,15.812
transport,train,203.90787693940788,8.089
transport,flight-short,411.1543558067306,104.853
energy,coal,186.3884504714337,197.387
transport,bicycle,258.62751639147285,-0.034
transport,car-gasoline,225.5763533865092,43.996
consumption,services,1708.4170842344067,16.73
transport,motorcycle,372.57947223683203,42.076
transport,car-electric,130.84924723010366,6.11
energy,electricity-grid,293.64917131430065,208.025
consumption,electronics,6464.998721805556,453.796
consumption,clothing,9426.61007145002,142.374
consumption,other,3387.0470018577553,68.058
food,red-meat,2.195126040098307,61.058
food,red-meat,2.238029174618394,59.137
consumption,clothing,578.2257726620071,7.54
transport,bus,407.1069509996147,43.632
food,white-meat,0.945216670239611,6.569
consumption,home-goods,5175.214479399442,154.897
consumption,home-goods,3524.8612945459117,104.024
food,vegetarian,2.3595619259628307,6.69
food,vegetarian,2.537240725632434,6.741
food,vegetarian,1.3340029479104802,3.346
consumption,electronics,5433.94551468781,380.641
transport,walking,344.75058309143725,-0.297
energy,electricity-grid,690.3199427342706,487.699
transport,flight-short,84.98997439600083,23.268
energy,natural_gas,240.4608298043403,111.064
food,white-meat,1.6369072903534985,11.012
transport,walking,276.8794592712642,-1.235
consumption,electronics,4747.874097562357,332.578
transport,car-gasoline,142.06239606804084,26.606
consumption,other,192.64162974887543,4.475
energy,renewable,390.8359716679235,8.747
transport,flight-short,21.674191818089877,4.598
consumption,services,6756.975545476217,67.14
food,other,0.5615325140085656,1.61
food,fish,2.5963966068653517,11.086
energy,natural_gas,247.95042491735796,110.625
consumption,services,5493.923144593798,55.767
consumption,other,577.8650708212219,11.857
food,other,2.6132911989979646,8.873
transport,motorcycle,290.217505017203,30.905
consumption,home-goods,4870.645868969134,145.511
food,white-meat,2.325558341463915,15.202
transport,bus,233.3002092185594,25.887
consumption,home-goods,4219.545012281607,127.814
food,vegetarian,2.64612428013328,4.251
energy,coal,266.6906892139542,279.939
transport,car-gasoline,246.59165667609508,48.025
transport,bicycle,329.906969716762,0.44
transport,flight-short,233.94494865925245,60.332
food,red-meat,1.8864017844069365,49.729
food,red-meat,2.1085526632439695,58.258
energy,renewable,798.9548691939104,15.201
energy,electricity-grid,495.05563990708686,351.579
consumption,other,4159.017598008168,82.9
transport,flight-long,428.9969172186747,65.139
energy,renewable,598.0462318084313,13.467
food,white-meat,0.5383717031222861,3.755
consumption,other,5102.35262232293,101.178
energy,coal,278.01261346442624,290.402
consumption,other,6801.047114846023,136.872
energy,renewable,901.5880403128531,17.335
food,other,1.4238810516820526,3.389
transport,walking,193.06017734962165,-0.317
energy,coal,569.3737084152089,597.298
food,vegetarian,2.8916552018619237,8.073
consumption,other,3496.5057136705154,70.057
food,vegan,0.7717232730459512,1.122
energy,coal,366.6972282904705,385.712
energy,electricity-grid,638.0624781795301,451.942
energy,natural_gas,612.7867865727568,275.598
transport,flight-short,313.50613723359123,78.726
food,red-meat,1.2953430481020527,34.008
consumption,electronics,2968.2111035212997,211.102
food,white-meat,2.3893307979543223,18.283
food,vegan,2.62843508724033,3.693
energy,natural_gas,927.3652073455556,419.228
transport,train,173.99849813759664,9.402
energy,electricity-grid,270.4486856918133,189.395
transport,flight-short,203.58639814763384,52.642
food,vegan,0.6828255993636518,2.834
energy,natural_gas,421.59987366858,191.448
food,vegetarian,1.201684275650837,3.607
consumption,other,9668.443654789784,194.033
food,white-meat,1.1856083798152506,7.272
energy,electricity-grid,210.66083914125645,150.33
transport,motorcycle,157.27100918629102,17.974
consumption,other,4305.7156688144405,86.1
energy,natural_gas,504.02909327080596,226.156
food,vegan,0.7800703882833302,2.541
consumption,home-goods,8236.187469465121,246.523
transport,bicycle,28.32055248259236,0.839
energy,electricity-grid,626.4575687220605,443.621
food,other,2.5757391240073493,8.527
food,fish,1.3582053147180266,6.96
transport,flight-long,264.4980165803206,38.252
energy,electricity-grid,252.52415629494283,180.785
energy,natural_gas,77.92648901370976,36.577
energy,renewable,909.5187707900176,20.005
food,red-meat,2.10655688737004,56.964
energy,electricity-grid,721.6830089705707,511.49
transport,bicycle,148.7852024001146,-1.559
transport,train,310.57059293305036,14.621
energy,natural_gas,838.1975662463265,376.012
energy,electricity-grid,901.3121463945823,640.256
food,red-meat,0.8674146025213529,23.55
energy,coal,139.73335568801764,147.044
transport,flight-long,433.1123443704893,66.105
transport,motorcycle,69.51396829775159,8.095
transport,bus,357.51265353285817,40.014
energy,coal,20.427990040641713,22.152
consumption,services,7316.387462049926,72.552
energy,renewable,606.7611906411593,13.481
transport,bicycle,51.55988577320037,0.685
consumption,services,6687.395342778645,68.925
consumption,home-goods,9220.209618607334,276.53
transport,motorcycle,195.05433215072628,21.88
consumption,home-goods,3212.1161578419465,95.928
consumption,home-goods,80.20839029826766,3.771
food,vegan,1.068878568915726,2.805
transport,motorcycle,26.664789574698993,2.864
transport,bicycle,287.79011407775084,0.695
energy,renewable,432.1600053195593,8.535
food,vegetarian,0.7741675974418825,0.237
energy,renewable,374.67944102801414,9.913
transport,car-gasoline,166.0631222832961,31.842
consumption,home-goods,5337.008314969105,160.65
food,white-meat,0.810770748128181,4.284
transport,car-electric,20.911732035032855,0.645
consumption,clothing,4655.424943243966,70.925
consumption,services,3062.0109169865177,30.453
food,fish,2.4935820541344005,14.348
energy,natural_gas,215.0336010931313,97.965
energy,coal,504.4964500168702,530.567
consumption,electronics,2651.2362994972955,186.46
transport,walking,53.23537191485385,-0.438
transport,bicycle,92.046285839094,-1.38
energy,natural_gas,749.6526298274525,336.929
food,vegetarian,2.8924470913478526,4.907
food,red-meat,2.1971143386978156,58.837
transport,walking,9.958782028620288,0.371
energy,electricity-grid,700.7578181533402,494.009
transport,motorcycle,158.84260066832326,17.431
consumption,services,2449.923539428921,24.577
transport,motorcycle,151.88762938788838,17.085
food,other,1.6427574816062336,5.443
food,vegetarian,1.1678471137336508,2.117
energy,natural_gas,58.25573347281311,25.664
energy,electricity-grid,263.7622076516827,185.445
transport,bus,70.63138387025872,5.798
food,fish,1.5432313443366381,7.695
consumption,other,1311.626151958005,27.021
energy,coal,401.43962992189194,421.469
consumption,services,201.85980175264467,1.691
energy,coal,256.6541863255018,269.799
consumption,other,1498.3231910856277,29.366
transport,flight-short,201.04052900586697,51.719
transport,car-electric,416.1653396838333,20.709
food,other,0.9015432329983809,2.669
food,other,1.8620760333244628,6.597
transport,flight-short,393.7308852554429,100.609
food,fish,1.2020313679580938,5.829
transport,bicycle,451.06527809805635,1.847
consumption,home-goods,2630.281351975243,79.88
food,vegan,2.005835394852901,1.88
consumption,services,8181.540412984176,83.93
transport,bus,172.51863719025206,17.637
transport,walking,71.8275730050724,0.348
energy,electricity-grid,68.75554859921752,49.404
transport,car-electric,302.4423399251675,13.913
energy,coal,170.98359777956625,181.69
energy,natural_gas,390.0593608165855,175.7
food,vegan,2.453820546811638,2.508
transport,flight-short,413.45712483983294,106.186
consumption,other,271.88884090550715,6.775
food,vegan,2.1556587827266247,2.388
energy,renewable,999.4966162894758,19.132
energy,renewable,505.40650402636595,9.513
transport,flight-short,108.56207819095503,27.107
food,vegan,0.5239432403253054,0.956
consumption,other,3088.447323829679,60.679
energy,natural_gas,822.5397569636301,370.974
energy,electricity-grid,784.5591736244546,554.739
energy,renewable,405.2092191954121,7.948
transport,flight-long,153.97404595031404,23.565
transport,walking,194.5482613460075,0.892
food,fish,2.347264778685175,12.31
consumption,home-goods,7431.387554368125,221.856
energy,natural_gas,828.0834690530822,373.255
energy,coal,327.54527747666225,343.843
consumption,services,3788.1674315098735,39.625
consumption,home-goods,6399.538455303131,192.575
energy,coal,964.534026339077,1013.195
transport,flight-long,39.631248660970776,4.556
food,fish,2.3980324511081252,13.722
transport,flight-long,68.02183758981415,11.004
energy,coal,253.23124048290939,266.521
energy,electricity-grid,255.91676251558457,181.045
transport,flight-long,218.59424543406007,34.61
consumption,electronics,4781.809444345108,334.004
consumption,clothing,740.4967880807457,11.807
food,vegetarian,2.181783589932186,2.837
transport,car-electric,170.10781831583938,7.665
energy,coal,328.1730030053916,344.511
consumption,other,6374.309515624439,127.97
transport,flight-short,315.72510701697155,79.899
transport,bus,495.1329203583543,51.475
food,white-meat,2.320027112569095,16.013
food,other,2.0817118168070676,5.803
consumption,services,3132.1124975912567,30.802
food,other,2.3889686024443204,6.492
food,red-meat,0.8251692162616251,22.144
energy,natural_gas,779.8584695142785,351.963
transport,bicycle,226.06177998532627,-1.321
consumption,other,7607.743311961273,152.361
consumption,services,7481.303875788651,71.92
consumption,other,9029.277961567492,181.217
energy,electricity-grid,266.57968827594243,188.01
food,vegetarian,2.810933451441624,5.843
energy,electricity-grid,872.3920729828413,618.074
consumption,home-goods,3138.8208191682074,94.011
transport,train,377.29752072742747,15.344
food,white-meat,2.9326375387100625,20.923
energy,renewable,602.3157603586939,11.662
transport,bicycle,386.342833161649,-1.416
consumption,clothing,2758.007089131511,41.384
consumption,services,5323.184661741367,54.277
transport,train,231.82806116578257,9.884
consumption,home-goods,7980.79863653712,242.127
consumption,other,6695.284199482803,132.576
consumption,other,9523.8546423414,189.772
transport,bicycle,92.90765589797631,0.525
food,vegan,1.5293686095415502,2.676
energy,coal,751.1281562759814,789.155
consumption,services,2623.322655240396,25.831
transport,bicycle,375.1778423036832,0.445
transport,train,114.22127363815514,4.437
consumption,home-goods,9530.1562813822,285.887
consumption,services,5754.788933682254,57.849
energy,natural_gas,890.7262144355454,401.155
consumption,other,6167.372844204172,121.834
consumption,home-goods,6754.643265557008,201.436
food,red-meat,2.6293042500053545,70.473
consumption,other,880.931241188283,16.566
food,red-meat,2.1923341593810983,58.609
energy,natural_gas,755.7150228814257,341.523
energy,renewable,784.9814450567046,17.947
energy,renewable,349.95114199374456,5.688
consumption,electronics,2584.6022545143514,180.229
consumption,services,1727.269961944073,17.197
food,vegetarian,1.2198734240815927,3.863
consumption,clothing,439.93446071949967,4.659
transport,car-electric,51.1328230728763,1.677
food,white-meat,1.9318609650403613,12.507
food,red-meat,0.6747401435271754,16.186
transport,car-electric,354.18678929804173,17.539
transport,bus,443.5727245859125,44.934
food,vegan,1.136386231864297,1.669
transport,bicycle,265.4263086157088,-0.224
food,vegetarian,1.7995128681524772,3.595
consumption,clothing,9702.49225784472,145.558
transport,bicycle,319.9920184818739,0.366
consumption,clothing,2345.673894819141,35.025
food,red-meat,1.9348654493043842,51.625
consumption,other,4654.73134539426,95.086
consumption,electronics,2867.9954890555396,200.072
energy,coal,234.42239021145804,246.999
food,other,1.100596820194546,2.942
energy,electricity-grid,106.72458166648946,75.369
food,red-meat,1.368846933156298,37.804
consumption,services,2463.3432284572814,25.854
energy,natural_gas,317.33049088773396,141.789
food,red-meat,0.8806846635063752,22.54
consumption,services,7734.186952451381,77.568
transport,bicycle,199.78662043272715,1.218
food,red-meat,1.6357469723024318,43.792
energy,natural_gas,178.18940411551333,79.488
transport,walking,146.64008912984977,-1.053
transport,flight-short,275.1616442912762,67.378
energy,electricity-grid,280.8692215795682,199.921
food,red-meat,0.8506424284677103,21.901
energy,natural_gas,971.7861194955473,438.481
energy,natural_gas,993.1287681680667,446.406
energy,electricity-grid,665.6658109971851,469.747
consumption,services,4690.003556402645,47.194
energy,electricity-grid,415.63850220098743,294.147
transport,walking,407.5694990717378,0.261
energy,renewable,795.8132503177617,15.987
transport,train,111.51363535831685,3.56
transport,bicycle,265.4647294646993,-1.493
energy,natural_gas,225.27037731444415,102.53
transport,walking,241.43222679897784,0.66
consumption,electronics,4077.8909333357014,286.14
energy,electricity-grid,17.86051346708144,11.717
energy,electricity-grid,377.61170787924607,267.242
transport,train,260.640042891625,10.546
energy,natural_gas,545.1609971648612,244.192
energy,electricity-grid,563.7102845654233,397.089
transport,car-gasoline,248.18356325865096,47.384
food,other,1.2108112292763562,3.628
energy,natural_gas,894.0682632699061,403.283
energy,electricity-grid,946.446751661518,671.435
energy,renewable,861.6113709760028,19.164
food,other,2.552816574727181,6.655
energy,natural_gas,599.0833274521441,269.538
transport,motorcycle,170.05526626887013,18.524
transport,bicycle,288.73976614399834,-0.929
consumption,clothing,575.4165151685651,7.962
consumption,services,6439.531687621789,64.967
transport,bus,399.87072100146247,42.585
food,fish,2.8736239146821867,15.504
transport,flight-short,160.21559386006285,41.361
transport,bus,447.74913930088815,46.709
transport,flight-long,311.06547396041293,47.369
consumption,services,4947.32918140125,49.989
consumption,home-goods,3583.601757934458,108.165
food,red-meat,1.7082414481119423,46.548
transport,flight-short,33.21473649647781,10.224
consumption,clothing,9331.248788311192,141.374
food,red-meat,2.894763215683594,78.297
food,vegetarian,0.6426261384449323,1.997
energy,natural_gas,327.06485194712434,148.151
consumption,clothing,4848.6466395543275,73.587
transport,train,66.91143556587029,4.55
energy,renewable,791.5713158363236,15.833
energy,electricity-grid,683.2674494030616,484.263
food,fish,0.6792493735577555,3.736
food,vegan,1.901056296539671,3.141
energy,electricity-grid,677.0713769377965,479.859
energy,coal,545.9571237604383,572.605
energy,renewable,341.6412867950267,6.463
consumption,other,3363.720777344664,68.871
transport,train,11.077774445991158,1.416
consumption,services,2794.7087452347437,26.461
food,vegetarian,1.2136595072332526,2.807
transport,bus,317.43685605605805,31.966
transport,motorcycle,249.70051947220446,26.608
energy,renewable,890.6056578321966,18.128
consumption,other,8021.506000101068,161.414
food,vegan,1.1323479223112247,1.7
transport,motorcycle,251.0753284428306,27.38
consumption,electronics,2161.6712495405777,149.931
transport,walking,438.8385425292588,0.972
energy,coal,253.49902068874374,265.67
transport,bus,47.01701936374842,4.873
consumption,clothing,5418.966804663536,81.965
energy,natural_gas,8.063945321665996,5.354
energy,natural_gas,158.89053401899645,71.477
food,white-meat,2.612065953073008,16.639
energy,natural_gas,519.7639813199469,233.63
consumption,electronics,9058.899814156006,633.484
food,other,0.7218597517619179,2.623
energy,renewable,909.9504863739198,19.171
transport,bus,407.4663539682294,42.69
food,vegetarian,1.5305160422861066,4.696
consumption,services,8123.879840420291,81.119
consumption,electronics,1574.6581018306063,109.452
consumption,other,8116.87995409543,161.458
consumption,other,5829.280979556615,116.057
energy,electricity-grid,483.113841840888,342.967
food,red-meat,2.4761706524001825,66.271
energy,coal,834.6563050746496,876.21
consumption,home-goods,4279.492914392046,127.477
energy,renewable,981.2387187851332,18.887
food,vegetarian,2.062026222561377,4.478
energy,coal,883.9519711243958,926.859
consumption,clothing,5244.93930746842,81.159
energy,electricity-grid,873.66066686425,618.839
consumption,other,7016.528108428912,139.472
food,other,1.1053458321579555,3.621
consumption,clothing,7982.992116749288,121.447
food,red-meat,0.5993938561822059,17.271
energy,electricity-grid,584.7189239032955,414.542
energy,natural_gas,52.39476386615207,24.211
energy,natural_gas,76.51364346994896,33.621
energy,natural_gas,363.97309475632875,163.575
energy,renewable,595.5725005498232,10.851
transport,bicycle,474.1728002058424,-0.435
food,fish,2.5832374288010165,13.768
energy,coal,177.1384594127284,186.256
food,vegan,1.1120288169147272,2.372
food,white-meat,1.4556814875999395,8.284
consumption,home-goods,6085.9669881245845,182.591
energy,renewable,368.875301599971,7.72
transport,walking,36.918484893712744,-0.092
food,white-meat,2.935170290999253,20.767
energy,natural_gas,642.2922056259553,287.952
consumption,home-goods,5258.407934455749,156.163
consumption,clothing,9892.45396100277,148.093
consumption,clothing,908.7195403927665,12.76
food,vegan,2.417927526291297,5.48
transport,flight-long,30.751496352930374,6.575
transport,flight-short,264.13827116074884,66.643
consumption,clothing,9510.14233908997,143.439
food,fish,1.9318079612795889,9.467
energy,coal,820.7225350318662,860.323
transport,car-electric,331.3680449980926,15.068
consumption,home-goods,5004.847154228218,150.41
food,fish,2.7965839562445987,13.731
transport,car-electric,3.544096255808864,1.042
consumption,services,7622.909873002063,77.012
consumption,other,1140.4580569403922,21.709
transport,flight-long,45.79895164732807,9.065
energy,coal,245.40099289193327,260.389
consumption,home-goods,4015.882865630683,121.088
consumption,clothing,361.2562061782106,5.612
food,fish,2.8448473496201356,13.116
consumption,home-goods,202.7602292621574,5.487
consumption,electronics,8255.344151818052,578.402
energy,renewable,818.8392926736796,16.406
food,other,2.1261244543445685,5.28
transport,car-gasoline,21.586325021115353,5.241
transport,bus,120.63595673636976,13.219
energy,natural_gas,819.1581549303727,368.336
transport,train,367.06904152814263,14.635
transport,car-gasoline,357.25004614446755,70.294
transport,bus,90.18179694761042,10.216
transport,car-electric,190.86029279999275,9.493
food,other,2.3241627440428037,6.994
transport,flight-short,478.79071804533305,121.407
food,vegetarian,2.831552564283534,5.853
consumption,clothing,1570.1978243185865,24.79
food,white-meat,0.9656254611480402,6.565
transport,car-electric,473.8408897282352,25.815
energy,natural_gas,561.6907105484511,252.908
transport,train,168.37189938352233,7.333
transport,train,346.82688586020805,14.119
energy,electricity-grid,724.8734130321294,511.514
consumption,electronics,1448.7686064007466,100.95
food,red-meat,2.0187129242251283,54.788
food,red-meat,1.7176221917075358,48.4
food,white-meat,2.01842087586426,11.433
transport,walking,176.37864616380168,-0.655
consumption,services,2243.7195385566833,22.21
food,fish,1.2905384703558906,5.714
food,vegan,1.355359103866843,1.662
transport,bicycle,292.76174474894265,0.069
transport,car-gasoline,451.5535048416051,84.908
food,red-meat,1.096853858730857,29.088
energy,natural_gas,57.69461057749532,26.774
energy,coal,508.69996686251835,533.877
transport,bicycle,206.40076741266898,-0.358
transport,bus,208.592562291396,21.23
energy,coal,535.2043557943252,563.565
food,vegetarian,1.1485157256172034,1.348
transport,car-electric,61.16351268001733,2.967
energy,coal,894.0896776768901,940.031
energy,renewable,183.28407811006164,4.163
food,vegetarian,1.8377912972710013,2.593
transport,motorcycle,355.64881756143626,38.652
consumption,home-goods,7711.227827218944,232.1
energy,coal,460.3337405490546,484.575
consumption,electronics,7987.890729908936,558.397
transport,bus,476.8176756524483,47.879
consumption,other,1335.9961823715023,26.807
food,vegetarian,0.6508776623816452,1.079
energy,renewable,352.35538377586727,7.855
energy,coal,385.8475219573745,402.431
consumption,home-goods,5773.761465418054,174.492
transport,walking,466.8135930479231,-0.333
energy,renewable,581.6367614624088,12.792
food,red-meat,2.21874521674378,60.525
energy,renewable,110.66946221671336,1.639
consumption,electronics,1495.7086690749743,105.372
consumption,electronics,7765.401491933552,543.223
consumption,electronics,6795.402567845182,474.019
energy,electricity-grid,362.3306255808151,255.843
food,fish,2.09681089164051,11.446
food,other,0.6663444022407843,2.936
transport,car-gasoline,270.7780359590287,52.777
energy,natural_gas,438.612367956493,196.54
consumption,services,8820.640329439737,86.493
food,fish,2.383102992852802,11.848
transport,bicycle,187.49029552750062,1.418
consumption,services,8437.132542501435,83.542
food,vegan,2.7581714862362103,2.835
food,red-meat,2.6076731818126575,69.678
food,white-meat,0.8293114934026344,4.565
transport,train,294.08453190174964,13.25
energy,coal,532.0125669104984,561.08
food,other,2.737979998792909,8.445
food,red-meat,2.779412765683417,75.205
consumption,electronics,1212.0342546744714,86.588
energy,electricity-grid,300.5227224524636,212.501
consumption,clothing,4430.25375316344,67.06
food,fish,1.412122468905786,6.98
transport,car-gasoline,385.6469816286053,74.167
food,vegan,1.4648303863735739,0.639
energy,coal,284.1561530933714,298.182
consumption,home-goods,1882.3286603652366,54.798
consumption,other,7260.8142208786185,145.65
energy,natural_gas,198.14553794679568,88.57
food,fish,1.455291235468122,5.707
food,vegetarian,0.8971438399627789,3.096
food,vegetarian,0.8151794372006465,1.003
energy,renewable,599.5667094476638,13.599
transport,flight-short,483.61993293305943,122.403
transport,car-gasoline,397.2958024744369,74.313
food,red-meat,0.660128892141399,17.438
energy,natural_gas,377.28647586356317,170.197
transport,flight-long,39.83398582911917,7.08
energy,natural_gas,904.6988800604788,406.547
food,white-meat,2.8214304884893693,19.434
energy,natural_gas,835.0857226080185,376.138
consumption,services,4018.8380879813894,40.164
transport,bicycle,112.79059524693268,1.265
transport,walking,448.31472710544284,-0.554
food,fish,0.967378359503833,6.089
consumption,electronics,431.2498321112417,30.707
consumption,services,9608.404606861395,95.82
energy,natural_gas,997.4265495076082,449.853
consumption,clothing,2785.8050877253477,42.51
food,white-meat,2.4359096071064603,20.003
transport,bicycle,416.84941060598925,-0.406
food,other,1.8744191822207927,5.871
food,red-meat,1.667193265106141,45.253
food,white-meat,1.4880614097840248,11.021
food,fish,2.571525969480036,13.028
consumption,electronics,1060.4810652088736,75.193
transport,motorcycle,22.272825920580296,0.819
consumption,electronics,7330.406940049478,512.112
transport,train,91.50251237513415,5.227
food,fish,2.4192969120533836,11.482
energy,natural_gas,21.60117894214544,10.369
transport,car-gasoline,382.2885150452313,74.542
consumption,electronics,2223.556322189863,155.307
food,vegetarian,0.7615171451413723,0.353
transport,walking,368.8861248691028,0.343
energy,natural_gas,94.7229543730411,41.053
energy,electricity-grid,513.6925009953395,365.059
transport,car-electric,131.48574987121597,5.315
energy,coal,496.50542864159365,520.996
food,vegetarian,2.182004234290244,2.996
consumption,clothing,2616.5690439035916,37.503
consumption,electronics,1675.586960823425,118.126
transport,car-gasoline,342.5411010708248,65.569
transport,car-gasoline,177.59940538110516,34.542
energy,coal,690.7754778376026,725.133
consumption,other,9398.427487754652,187.592
food,white-meat,1.3390843147058153,9.112
consumption,services,6218.775193480431,63.42
consumption,electronics,9821.381569957986,686.034
transport,car-electric,462.19552296871365,23.707
food,red-meat,1.8210779459817727,50.122
energy,natural_gas,759.5878935412494,342.433
transport,train,35.79772376354936,1.428
food,white-meat,0.6797540995694175,5.084
energy,natural_gas,677.2885191407267,303.917
energy,electricity-grid,952.5691423478947,671.428
consumption,services,2358.740913153749,24.012
consumption,clothing,3494.2954458362224,53.844
consumption,electronics,6294.804943957623,439.917
food,vegan,2.9901844718926993,5.701
energy,renewable,625.1712052908512,11.756
transport,bicycle,370.8192255750131,0.468
energy,renewable,217.15314821682048,3.95
food,white-meat,2.6583928240173553,16.79
food,vegan,1.637364127029247,1.331
transport,walking,381.98481598051745,0.784
transport,flight-short,419.12058608803665,106.131
consumption,home-goods,4723.354341007612,142.496
food,white-meat,0.6899544559923072,6.094
consumption,other,1573.5504931808246,31.221
consumption,electronics,8552.530160452636,597.565
consumption,home-goods,3714.2058686850014,111.574
transport,car-electric,371.8669049509005,17.893
transport,train,272.44415272196073,11.569
consumption,clothing,2265.398770396925,33.494
transport,walking,461.400474450076,0.56
food,red-meat,0.708809262544867,18.858
consumption,electronics,3200.3757978064227,223.632
consumption,services,7376.559507940387,72.91
transport,walking,349.23056375767334,0.572
energy,electricity-grid,237.46254141473776,167.426
transport,car-gasoline,115.12386343791358,22.177
energy,renewable,776.3238297602925,16.395
energy,electricity-grid,963.3150387547998,681.699
energy,electricity-grid,851.5960026478837,602.395
consumption,electronics,1088.8144171886267,76.23
consumption,home-goods,471.47446430672886,13.341
transport,flight-long,346.93525090391137,52.495
energy,renewable,130.67000101252663,3.096
transport,bicycle,492.38758675304155,0.013
food,white-meat,2.8782094907132727,19.921
energy,renewable,137.72999102590947,3.02
consumption,clothing,8043.04521388619,120.743
consumption,electronics,3881.1051642922803,271.796
energy,electricity-grid,303.50679357656765,215.356
food,vegetarian,2.590670995729594,4.25
consumption,home-goods,6358.821948938324,190.878
consumption,services,5506.297058302607,54.715
transport,motorcycle,399.6696554362366,44.819
consumption,other,4521.539424063566,91.399
consumption,other,5723.764494486933,113.496
food,other,1.235809635581557,3.682
food,white-meat,0.5910293212065441,2.8
food,red-meat,1.037767201986969,25.599
energy,renewable,580.0951530041456,11.084
food,red-meat,2.188847905408238,58.082
energy,natural_gas,890.5413231821457,400.446
transport,flight-short,98.64484382105222,24.302
energy,coal,895.3232682358749,941.198
energy,electricity-grid,535.502252366888,378.382
consumption,clothing,5118.623797766796,78.333
transport,train,102.25325973261279,3.709
energy,renewable,69.5514766678597,1.309
food,white-meat,1.9387025796187813,12.034
energy,renewable,708.1973439242332,15.093
consumption,other,1270.650640721952,24.783
transport,train,249.55450324220527,11.603
energy,electricity-grid,374.59437954927887,265.108
transport,train,11.655103714002566,0.421
transport,car-gasoline,405.71042797192877,76.724
transport,flight-long,388.52512752691007,58.225
consumption,electronics,3652.144042234523,254.992
food,red-meat,2.655723936487821,72.495
energy,electricity-grid,567.8366379645923,399.67
food,other,1.6832268432547157,5.882
transport,motorcycle,215.61271825033975,25.214
consumption,clothing,7642.6002041021975,115.645
energy,renewable,860.7576885857625,15.815
transport,flight-long,294.2830024847008,43.738
consumption,other,7032.155028900093,142.906
food,red-meat,2.9290687783240745,80.04
energy,coal,781.4959381857475,818.499
food,fish,0.6085750608992997,3.317
transport,bus,490.25790662208493,48.832
food,vegan,0.9469334698699257,-0.833
consumption,services,999.6275982720757,8.822
transport,train,27.365781658699454,2.695
food,fish,1.6522657794221678,9.185
consumption,home-goods,3030.917605876047,89.679
energy,renewable,506.51861980592605,10.077
food,vegetarian,2.471204458364884,5.37
transport,motorcycle,182.3814162059994,20.823
energy,coal,253.15196465909557,265.912
consumption,electronics,5899.058709703978,413.305
food,other,2.7376527596224633,9.1
transport,bus,358.79168328101827,38.01
food,other,1.2580372332511922,2.227
food,other,1.2777479670381193,4.273
transport,bus,444.92661923838216,47.033
food,fish,1.4395236735536194,6.161
consumption,services,4418.294776844324,45.568
food,red-meat,0.5720178444615499,14.001
food,fish,1.1943749665257162,5.948
transport,car-gasoline,495.44781605010576,97.19
food,red-meat,1.435001044312729,39.409
consumption,services,2863.832965159005,30.342
food,white-meat,2.6334580369174607,17.029
consumption,other,8003.5276867216335,160.208
energy,renewable,396.53642693505344,5.911
transport,bicycle,408.76253403713076,0.034
transport,bicycle,130.53840725711814,-0.264
consumption,services,1920.9712473465468,19.491
consumption,home-goods,2470.1464426089265,75.855
transport,bus,363.01336686214177,37.328
food,white-meat,0.6511306641197117,6.57
energy,electricity-grid,343.88452508252817,243.28
consumption,home-goods,7802.70366538575,233.099
consumption,services,3926.992704283349,39.894
transport,train,497.541534705869,20.415
food,white-meat,2.655566051491746,17.892
food,vegetarian,2.9126197493583947,5.823
consumption,electronics,9543.713607304753,668.48
energy,electricity-grid,247.40058909849282,174.323
food,white-meat,1.4433952114132373,10.685
consumption,electronics,8430.422607942934,589.053
transport,flight-short,197.12110088322382,51.238
food,other,1.6952484317456102,3.722
energy,electricity-grid,884.2538253250265,625.917
food,fish,2.970537382289453,15.049
energy,electricity-grid,461.6672209701419,325.286
consumption,services,8955.3769284333,88.435
consumption,clothing,7760.418054432376,115.742
energy,electricity-grid,305.4270223196697,214.837
food,red-meat,0.785827122073587,22.105
energy,natural_gas,742.8971933127848,333.747
consumption,home-goods,8840.476104365323,263.982
transport,car-gasoline,89.14062509572588,16.846
transport,motorcycle,55.82118562678549,5.168
food,vegetarian,2.550733176938924,5.062
food,white-meat,0.9950217787327724,7.446
food,other,2.789511490079705,7.823
consumption,other,7377.456259065412,146.495
consumption,electronics,4534.8005554522015,316.752
energy,electricity-grid,813.927741389027,579.001
food,vegetarian,1.578339523268782,1.846
transport,bus,261.3308995868983,27.838
transport,flight-long,368.74581180891715,57.988
transport,train,333.3458159576436,15.215
transport,train,124.01797808773814,6.426
food,other,2.225279431396288,6.424
transport,train,94.32908277290558,4.846
consumption,other,4792.871436788106,94.956
consumption,electronics,1810.7536719028683,127.724
energy,renewable,957.8417919584361,18.662
transport,train,183.2197221243119,7.653
consumption,other,9352.728888607686,187.091
transport,motorcycle,463.91411557483184,52.794
transport,motorcycle,51.82001402755905,4.848
food,vegetarian,1.5183925610940505,1.286
energy,natural_gas,526.4793982049856,236.163
energy,coal,318.3435673009678,336.605
transport,car-electric,150.67700617679864,7.127
energy,natural_gas,801.4002085170238,360.889
energy,coal,626.1205998485453,657.45
transport,train,161.02483180062612,7.092
consumption,electronics,3549.0260855437386,249.339
transport,car-electric,494.4348821575537,25.453
food,vegan,0.6688966282933626,1.093
transport,flight-long,240.68620682526156,36.071
transport,car-electric,9.665438507090432,-0.049
transport,flight-long,198.2317502337932,30.025
food,fish,2.736131547058728,14.015
consumption,services,2830.5787954353054,26.979
transport,train,65.82857591298912,2.974
consumption,clothing,744.3373810360371,10.991
energy,electricity-grid,283.2847097801187,200.515
food,fish,1.3341538966868294,6.802
transport,flight-long,131.44406315085521,18.162
transport,car-gasoline,445.4328939419744,85.69
consumption,clothing,815.4569846988686,11.489
consumption,other,9116.894490708279,181.284
transport,flight-short,484.23180041582725,123.932
energy,renewable,548.8736321176691,9.844
energy,electricity-grid,76.2713831285938,52.049
consumption,clothing,2807.7276091921613,39.928
energy,natural_gas,6.935130802795076,2.286
food,white-meat,1.8222614236986139,12.049
food,red-meat,2.5775423426800077,68.966
consumption,services,5723.592545428568,57.617
energy,coal,345.8259350557417,360.756
consumption,electronics,8921.273684724085,623.384
consumption,home-goods,4059.7544743957033,121.739
food,white-meat,0.856835175372203,5.439
energy,renewable,99.97786040728256,0.86
transport,train,414.1811346916679,16.648
food,vegetarian,1.8108190837973275,5.585
transport,car-gasoline,442.12245291806283,84.256
consumption,other,3435.359462038223,69.072
energy,electricity-grid,944.1586520164459,668.587
transport,flight-long,202.10498448628684,30.15
food,vegan,0.780177626400183,0.788
transport,walking,177.32098676220375,1.454
energy,electricity-grid,124.1778209244829,89.98
food,vegan,2.5300098484969795,3.228
consumption,electronics,8634.17656028786,602.526
consumption,clothing,8658.451308759963,130.391
consumption,electronics,4813.483523295434,337.617
transport,flight-short,440.17497232129557,112.131
transport,bus,51.62723287334885,6.395
consumption,home-goods,5505.256121331426,164.192
consumption,clothing,988.9085447684345,15.256
energy,electricity-grid,855.238942716095,604.787
food,fish,2.1573374411653417,12.412
transport,bus,335.1789962585746,32.926
food,other,1.9755545220175224,6.258
consumption,clothing,9481.335085003433,140.421
food,white-meat,2.0326892792928195,14.346
food,vegan,1.8458668073016724,1.893
consumption,services,5866.952598856681,57.386
consumption,services,9733.166059135094,98.394
energy,natural_gas,643.1111455641344,290.428
energy,coal,960.809223896137,1007.918
food,fish,1.9241557568010224,10.396
energy,electricity-grid,831.4063922418669,588.417
food,white-meat,1.8559500882918347,13.627
consumption,electronics,7004.757928274989,490.043
food,other,1.5363158566512807,4.118
food,vegetarian,2.0672023093963565,5.447
transport,flight-short,268.49959061162986,68.102
transport,train,394.13344554799016,15.294
food,vegetarian,1.527141881106499,4.781
food,red-meat,2.3210439726843584,63.253
consumption,home-goods,7051.842388805835,211.993
transport,walking,217.9363147710071,1.042
food,vegetarian,0.9900743518232398,2.233
food,other,2.59749846106822,6.92
food,vegetarian,1.9452098130292241,3.513
food,vegetarian,2.649493110617897,3.109
food,fish,2.7434916800752,14.776
transport,flight-short,423.2137298957821,106.617
food,fish,2.0090327495173836,8.472
transport,flight-long,409.9143142308765,63.122
consumption,clothing,1945.1283863721544,28.548
transport,bicycle,115.63168797206606,-0.476
energy,electricity-grid,425.0018352649359,302.17
transport,flight-long,296.38413920854214,42.587
consumption,clothing,3477.725417788068,51.913
consumption,services,936.1132530230119,7.896
consumption,home-goods,1105.8998939760827,31.517
energy,natural_gas,416.99953981014994,187.599
consumption,clothing,4308.909748964709,63.2
energy,electricity-grid,861.48864110753,609.669
energy,natural_gas,174.66064050306912,78.409
transport,motorcycle,213.8979610649557,22.921
consumption,other,971.7328040979867,18.207
food,fish,2.2085349926049886,10.3
transport,flight-short,304.82727967406277,77.995
energy,renewable,403.0038603066535,9.817
food,vegetarian,1.5163740414293556,2.437
consumption,clothing,3414.5227221307364,52.153
transport,train,227.0856568852342,9.204
energy,natural_gas,268.56224685901975,120.785
energy,natural_gas,677.3708771685247,304.722
food,red-meat,1.3439611444538733,35.62
consumption,other,6600.976113765751,131.744
energy,renewable,871.6074630431275,15.551
transport,train,84.33969513236121,3.609
energy,coal,392.15764841819447,412.579
consumption,other,6138.993472758845,122.709
transport,flight-short,432.07416288785,109.572
food,white-meat,2.616056045899729,16.71
consumption,electronics,6685.624685835112,467.977
energy,renewable,123.21720348657543,2.67
food,other,1.2699374404575663,5.385
consumption,home-goods,9981.731405269868,298.635
consumption,electronics,6995.345872057047,489.731
food,red-meat,2.112007593270456,59.515
transport,bicycle,202.8426275706965,0.147
energy,electricity-grid,966.4480907417578,683.731
transport,flight-short,210.05656329236845,54.318
energy,coal,443.32138006175273,465.315
energy,coal,2.1669782776236746,2.608
consumption,services,4756.411966082408,46.929
consumption,other,7322.618066151055,146.99
food,other,2.1265292603282435,5.48
consumption,other,6377.666339716946,126.672
food,vegetarian,2.016649668800558,5.647
consumption,clothing,9975.886013372785,150.361
transport,walking,7.269666300665874,-0.999
food,fish,0.6910069324405805,1.999
energy,coal,486.891688601384,512.385
food,fish,1.8726054520556548,9.26
energy,renewable,332.1502586604607,5.81
energy,renewable,683.6355200416484,13.874
consumption,other,5203.233779943425,104.052
transport,walking,122.64431264035758,2.526
transport,bicycle,90.41711880482562,1.365
energy,coal,281.76635355500565,296.99
food,vegan,2.223277020402648,4.449
transport,bus,217.0742850642671,21.832
consumption,electronics,6726.664876597822,470.647
consumption,clothing,1464.4154382285674,21.9
energy,natural_gas,492.36756372079213,221.304
food,vegetarian,1.3733193609427543,3.126
food,vegetarian,2.590744433515316,5.416
energy,coal,229.47348235895385,239.137
transport,train,452.53022410985443,19.129
transport,flight-long,382.1116890415452,56.765
food,other,0.9733907228467749,3.232
energy,electricity-grid,173.86763456066038,122.604
energy,renewable,526.7788270890793,10.094
consumption,electronics,9087.081146010789,636.5
energy,electricity-grid,48.14246141481703,32.857
food,red-meat,1.6266720313279677,44.129
transport,bus,356.04908803556623,37.932
transport,bus,174.23777911936747,18.947
food,vegetarian,2.662836515027469,6.432
food,other,2.1136190014683027,7.278
energy,coal,579.8068228911894,608.544
energy,electricity-grid,281.3598795405903,199.23
energy,coal,454.83575902796804,476.832
food,red-meat,1.7715223690916653,48.567
transport,motorcycle,345.62460580217686,37.01
transport,flight-long,344.81474791169444,52.147
energy,electricity-grid,982.5903640653859,695.654
transport,motorcycle,342.05602448921934,38.004
energy,natural_gas,820.6923869611778,370.142
energy,electricity-grid,669.9305603915526,475.051
energy,electricity-grid,844.5447895221005,597.363
food,red-meat,2.959745090900044,81.533
transport,bus,487.92640568451293,52.088
transport,car-electric,208.9784653596202,10.666
energy,electricity-grid,533.8060657512344,376.904
consumption,clothing,2737.7745404078155,41.968
food,vegetarian,2.13068138598506,4.591
food,white-meat,1.2178962385839274,9.567
energy,natural_gas,169.46329521962844,78.019
food,white-meat,1.2166457969813478,8.754
energy,natural_gas,227.96236343670688,102.661
food,other,0.5901547306979178,2.915
energy,coal,237.25998308837566,248.777
consumption,home-goods,2247.4556742620994,68.54
food,vegetarian,2.46485229465925,4.381
energy,coal,258.47534498108763,271.922
food,vegetarian,0.6860051443212268,1.795
food,vegan,0.6144186328756733,0.78
consumption,home-goods,1894.9193295932744,55.908
consumption,home-goods,372.73827418804456,12.914
food,red-meat,2.321495388849333,62.191
energy,electricity-grid,835.5242874133261,589.557
food,white-meat,2.2737418514837286,15.346
consumption,clothing,5820.897747868913,87.889
transport,bus,130.09055645118474,15.595
food,other,1.2724642547082121,2.407
energy,renewable,196.21425099295627,3.579
consumption,electronics,4583.353156576949,320.321
food,white-meat,1.8874031623997545,13.754
energy,electricity-grid,357.25077062552907,252.249
energy,natural_gas,212.5443374067367,95.92
consumption,electronics,9100.601392247292,638.611
energy,coal,58.407413128077266,61.088
energy,natural_gas,316.2356003935857,141.594
food,other,0.7989552669121396,1.449
consumption,electronics,8148.560494934534,569.614
consumption,other,4126.444414437474,81.461
consumption,other,6424.674143944847,128.407
transport,motorcycle,358.5527799673247,38.566
transport,train,383.138334019771,15.88
food,other,2.6083894390428743,8.082
transport,bus,104.6941333764908,11.423
food,red-meat,2.3601430925891287,65.584
energy,coal,825.0602345609963,864.954
consumption,home-goods,9877.90338008402,295.116
consumption,services,4256.165153550607,42.849
energy,coal,988.2925375571534,1037.124
consumption,home-goods,7366.201954087746,220.026
consumption,electronics,9723.654649815986,679.8
transport,car-electric,384.3125508638428,19.064
food,vegetarian,1.009984601734808,1.981
energy,coal,458.4520682069662,482.805
consumption,clothing,8656.196675155212,130.292
energy,natural_gas,375.6720873757825,167.256
energy,electricity-grid,479.97161025781173,340.034
consumption,electronics,1874.0808667544968,132.294
energy,electricity-grid,965.1033530086039,683.235
transport,bicycle,276.45244594751665,0.555
transport,bus,199.68920129288816,21.862
food,vegan,0.865317858231957,0.846
transport,bus,57.79525266705601,4.747
consumption,home-goods,1364.6191129250537,43.529
transport,flight-short,61.748202744906315,17.481
energy,renewable,844.2641017771784,15.95
consumption,home-goods,9116.19829554636,273.947
food,white-meat,2.5471512904927938,17.846
consumption,other,480.46857760644014,9.478
consumption,other,1736.1445143323504,34.515
transport,bicycle,163.5740597662755,-1.473
energy,natural_gas,171.48771296979547,77.224
energy,electricity-grid,689.964310111849,488.126
energy,renewable,897.5888938537215,17.72
consumption,services,8014.616065762007,80.127
consumption,electronics,3269.6589416997194,229.304
transport,car-electric,228.70163873281822,10.522
consumption,services,4798.135527160465,47.593
food,vegetarian,2.290776184846428,4.663
food,white-meat,0.9783250757256108,6.987
consumption,clothing,5839.406355094795,87.015
transport,walking,431.7695261624948,0.599
consumption,services,5501.9501644968195,53.787
food,other,1.0405932473354342,4.28
transport,train,252.55035492210087,9.971
consumption,services,6183.004354471425,63.537
consumption,other,1543.248834948228,31.364
food,white-meat,1.435253918578145,10.463
energy,natural_gas,150.49751172006347,67.666
transport,train,34.452683579964656,-0.493
energy,electricity-grid,688.0215434567261,488.127
consumption,electronics,7533.333755475927,526.25
energy,coal,951.0615018110379,998.299
consumption,electronics,2097.205087979999,147.489
food,vegan,1.1348756046623398,1.528
transport,motorcycle,285.8955049553297,30.686
energy,electricity-grid,99.97878665563006,70.623
transport,motorcycle,253.99718173278686,27.178
energy,natural_gas,431.88893833074144,194.339
transport,train,303.51778191332716,13.197
energy,coal,757.8715032523689,794.65
transport,car-electric,426.7382517338692,19.83
consumption,other,2414.135261978486,47.085
energy,renewable,195.13132637022747,3.726
energy,electricity-grid,692.321377178343,490.956
food,red-meat,1.4190425370235287,37.093
energy,coal,897.025818281753,943.176
transport,flight-short,424.4010103450325,109.169
transport,flight-short,237.54291073358053,60.892
transport,car-gasoline,333.2258883727028,64.855
transport,flight-long,38.78273165703659,5.673
food,vegetarian,0.7041697090271916,0.754
transport,bicycle,450.38255142390864,-1.843
energy,coal,748.1047738983285,785.605
transport,walking,71.98784587980403,0.767
energy,natural_gas,391.5128997019609,175.39
energy,natural_gas,387.48891393131294,175.507
energy,renewable,406.12102686764166,7.706
consumption,other,7759.884162558189,156.279
food,fish,1.0795767654245287,4.134
energy,electricity-grid,480.213253289139,338.335
consumption,services,1934.818794724799,17.774
energy,renewable,557.6472457361311,12.25
energy,electricity-grid,685.8015016042802,484.762
transport,flight-short,211.35625463734706,52.041
consumption,electronics,2761.2463742509794,194.292
food,fish,0.7382260555208462,2.691
consumption,electronics,1910.829914536918,134.878
energy,coal,925.2540102813789,971.254
energy,natural_gas,171.69818047448672,77.284
energy,renewable,839.1975749824425,16.298
energy,coal,186.3031489360234,195.991
energy,natural_gas,805.2840742324609,362.918
energy,renewable,698.5277864172416,14.19
consumption,other,8954.612512381955,178.49
food,fish,0.9469039609100265,5.532
consumption,home-goods,3813.6721394196566,114.485
transport,bicycle,402.6165565329108,-1.476
energy,electricity-grid,881.2532795341706,623.569
consumption,services,5078.723060593922,50.558
consumption,home-goods,3549.3006035112235,105.427
energy,coal,60.24213177912061,63.325
consumption,electronics,1911.971854466476,134.496
transport,flight-short,231.52272266596992,57.301
food,vegetarian,2.6170505901918903,5.005
food,red-meat,2.672740254808713,71.113
food,fish,0.7578171178580646,2.587
consumption,electronics,3966.605407904931,276.364
transport,car-gasoline,371.51122088218614,70.21
consumption,electronics,4786.254523338014,336.171
consumption,clothing,2170.3536779764922,30.869
food,vegetarian,1.335321609688096,1.492
energy,renewable,668.1316714187609,14.92
consumption,electronics,4636.608478508551,324.49
food,fish,0.6580723205642415,3.269
consumption,other,3705.5327569746028,73.615
transport,flight-long,76.72120100263054,13.413
energy,electricity-grid,885.3604972675518,627.124
food,vegan,2.0927914369115324,1.83
food,vegetarian,2.290932432347271,4.919
transport,bicycle,257.7812879284931,1.21
food,white-meat,2.880048101014238,22.371
consumption,other,7825.276892802992,156.535
consumption,clothing,9563.902008510588,141.512
consumption,other,461.958448883481,9.232
energy,renewable,818.3614700720188,17.685
consumption,clothing,6207.956663951787,93.462
transport,train,362.21903421567134,15.598
food,fish,1.5772872316971507,8.96
food,fish,2.426967289681647,13.073
consumption,home-goods,8154.942300075936,244.774
energy,renewable,527.5739181275668,9.383
transport,bus,289.31309909427495,29.574
food,vegetarian,2.806503109133697,6.821
consumption,other,627.8093923827623,15.167
transport,car-electric,159.18011899507187,9.181
food,red-meat,1.81428050502896,50.607
food,white-meat,1.201514352619914,9.76
transport,car-gasoline,379.147768615814,72.919
energy,coal,528.4400246062623,554.786
transport,train,318.56233745812625,12.795
transport,bicycle,210.5393422494722,-0.081
food,fish,1.291817609265813,6.793
energy,natural_gas,627.9196854516085,282.468
consumption,electronics,6120.584891216028,429.278
energy,natural_gas,810.0290317390767,364.847
consumption,services,3515.9123035908865,34.333
consumption,services,2173.368182318042,22.497
consumption,clothing,5056.167804332389,74.571
energy,natural_gas,101.154289593339,45.808
food,red-meat,1.7607870425175958,45.172
food,vegetarian,2.3731952701055476,3.692
transport,train,120.82998905212912,5.144
consumption,electronics,3823.219198085018,266.589
consumption,clothing,7084.513967606284,106.59
consumption,home-goods,1396.5889973086175,41.747
energy,renewable,583.9521785533033,11.622
food,white-meat,2.0384053850680006,14.053
food,fish,0.8712675820850775,3.38
energy,renewable,457.9535181479679,10.087
food,white-meat,2.690715638577467,18.97
food,fish,2.0199746445840896,10.417
transport,flight-long,396.52388831572665,60.206
transport,flight-short,193.6751313178526,49.992
food,vegetarian,2.3142462717707852,3.137
energy,coal,753.4472755649973,791.679
transport,bus,60.53641816924784,6.614
transport,car-gasoline,181.17932462021344,36.358
transport,car-electric,477.6475914649222,23.71
energy,renewable,898.7956090162243,18.4
energy,electricity-grid,178.77617607859167,128.568
consumption,services,5409.7836672993435,53.915
transport,motorcycle,153.2363431700024,15.604
food,other,0.7950147376062648,1.584
energy,renewable,919.3042908162275,18.576
food,vegan,0.7697906321935944,0.257
consumption,services,8159.056822835331,81.72
food,vegetarian,2.504185887123444,5.826
transport,walking,74.95295977400332,-1.404
consumption,electronics,4083.620666645442,287.128
food,vegetarian,2.3394379800438223,5.525
consumption,clothing,6876.37358245576,105.35
transport,car-electric,129.87054287547542,7.603
energy,natural_gas,290.78600722242004,129.54
energy,natural_gas,209.4602996700664,93.997
consumption,home-goods,9194.335081331576,274.636
energy,natural_gas,357.38597497544214,159.648
energy,coal,378.4701945996196,400.534
consumption,electronics,5660.864097178092,395.362
transport,bicycle,62.86961610655729,0.53
energy,renewable,781.0831923280307,18.165
transport,flight-short,364.26262538384543,92.165
consumption,electronics,2872.6951981862535,200.6
consumption,services,5686.454359289693,56.411
energy,coal,762.7667229981358,799.518
energy,renewable,752.2138675598171,15.589
energy,renewable,86.63779922543277,1.847
transport,train,4.246527872126354,0.58
food,white-meat,2.2679015521706773,15.219
transport,flight-short,273.2925814024436,70.834
energy,electricity-grid,917.7084190542838,650.782
consumption,clothing,477.48575843597655,8.577
transport,flight-short,405.17650282779647,102.186
energy,renewable,11.053338977793164,1.999
energy,natural_gas,749.14690373725,337.18
consumption,services,8003.030114628791,80.245
energy,coal,309.4190026351422,325.136
transport,flight-long,175.14647256787183,26.53
food,red-meat,2.365120217226389,62.844
food,fish,0.8475946206085003,3.456
food,vegan,1.4365134621610118,0.726
transport,car-gasoline,163.4294327250246,30.942
energy,natural_gas,583.5322129651337,261.952
consumption,other,8581.118700116125,172.612
consumption,clothing,9184.185518465309,139.051
food,other,2.342392829174247,5.776
consumption,clothing,9375.37658693617,139.197
consumption,home-goods,2814.7783275922507,83.459
energy,coal,717.5043122999251,754.422
energy,renewable,111.95387387687578,4.365
consumption,services,9939.609467063841,100.308
energy,natural_gas,878.7624768712681,394.562
energy,electricity-grid,260.66665154752724,185.081
energy,electricity-grid,668.4648057615861,473.169
energy,natural_gas,463.4968556295606,209.385
transport,flight-short,398.6460678943402,102.561
energy,renewable,490.71157905671,10.06
food,other,2.3061363237725443,7.752
consumption,services,9772.163535270138,98.663
transport,walking,362.689933231119,-1.069
energy,renewable,313.5162876602294,6.827
consumption,clothing,5868.64082836087,88.047
transport,train,21.116539969919607,1.013
energy,natural_gas,513.7058700131587,231.714
food,white-meat,2.213401531905458,13.242
food,fish,2.4744812209649343,12.577
energy,renewable,488.18116040184873,8.992
food,white-meat,1.9466668884210567,13.279
energy,coal,815.3924201964153,855.336
energy,coal,683.1156517086275,718.869
transport,motorcycle,161.6448712893939,16.08
consumption,home-goods,2662.0270075825065,81.574
consumption,home-goods,1606.7858835811528,48.418
food,vegetarian,2.7668724632942046,5.786
consumption,other,6159.923649618482,124.161
food,vegetarian,2.38245607533153,3.943
transport,car-electric,99.22370956195564,4.098
energy,electricity-grid,88.63305423850164,62.997
food,white-meat,2.621637581818985,19.193
consumption,clothing,1054.4676053711682,17.155
energy,natural_gas,723.4195651460836,326.408
food,red-meat,2.745979375568874,73.803
consumption,electronics,3502.6468129018253,246.176
consumption,electronics,9716.824933369726,680.521
energy,renewable,50.43400365922592,1.82
energy,renewable,324.66850796513995,6.726
food,fish,1.811615226228442,9.241
transport,bicycle,91.18625125345034,0.05
transport,train,499.5892883268086,21.235
food,vegetarian,0.8017692034747863,2.745
transport,car-gasoline,283.9328262232872,55.347
transport,train,430.05690694227417,16.881
energy,natural_gas,522.158352480923,236.756
transport,flight-short,1.082582754071162,0.558
energy,natural_gas,438.9015325371746,196.589
energy,electricity-grid,634.4253316634363,447.046
transport,bus,317.90337490996905,33.547
food,red-meat,2.7327168492275193,73.399
consumption,electronics,4658.630371151811,326.152
transport,flight-short,84.07821057866924,20.809
transport,walking,295.577493680418,-0.404
energy,electricity-grid,846.1498597192178,598.546
food,white-meat,2.7914984722523615,18.15
energy,coal,41.56888081258785,43.477
transport,car-electric,158.094060261345,5.904
transport,car-gasoline,5.473702680419901,0.363
food,vegetarian,2.8304152873562476,5.267
food,vegan,1.415593896477946,3.81
food,white-meat,1.8351401721934908,12.959
energy,natural_gas,969.5743534058494,436.868
transport,bicycle,410.06557482229897,0.903
transport,flight-long,496.02127328905567,74.81
energy,coal,463.13043421722546,485.594
energy,coal,975.3952798948848,1026.004
food,vegetarian,1.7991627640661105,4.037
food,vegan,2.2711558697484078,2.739
energy,renewable,934.9290103093596,19.464
food,fish,1.0435683621520733,2.82
energy,coal,193.52932831002155,202.77
energy,coal,369.9640644069523,391.105
food,white-meat,1.8716549894038874,13.953
transport,flight-short,382.51031824853186,96.652
energy,electricity-grid,327.8705431147033,233.097
consumption,services,3499.2252094762825,35.846
food,white-meat,1.9146431377740214,13.49
transport,car-electric,403.9826203008231,21.315
transport,motorcycle,60.94862206746017,6.98
food,red-meat,1.5413034822196092,42.657
energy,coal,515.0991506831042,542.326
consumption,electronics,5626.346586337723,393.508
consumption,clothing,6195.416716584472,93.122
transport,flight-long,260.6311099279079,36.903
transport,car-gasoline,16.318544906101515,3.865
transport,flight-long,299.7015181799973,45.252
food,white-meat,2.9457390249743485,19.281
energy,coal,807.2715022549048,847.139
transport,bus,310.19624390795764,32.151
consumption,clothing,2358.0322593111755,37.551
transport,bus,205.36405849705233,21.262
food,vegan,2.6495178813625486,5.354
food,other,1.980694156183605,9.125
transport,car-gasoline,2.377064604135213,-1.499
consumption,electronics,3587.9627550381642,252.376
energy,coal,789.274562355265,828.312
energy,renewable,375.55568810486324,6.85
transport,flight-long,279.953457425143,42.681
transport,walking,405.37799892886596,1.089
food,fish,2.347315574113548,12.954
energy,natural_gas,573.7936225006372,259.327
food,vegetarian,2.0939798623212917,4.796
food,red-meat,2.0799474658703647,57.144
consumption,services,1466.1133760380515,17.058
consumption,other,3194.2996871765686,65.686
energy,electricity-grid,766.4705336652002,542.156
energy,natural_gas,867.0339727123868,389.627
food,white-meat,2.83186081286652,21.289
transport,train,277.81889779363314,11.077
food,vegetarian,0.5623797111692936,1.323
consumption,clothing,1536.7068802671442,22.148
energy,electricity-grid,750.9413665169249,532.15
energy,electricity-grid,806.1501717002121,570.316
consumption,electronics,8651.094481249236,603.622
transport,train,319.65468856699175,13.317
transport,bicycle,385.69758170485454,0.126
transport,flight-long,430.8567952781499,64.445
food,white-meat,1.7943473412354243,12.751
energy,natural_gas,303.2001130532318,137.027
consumption,services,5909.522976071501,58.412
transport,bus,303.77835395010453,32.603
energy,electricity-grid,439.2216452513282,311.748
transport,car-gasoline,385.21189575644405,73.017
consumption,electronics,5402.5998980728245,378.498
food,fish,1.2113658745123022,7.342
energy,natural_gas,242.91467326791235,109.69
food,white-meat,0.5540367943780409,2.527
consumption,electronics,1070.5957652604848,75.301
food,other,2.336082971869973,7.148
transport,walking,101.70023720514402,-0.562
transport,walking,499.48590135718996,0.744
transport,flight-short,211.96446992719243,55.139
consumption,services,4260.942038994457,42.165
consumption,other,5667.414245161894,112.731
transport,bus,145.705050126425,15.495
food,vegan,1.7608421036365676,1.932
energy,coal,57.572585636106886,59.592
transport,bus,336.72155826325286,35.741
energy,natural_gas,75.3276928428843,32.784
transport,train,286.6558761742605,12.355
transport,walking,36.68784915482664,0.688
transport,train,54.53331808430782,2.777
consumption,services,5452.73746993071,52.762
energy,coal,13.273310055246254,15.218
food,vegan,2.142455489808318,-0.379
energy,electricity-grid,424.01519302106726,299.347
consumption,home-goods,7309.504659440896,221.042
energy,electricity-grid,877.183621903411,621.17
food,fish,1.9149908804981102,11.048
transport,bicycle,24.20906298546567,-0.16
energy,renewable,555.6705645708153,10.061
energy,electricity-grid,424.13959409229795,300.406
energy,coal,72.35660412409501,75.617
transport,car-gasoline,250.87326161468144,47.561
transport,flight-short,19.482015889192688,3.422
transport,flight-long,288.8194341470797,42.914
food,white-meat,2.271567755130781,16.294
food,white-meat,0.8454319631577543,4.746
transport,car-electric,324.4361006987129,15.858
transport,flight-long,339.40464718476034,50.871
energy,renewable,205.8791404416383,4.41
food,other,1.4285208271565895,5.425
food,vegan,1.9313954306213033,1.684
consumption,electronics,7935.1138190050715,556.12
food,vegetarian,2.825059242925379,3.837
transport,car-electric,185.2159585242816,8.831
food,other,1.6325918934096344,4.555
consumption,other,8895.959601040626,177.822
food,vegetarian,2.0948840793135637,3.651
consumption,other,9523.376706355926,190.28
transport,bicycle,121.0114286256771,0.542
food,vegetarian,2.5495058289744588,5.316
transport,car-electric,414.95951825562685,19.378
food,fish,1.4538419698001177,7.626
food,other,1.1307984896612329,3.305
energy,coal,388.1620886985212,408.887
consumption,home-goods,5382.372012590111,162.341
consumption,home-goods,4684.926469878183,141.02
energy,coal,614.3911956594726,643.229
transport,motorcycle,81.08906030818657,9.647
transport,car-gasoline,462.13638760668783,89.115
consumption,clothing,744.807136588571,12.477
food,white-meat,2.2177271596567767,16.446
transport,walking,145.24754476313825,0.027
energy,natural_gas,729.1959752858882,328.813
energy,coal,323.36101095573446,338.897
transport,motorcycle,184.6508991601889,20.567
transport,bus,212.24609196993813,22.357
food,red-meat,1.6233744974197182,44.997
transport,bicycle,130.6971169806899,-0.88
energy,natural_gas,624.7813974459219,280.561
transport,bus,493.5021066742886,51.14
transport,flight-short,196.71542760387874,47.932
consumption,other,2813.3971598851513,55.863
consumption,electronics,586.7058696442454,42.462
transport,bicycle,30.99875105483425,0.548
food,other,1.7889265380467863,4.583
energy,electricity-grid,125.69261472245577,88.107
transport,train,94.02380243352077,2.784
transport,car-gasoline,50.84683580222784,9.164
energy,electricity-grid,709.1206142665152,503.138
food,vegetarian,2.290501946383942,5.31
transport,train,378.7082861579417,16.329
food,white-meat,0.8804582829914285,5.088
food,red-meat,1.8442050213840417,50.032
food,white-meat,2.1572804569352235,15.137
transport,bicycle,87.2790915436669,0.039
consumption,home-goods,3358.6374527795156,98.601
consumption,home-goods,9175.89384941132,276.162
food,other,1.5107244585124364,5.028
food,white-meat,1.5418471187940084,10.037
energy,coal,271.5379943716409,286.227
energy,coal,951.8325982525162,998.187
consumption,services,7054.589705436369,71.301
food,other,2.9216469933362745,9.282
food,other,1.878379062750329,6.167
transport,bus,297.5218304953808,32.968
food,vegetarian,2.634548179658226,5.146
transport,walking,398.6391847837676,0.324
transport,walking,106.51302076337603,0.454
food,vegan,1.5338493610012902,3.768
transport,train,394.56079578718254,16.176
consumption,electronics,6484.1725236246275,454.563
consumption,other,1808.8580228067622,35.059
consumption,home-goods,5427.1990296540625,162.503
energy,natural_gas,413.10263861385977,186.873
energy,electricity-grid,674.4897050986224,477.708
food,red-meat,1.3263205867175236,35.822
consumption,services,1965.4340348060578,18.392
food,fish,2.6411942346085593,14.047
energy,coal,486.15135608460855,511.009
food,fish,2.474413840512662,11.369
energy,natural_gas,549.0390269350494,247.438
transport,car-gasoline,253.8704748397911,49.172
food,vegan,1.0517617593908095,0.729
food,other,2.9444676060233226,8.249
consumption,services,9750.901553359103,97.968
food,vegan,1.4784977225918925,4.165
food,white-meat,0.7425900284304081,4.09
energy,coal,416.663002557047,436.823
energy,renewable,101.12146298398224,0.034
food,red-meat,0.9166370675088991,24.399
energy,renewable,629.2589501887059,11.261
consumption,electronics,6371.076297293077,446.105
food,red-meat,1.7332355634872008,46.134
consumption,services,6164.032755088871,62.128
food,red-meat,2.3239430789216606,62.267
transport,car-gasoline,387.0056775420977,73.621
transport,bus,128.15846671618272,12.852
food,vegetarian,1.6518133890106454,3.135
energy,renewable,751.3962043411916,13.988
transport,train,241.78446078268388,8.877
consumption,clothing,5654.82978694375,85.56
food,red-meat,1.96942160742042,52.391
consumption,other,9291.180290338218,186.988
transport,bus,498.28047663530106,52.806
energy,renewable,872.4325087128009,16.649
transport,bus,140.82308915940652,15.628
energy,coal,127.24173326029023,133.453
food,fish,2.322165881194781,11.61
transport,flight-long,78.21127247867582,11.377
transport,car-gasoline,137.70749674597738,26.37
consumption,clothing,9012.500065251668,134.941
consumption,home-goods,7367.030163662705,220.091
consumption,clothing,8030.94112681612,121.269
transport,train,390.0408929750288,14.913
energy,coal,454.311873589179,476.753
transport,train,219.41187423324638,8.425
energy,natural_gas,575.3142336712027,258.401
transport,flight-long,246.56626133947466,35.421
transport,bus,146.91332108975777,15.724
energy,electricity-grid,501.06165130438694,354.372
transport,flight-short,143.7159046042891,35.483
energy,natural_gas,74.55388148529708,32.48
transport,bus,201.33751332187046,21.61
food,vegan,1.124773623375151,1.267
transport,motorcycle,199.2814148480039,21.1
consumption,home-goods,4140.887305862514,123.232
energy,coal,490.1908708298904,515.521
energy,renewable,61.00492485358702,1.25
food,white-meat,2.6939957353536172,17.474
consumption,other,9284.478543350544,185.035
transport,flight-long,416.2921510146345,62.009
transport,bicycle,358.41536763481264,-0.848
energy,natural_gas,86.17271744656688,40.703
transport,flight-long,416.72914454175657,62.64
food,fish,1.4107256186879196,6.907
consumption,electronics,5116.82920705254,358.113
transport,bicycle,148.05750310427425,2.204
transport,flight-short,440.0115391289356,111.752
energy,electricity-grid,675.8581094054225,479.607
transport,bicycle,212.45362301386544,0.185
food,fish,0.8701196922586405,3.656
energy,renewable,592.3494910361791,12.153
food,vegetarian,1.18810827491924,1.193
consumption,clothing,4005.393545082912,60.675
food,other,1.5286651656271306,3.098
food,white-meat,0.635954387953471,3.201
food,vegan,0.9256181605650416,3.214
food,white-meat,1.1836447569068118,8.127
transport,flight-long,286.91615157011756,42.092
energy,natural_gas,63.85453501227782,29.47
energy,renewable,107.60573087448614,2.37
consumption,electronics,2853.4350159634987,198.912
transport,train,52.05786837813187,3.01
transport,walking,33.22082820242103,0.135
food,red-meat,1.765048088841514,48.076
energy,natural_gas,413.1984181003107,185.305
transport,car-gasoline,114.29274533195932,22.082
energy,coal,371.6864720477331,389.315
food,white-meat,0.6386056153805776,5.288
transport,car-electric,102.10890361273046,4.768
transport,bicycle,348.33210830385553,0.619
energy,renewable,357.17559349356475,8.192
consumption,other,4583.385476879483,91.294
consumption,electronics,9628.113379358248,675.448
consumption,services,334.36791998270934,3.104
food,vegetarian,0.6987882604110347,0.448
energy,natural_gas,405.52616337182985,181.402
consumption,home-goods,1619.5191272523641,49.681
food,vegetarian,2.6306610671347976,7.195
food,other,2.429562639826165,7.535
consumption,services,3976.9305861098724,39.927
transport,flight-short,388.8431109552608,99.712
food,vegetarian,2.3808240484681353,6.128
transport,flight-long,12.097732958241991,1.83
energy,natural_gas,812.6117502094088,366.678
consumption,electronics,6554.3062573922925,460.485
energy,natural_gas,593.1328241742146,266.744
energy,electricity-grid,841.0074812595961,596.194
food,vegetarian,1.5204100022492946,3.395
food,vegetarian,2.07570913955547,3.162
energy,electricity-grid,679.9557185868927,481.557
transport,car-gasoline,429.7521791469968,82.523
transport,flight-short,281.78984353774814,72.981
food,vegan,1.2062431004879812,2.527
consumption,services,2379.9193791536777,23.383
consumption,home-goods,6874.3116911488805,206.871
energy,natural_gas,304.38793138115705,135.809
consumption,electronics,1536.0232016245207,107.923
energy,renewable,499.4197915464171,9.694
energy,natural_gas,342.06824692567585,152.775
energy,natural_gas,409.5654197438844,184.554
transport,walking,299.42986804352734,0.162
energy,renewable,139.68265216206348,2.191
transport,bicycle,182.38321710632374,-1.722
energy,electricity-grid,48.24174405184933,35.105
consumption,other,7861.915702132319,157.085
food,vegetarian,1.7576143363819892,5.718
consumption,home-goods,7364.737136262292,219.641
energy,natural_gas,695.370540455993,312.964
consumption,services,6593.319032964739,64.757
energy,coal,854.6797983736657,897.759
energy,coal,399.8286311041381,420.159
food,fish,0.9339365546190612,5.083
consumption,services,967.3638139665177,8.118
consumption,clothing,2506.7012106153825,38.733
food,red-meat,2.065459055197071,56.012
food,vegetarian,2.8191144455181365,5.824
consumption,other,5168.062325288082,102.76
consumption,services,3378.3638113544052,33.232
consumption,home-goods,1502.2895179025504,43.956
food,white-meat,2.665733882299337,16.929
transport,train,139.53141008454665,6.915
transport,bicycle,142.10757772192215,-0.602
energy,renewable,959.34482032078,20.004
transport,bicycle,397.4408527212669,0.161
consumption,electronics,6328.388687539773,443.128
energy,electricity-grid,216.5015122187461,153.963
energy,electricity-grid,906.5774465657147,642.026
transport,car-gasoline,296.09526328197177,56.157
energy,coal,870.3135022864288,914.024
energy,natural_gas,652.3677909466859,293.772
food,fish,0.7292120773892146,2.849
energy,electricity-grid,837.8302886759751,592.66
energy,renewable,731.1726316355569,15.47
energy,coal,976.5764525900678,1025.208
food,other,2.809895945596989,9.714
energy,renewable,760.0253350186855,13.695
energy,renewable,787.6386902757274,14.797
consumption,other,4219.175534359236,86.522
transport,motorcycle,416.52222363547446,47.092
transport,walking,325.893000511791,-2.251
transport,car-electric,421.5021460454006,20.867
transport,car-electric,498.4312173283942,23.189
transport,motorcycle,344.0169243738676,38.731
food,other,2.056086090196116,6.645
consumption,home-goods,7086.480076758954,214.056
transport,motorcycle,108.79277139166848,12.142
energy,natural_gas,270.57711101088455,122.323
energy,natural_gas,158.8962476011413,70.682
consumption,other,9545.35872095265,191.164
transport,walking,95.45622645791477,0.294
energy,electricity-grid,185.48967334455563,129.797
energy,electricity-grid,853.6007731821335,604.369
transport,walking,472.00823572752574,-0.74
consumption,other,6101.252829359621,123.881
consumption,electronics,8508.856024104582,597.304
transport,car-gasoline,9.000139868589063,2.081
consumption,electronics,5075.227799111809,355.682
energy,electricity-grid,98.80173771197472,69.43
transport,bus,18.622987688846923,1.537
energy,renewable,800.5863098632793,15.16
transport,train,97.51588097263144,4.317
consumption,other,5328.9330919654885,105.685
food,other,1.6794734528019892,5.455
transport,flight-short,38.22388270722956,12.174
food,other,0.895383358010365,3.578
food,red-meat,0.711196616539914,20.079
food,vegetarian,1.8214267318660708,2.583
energy,coal,818.3572412039289,859.109
consumption,other,955.2063517223485,17.321
transport,walking,168.66431636769087,0.372
food,white-meat,0.8680512642952991,6.2
food,fish,0.6233302163208692,1.998
transport,walking,28.938784758677052,-0.944
transport,train,493.04014219754004,21.444
